RFID,"User Name","User Remark","Payment ID",Location,"Source name","Fetch Count","Vol Taken[L]",Balance[L],Datetime
17392543,"BUKATIRA PS_007",,099008007,"Semuto , Nakaseke","Bukatira PS",55,11.91,4887.89,"27-04-2025 16:39"
17392543,"BUKATIRA PS_007",,099008007,"Semuto , Nakaseke","Bukatira PS",54,0,4899.8,"27-04-2025 16:37"
10010012,"BUKATIRA PS_198",,099008198,"Semuto , Nakaseke","Bukatira PS",230,30.57,364.8,"27-04-2025 16:30"
10010012,"BUKATIRA PS_198",,099008198,"Semuto , Nakaseke","Bukatira PS",229,22.78,395.37,"27-04-2025 16:26"
10010012,"BUKATIRA PS_198",,099008198,"Semuto , Nakaseke","Bukatira PS",228,0,418.16,"27-04-2025 16:23"
10010012,"BUKATIRA PS_198",,099008198,"Semuto , Nakaseke","Bukatira PS",228,54.65,418.16,"27-04-2025 16:20"
10010012,"BUKATIRA PS_198",,099008198,"Semuto , Nakaseke","Bukatira PS",227,0,472.8,"27-04-2025 16:13"
14114519,"BUKATIRA PS_015",,099008015,"Semuto , Nakaseke","Bukatira PS",102,23.44,521.67,"27-04-2025 16:06"
14114519,"BUKATIRA PS_015",,099008015,"Semuto , Nakaseke","Bukatira PS",101,0,545.11,"27-04-2025 16:03"
84221162,"BUKATIRA PS_151",,099008151,"Semuto , Nakaseke","Bukatira PS",199,1.64,2608.23,"27-04-2025 15:49"
84221162,"BUKATIRA PS_151",,099008151,"Semuto , Nakaseke","Bukatira PS",198,2.66,2609.87,"27-04-2025 15:48"
84221162,"BUKATIRA PS_151",,099008151,"Semuto , Nakaseke","Bukatira PS",197,0,2612.53,"27-04-2025 15:48"
84221162,"BUKATIRA PS_151",,099008151,"Semuto , Nakaseke","Bukatira PS",197,0,2612.53,"27-04-2025 15:47"
84221162,"BUKATIRA PS_151",,099008151,"Semuto , Nakaseke","Bukatira PS",196,0,2613.15,"27-04-2025 15:47"
84221162,"BUKATIRA PS_151",,099008151,"Semuto , Nakaseke","Bukatira PS",196,2.25,2613.15,"27-04-2025 15:47"
84221162,"BUKATIRA PS_151",,099008151,"Semuto , Nakaseke","Bukatira PS",195,0,2615.39,"27-04-2025 15:46"
84221162,"BUKATIRA PS_151",,099008151,"Semuto , Nakaseke","Bukatira PS",195,1.06,2615.39,"27-04-2025 15:46"
84221162,"BUKATIRA PS_151",,099008151,"Semuto , Nakaseke","Bukatira PS",194,0.95,2616.45,"27-04-2025 15:45"
84221162,"BUKATIRA PS_151",,099008151,"Semuto , Nakaseke","Bukatira PS",193,0.53,2617.4,"27-04-2025 15:45"
84221162,"BUKATIRA PS_151",,099008151,"Semuto , Nakaseke","Bukatira PS",192,0,2617.94,"27-04-2025 15:45"
84221162,"BUKATIRA PS_151",,099008151,"Semuto , Nakaseke","Bukatira PS",192,2.57,2617.94,"27-04-2025 15:44"
84221162,"BUKATIRA PS_151",,099008151,"Semuto , Nakaseke","Bukatira PS",190,0,2621.06,"27-04-2025 15:44"
84221162,"BUKATIRA PS_151",,099008151,"Semuto , Nakaseke","Bukatira PS",189,0,2621.56,"27-04-2025 15:44"
84221162,"BUKATIRA PS_151",,099008151,"Semuto , Nakaseke","Bukatira PS",188,0,2622.62,"27-04-2025 15:43"
84221162,"BUKATIRA PS_151",,099008151,"Semuto , Nakaseke","Bukatira PS",187,0.83,2623.17,"27-04-2025 15:43"
84221162,"BUKATIRA PS_151",,099008151,"Semuto , Nakaseke","Bukatira PS",186,0,2624,"27-04-2025 15:43"
84221162,"BUKATIRA PS_151",,099008151,"Semuto , Nakaseke","Bukatira PS",185,0,2624.87,"27-04-2025 15:43"
84221162,"BUKATIRA PS_151",,099008151,"Semuto , Nakaseke","Bukatira PS",185,4.84,2624.87,"27-04-2025 15:43"
84221162,"BUKATIRA PS_151",,099008151,"Semuto , Nakaseke","Bukatira PS",184,7.86,2629.7,"27-04-2025 15:42"
84221162,"BUKATIRA PS_151",,099008151,"Semuto , Nakaseke","Bukatira PS",183,0,2637.56,"27-04-2025 15:42"
84221162,"BUKATIRA PS_151",,099008151,"Semuto , Nakaseke","Bukatira PS",183,0,2637.56,"27-04-2025 15:40"
84221162,"BUKATIRA PS_151",,099008151,"Semuto , Nakaseke","Bukatira PS",183,10.33,2637.56,"27-04-2025 15:39"
84221162,"BUKATIRA PS_151",,099008151,"Semuto , Nakaseke","Bukatira PS",182,0.76,2647.89,"27-04-2025 15:38"
84221162,"BUKATIRA PS_151",,099008151,"Semuto , Nakaseke","Bukatira PS",181,0.31,2648.65,"27-04-2025 15:38"
84221162,"BUKATIRA PS_151",,099008151,"Semuto , Nakaseke","Bukatira PS",181,0,2648.65,"27-04-2025 15:38"
36149122,"BUKATIRA PS_166",,099008166,"Semuto , Nakaseke","Bukatira PS",54,0,0,"27-04-2025 15:23"
36149122,"BUKATIRA PS_166",,099008166,"Semuto , Nakaseke","Bukatira PS",54,0,0,"27-04-2025 15:23"
36149122,"BUKATIRA PS_166",,099008166,"Semuto , Nakaseke","Bukatira PS",54,0,0,"27-04-2025 15:23"
36149122,"BUKATIRA PS_166",,099008166,"Semuto , Nakaseke","Bukatira PS",54,0,0,"27-04-2025 15:23"
36149122,"BUKATIRA PS_166",,099008166,"Semuto , Nakaseke","Bukatira PS",54,0,0,"27-04-2025 15:22"
36149122,"BUKATIRA PS_166",,099008166,"Semuto , Nakaseke","Bukatira PS",54,0,0,"27-04-2025 15:22"
36149122,"BUKATIRA PS_166",,099008166,"Semuto , Nakaseke","Bukatira PS",54,0,0,"27-04-2025 15:22"
36149122,"BUKATIRA PS_166",,099008166,"Semuto , Nakaseke","Bukatira PS",54,0,0,"27-04-2025 15:22"
36149122,"BUKATIRA PS_166",,099008166,"Semuto , Nakaseke","Bukatira PS",54,0,0,"27-04-2025 15:21"
36149122,"BUKATIRA PS_166",,099008166,"Semuto , Nakaseke","Bukatira PS",54,0,0,"27-04-2025 15:21"
36149122,"BUKATIRA PS_166",,099008166,"Semuto , Nakaseke","Bukatira PS",54,0,0,"27-04-2025 15:20"
36149122,"BUKATIRA PS_166",,099008166,"Semuto , Nakaseke","Bukatira PS",54,0,0,"27-04-2025 15:20"
36149122,"BUKATIRA PS_166",,099008166,"Semuto , Nakaseke","Bukatira PS",54,0,0,"27-04-2025 15:20"
36149122,"BUKATIRA PS_166",,099008166,"Semuto , Nakaseke","Bukatira PS",54,0,0,"27-04-2025 15:20"
36149122,"BUKATIRA PS_166",,099008166,"Semuto , Nakaseke","Bukatira PS",54,0,0,"27-04-2025 15:19"
36149122,"BUKATIRA PS_166",,099008166,"Semuto , Nakaseke","Bukatira PS",54,0,0,"27-04-2025 15:19"
36149122,"BUKATIRA PS_166",,099008166,"Semuto , Nakaseke","Bukatira PS",54,0,0,"27-04-2025 15:18"
36149122,"BUKATIRA PS_166",,099008166,"Semuto , Nakaseke","Bukatira PS",54,0,0,"27-04-2025 15:18"
36149122,"BUKATIRA PS_166",,099008166,"Semuto , Nakaseke","Bukatira PS",54,0,0,"27-04-2025 15:17"
36149122,"BUKATIRA PS_166",,099008166,"Semuto , Nakaseke","Bukatira PS",54,0,0,"27-04-2025 15:17"
36149122,"BUKATIRA PS_166",,099008166,"Semuto , Nakaseke","Bukatira PS",54,0,0,"27-04-2025 15:17"
36149122,"BUKATIRA PS_166",,099008166,"Semuto , Nakaseke","Bukatira PS",54,0,0,"27-04-2025 15:17"
36149122,"BUKATIRA PS_166",,099008166,"Semuto , Nakaseke","Bukatira PS",54,0,0,"27-04-2025 15:16"
36149122,"BUKATIRA PS_166",,099008166,"Semuto , Nakaseke","Bukatira PS",54,0,0,"27-04-2025 15:16"
36149122,"BUKATIRA PS_166",,099008166,"Semuto , Nakaseke","Bukatira PS",54,0,0,"27-04-2025 15:16"
36149122,"BUKATIRA PS_166",,099008166,"Semuto , Nakaseke","Bukatira PS",54,0,0,"27-04-2025 15:15"
36149122,"BUKATIRA PS_166",,099008166,"Semuto , Nakaseke","Bukatira PS",54,0,0,"27-04-2025 15:15"
36149122,"BUKATIRA PS_166",,099008166,"Semuto , Nakaseke","Bukatira PS",54,0,0,"27-04-2025 15:14"
36149122,"BUKATIRA PS_166",,099008166,"Semuto , Nakaseke","Bukatira PS",54,0,0,"27-04-2025 15:12"
36149122,"BUKATIRA PS_166",,099008166,"Semuto , Nakaseke","Bukatira PS",54,0,0,"27-04-2025 15:11"
36149122,"BUKATIRA PS_166",,099008166,"Semuto , Nakaseke","Bukatira PS",54,0,0,"27-04-2025 15:11"
36149122,"BUKATIRA PS_166",,099008166,"Semuto , Nakaseke","Bukatira PS",54,0,0,"27-04-2025 15:11"
36149122,"BUKATIRA PS_166",,099008166,"Semuto , Nakaseke","Bukatira PS",54,0,0,"27-04-2025 15:11"
36149122,"BUKATIRA PS_166",,099008166,"Semuto , Nakaseke","Bukatira PS",54,7.07,0.46,"27-04-2025 15:10"
36149122,"BUKATIRA PS_166",,099008166,"Semuto , Nakaseke","Bukatira PS",53,0,7.52,"27-04-2025 15:09"
36149122,"BUKATIRA PS_166",,099008166,"Semuto , Nakaseke","Bukatira PS",53,7.23,7.52,"27-04-2025 15:09"
36149122,"BUKATIRA PS_166",,099008166,"Semuto , Nakaseke","Bukatira PS",52,5.16,14.75,"27-04-2025 15:08"
36149122,"BUKATIRA PS_166",,099008166,"Semuto , Nakaseke","Bukatira PS",51,0,19.91,"27-04-2025 15:07"
36149122,"BUKATIRA PS_166",,099008166,"Semuto , Nakaseke","Bukatira PS",51,0.05,19.91,"27-04-2025 15:06"
36149122,"BUKATIRA PS_166",,099008166,"Semuto , Nakaseke","Bukatira PS",51,0,19.91,"27-04-2025 15:06"
36149122,"BUKATIRA PS_166",,099008166,"Semuto , Nakaseke","Bukatira PS",51,0,19.91,"27-04-2025 15:06"
10030117,"BUKATIRA PS_163",,099008163,"Semuto , Nakaseke","Bukatira PS",25,25.14,133.02,"27-04-2025 12:47"
20966422,"BUKATIRA PS_162",,099008162,"Semuto , Nakaseke","Bukatira PS",13,24.23,475.77,"27-04-2025 12:44"
20966422,"BUKATIRA PS_162",,099008162,"Semuto , Nakaseke","Bukatira PS",12,0,500,"27-04-2025 12:40"
14819411,"BUKATIRA PS_155",,099008155,"Semuto , Nakaseke","Bukatira PS",46,9.27,39.68,"27-04-2025 12:32"
14819411,"BUKATIRA PS_155",,099008155,"Semuto , Nakaseke","Bukatira PS",45,2.33,48.95,"27-04-2025 12:30"
14819411,"BUKATIRA PS_155",,099008155,"Semuto , Nakaseke","Bukatira PS",44,0,51.28,"27-04-2025 12:30"
14114519,"BUKATIRA PS_015",,099008015,"Semuto , Nakaseke","Bukatira PS",101,22.63,545.11,"27-04-2025 12:15"
14114519,"BUKATIRA PS_015",,099008015,"Semuto , Nakaseke","Bukatira PS",100,0,567.74,"27-04-2025 12:13"
14815411,"BUKATIRA PS_199",,099008199,"Semuto , Nakaseke","Bukatira PS",7,12.41,747.82,"27-04-2025 12:13"
14815411,"BUKATIRA PS_199",,099008199,"Semuto , Nakaseke","Bukatira PS",6,0,760.23,"27-04-2025 12:11"
14815411,"BUKATIRA PS_199",,099008199,"Semuto , Nakaseke","Bukatira PS",6,22.89,760.23,"27-04-2025 12:11"
14815411,"BUKATIRA PS_199",,099008199,"Semuto , Nakaseke","Bukatira PS",5,0,783.12,"27-04-2025 12:09"
84216121,"BUKATIRA PS_158",,099008158,"Semuto , Nakaseke","Bukatira PS",44,0.68,588.75,"27-04-2025 12:08"
84216121,"BUKATIRA PS_158",,099008158,"Semuto , Nakaseke","Bukatira PS",43,43.07,589.43,"27-04-2025 12:07"
84216121,"BUKATIRA PS_158",,099008158,"Semuto , Nakaseke","Bukatira PS",42,0,632.5,"27-04-2025 12:03"
10913620,"BUKATIRA PS_080",,099008080,"Semuto , Nakaseke","Bukatira PS",32,24.36,390.11,"27-04-2025 11:40"
10913620,"BUKATIRA PS_080",,099008080,"Semuto , Nakaseke","Bukatira PS",31,0,414.47,"27-04-2025 11:38"
10913620,"BUKATIRA PS_080",,099008080,"Semuto , Nakaseke","Bukatira PS",31,23.07,414.47,"27-04-2025 11:37"
10913620,"BUKATIRA PS_080",,099008080,"Semuto , Nakaseke","Bukatira PS",30,0,437.54,"27-04-2025 11:34"
10913620,"BUKATIRA PS_080",,099008080,"Semuto , Nakaseke","Bukatira PS",30,18.73,437.54,"27-04-2025 11:33"
13216411,"BUKATIRA PS_185",,099008185,"Semuto , Nakaseke","Bukatira PS",38,0,177.18,"27-04-2025 11:29"
13216411,"BUKATIRA PS_185",,099008185,"Semuto , Nakaseke","Bukatira PS",38,0,177.18,"27-04-2025 11:29"
13216411,"BUKATIRA PS_185",,099008185,"Semuto , Nakaseke","Bukatira PS",38,23.97,177.18,"27-04-2025 11:28"
13216411,"BUKATIRA PS_185",,099008185,"Semuto , Nakaseke","Bukatira PS",37,0,201.15,"27-04-2025 11:26"
13216411,"BUKATIRA PS_185",,099008185,"Semuto , Nakaseke","Bukatira PS",37,24.12,201.15,"27-04-2025 11:26"
13216411,"BUKATIRA PS_185",,099008185,"Semuto , Nakaseke","Bukatira PS",36,0,225.28,"27-04-2025 11:23"
13217212,"BUKATIRA PS_195",,099008195,"Semuto , Nakaseke","Bukatira PS",66,6.62,193.88,"27-04-2025 11:22"
13217212,"BUKATIRA PS_195",,099008195,"Semuto , Nakaseke","Bukatira PS",65,5.36,200.5,"27-04-2025 11:21"
13217212,"BUKATIRA PS_195",,099008195,"Semuto , Nakaseke","Bukatira PS",64,0,205.85,"27-04-2025 11:20"
13217212,"BUKATIRA PS_195",,099008195,"Semuto , Nakaseke","Bukatira PS",64,13.36,205.85,"27-04-2025 11:20"
13217212,"BUKATIRA PS_195",,099008195,"Semuto , Nakaseke","Bukatira PS",63,0,219.22,"27-04-2025 11:18"
67236128,"BUKATIRA PS_084",,099008084,"Semuto , Nakaseke","Bukatira PS",18,0,605.83,"27-04-2025 11:10"
67236128,"BUKATIRA PS_084",,099008084,"Semuto , Nakaseke","Bukatira PS",18,20.49,605.83,"27-04-2025 11:10"
67236128,"BUKATIRA PS_084",,099008084,"Semuto , Nakaseke","Bukatira PS",17,0,626.33,"27-04-2025 11:04"
15715147,"BUKATIRA PS_060",,099008060,"Semuto , Nakaseke","Bukatira PS",46,2.54,923.44,"27-04-2025 10:59"
15715147,"BUKATIRA PS_060",,099008060,"Semuto , Nakaseke","Bukatira PS",45,0,925.98,"27-04-2025 10:59"
15715147,"BUKATIRA PS_060",,099008060,"Semuto , Nakaseke","Bukatira PS",45,25.73,925.98,"27-04-2025 10:58"
15715147,"BUKATIRA PS_060",,099008060,"Semuto , Nakaseke","Bukatira PS",44,0,951.71,"27-04-2025 10:55"
15715147,"BUKATIRA PS_060",,099008060,"Semuto , Nakaseke","Bukatira PS",44,24.22,951.71,"27-04-2025 10:55"
15715147,"BUKATIRA PS_060",,099008060,"Semuto , Nakaseke","Bukatira PS",43,3.28,975.93,"27-04-2025 10:52"
15715147,"BUKATIRA PS_060",,099008060,"Semuto , Nakaseke","Bukatira PS",42,19.8,979.21,"27-04-2025 10:51"
15715147,"BUKATIRA PS_060",,099008060,"Semuto , Nakaseke","Bukatira PS",41,0,999.01,"27-04-2025 10:48"
15715147,"BUKATIRA PS_060",,099008060,"Semuto , Nakaseke","Bukatira PS",41,21.86,999.01,"27-04-2025 10:47"
10913620,"BUKATIRA PS_080",,099008080,"Semuto , Nakaseke","Bukatira PS",29,7.63,456.27,"27-04-2025 10:44"
10913620,"BUKATIRA PS_080",,099008080,"Semuto , Nakaseke","Bukatira PS",28,2.63,463.9,"27-04-2025 10:41"
10913620,"BUKATIRA PS_080",,099008080,"Semuto , Nakaseke","Bukatira PS",27,0,466.53,"27-04-2025 10:38"
10913620,"BUKATIRA PS_080",,099008080,"Semuto , Nakaseke","Bukatira PS",27,0.63,466.53,"27-04-2025 10:37"
10913620,"BUKATIRA PS_080",,099008080,"Semuto , Nakaseke","Bukatira PS",26,0,467.16,"27-04-2025 10:36"
84216121,"BUKATIRA PS_158",,099008158,"Semuto , Nakaseke","Bukatira PS",42,43.62,632.5,"27-04-2025 10:33"
84216121,"BUKATIRA PS_158",,099008158,"Semuto , Nakaseke","Bukatira PS",41,0,676.12,"27-04-2025 10:29"
13217212,"BUKATIRA PS_195",,099008195,"Semuto , Nakaseke","Bukatira PS",63,12.28,219.22,"27-04-2025 10:28"
10913620,"BUKATIRA PS_080",,099008080,"Semuto , Nakaseke","Bukatira PS",26,42.99,467.16,"27-04-2025 10:28"
10913620,"BUKATIRA PS_080",,099008080,"Semuto , Nakaseke","Bukatira PS",25,0,510.15,"27-04-2025 10:10"
14117521,"BUKATIRA PS_030",,099008030,"Semuto , Nakaseke","Bukatira PS",34,0,144.65,"27-04-2025 09:42"
14117521,"BUKATIRA PS_030",,099008030,"Semuto , Nakaseke","Bukatira PS",34,0,144.65,"27-04-2025 09:42"
14117521,"BUKATIRA PS_030",,099008030,"Semuto , Nakaseke","Bukatira PS",34,0,144.65,"27-04-2025 09:41"
14117521,"BUKATIRA PS_030",,099008030,"Semuto , Nakaseke","Bukatira PS",34,25.05,144.65,"27-04-2025 09:41"
14117521,"BUKATIRA PS_030",,099008030,"Semuto , Nakaseke","Bukatira PS",33,0,169.7,"27-04-2025 09:39"
14117521,"BUKATIRA PS_030",,099008030,"Semuto , Nakaseke","Bukatira PS",33,23.65,169.7,"27-04-2025 09:38"
14117521,"BUKATIRA PS_030",,099008030,"Semuto , Nakaseke","Bukatira PS",32,0,193.35,"27-04-2025 09:36"
14117521,"BUKATIRA PS_030",,099008030,"Semuto , Nakaseke","Bukatira PS",32,24.23,193.35,"27-04-2025 09:36"
14117521,"BUKATIRA PS_030",,099008030,"Semuto , Nakaseke","Bukatira PS",31,0,217.57,"27-04-2025 09:35"
14117521,"BUKATIRA PS_030",,099008030,"Semuto , Nakaseke","Bukatira PS",31,23.88,217.57,"27-04-2025 09:33"
14117521,"BUKATIRA PS_030",,099008030,"Semuto , Nakaseke","Bukatira PS",30,0,241.46,"27-04-2025 09:31"
14117521,"BUKATIRA PS_030",,099008030,"Semuto , Nakaseke","Bukatira PS",30,22.79,241.46,"27-04-2025 09:31"
14117521,"BUKATIRA PS_030",,099008030,"Semuto , Nakaseke","Bukatira PS",29,0,264.25,"27-04-2025 09:29"
14117521,"BUKATIRA PS_030",,099008030,"Semuto , Nakaseke","Bukatira PS",29,22.19,264.25,"27-04-2025 09:28"
14117521,"BUKATIRA PS_030",,099008030,"Semuto , Nakaseke","Bukatira PS",28,0,286.44,"27-04-2025 09:25"
10010012,"BUKATIRA PS_198",,099008198,"Semuto , Nakaseke","Bukatira PS",227,9.49,472.8,"27-04-2025 09:25"
10010012,"BUKATIRA PS_198",,099008198,"Semuto , Nakaseke","Bukatira PS",226,0,482.29,"27-04-2025 09:23"
19626117,"BUKATIRA PS_184",,099008184,"Semuto , Nakaseke","Bukatira PS",18,11.77,489.48,"27-04-2025 09:23"
19626117,"BUKATIRA PS_184",,099008184,"Semuto , Nakaseke","Bukatira PS",17,12.36,501.25,"27-04-2025 09:22"
19626117,"BUKATIRA PS_184",,099008184,"Semuto , Nakaseke","Bukatira PS",16,0,513.61,"27-04-2025 09:20"
10010012,"BUKATIRA PS_198",,099008198,"Semuto , Nakaseke","Bukatira PS",226,22.56,482.29,"27-04-2025 09:19"
10010012,"BUKATIRA PS_198",,099008198,"Semuto , Nakaseke","Bukatira PS",225,0,504.86,"27-04-2025 09:18"
10010012,"BUKATIRA PS_198",,099008198,"Semuto , Nakaseke","Bukatira PS",225,73.4,504.86,"27-04-2025 09:17"
10010012,"BUKATIRA PS_198",,099008198,"Semuto , Nakaseke","Bukatira PS",224,0,578.26,"27-04-2025 09:09"
10010012,"BUKATIRA PS_198",,099008198,"Semuto , Nakaseke","Bukatira PS",224,21.29,578.26,"27-04-2025 09:08"
10010012,"BUKATIRA PS_198",,099008198,"Semuto , Nakaseke","Bukatira PS",223,0,599.54,"27-04-2025 09:05"
10010012,"BUKATIRA PS_198",,099008198,"Semuto , Nakaseke","Bukatira PS",223,0.13,599.54,"27-04-2025 09:05"
10010012,"BUKATIRA PS_198",,099008198,"Semuto , Nakaseke","Bukatira PS",223,0,599.54,"27-04-2025 09:04"
10010012,"BUKATIRA PS_198",,099008198,"Semuto , Nakaseke","Bukatira PS",223,0,599.54,"27-04-2025 09:04"
41161292,"BUKATIRA PS_168",,099008168,"Semuto , Nakaseke","Bukatira PS",31,23.51,2496.29,"27-04-2025 09:00"
41161292,"BUKATIRA PS_168",,099008168,"Semuto , Nakaseke","Bukatira PS",30,0,2519.81,"27-04-2025 08:58"
41161292,"BUKATIRA PS_168",,099008168,"Semuto , Nakaseke","Bukatira PS",30,22.39,2519.81,"27-04-2025 08:58"
41161292,"BUKATIRA PS_168",,099008168,"Semuto , Nakaseke","Bukatira PS",29,0,2542.2,"27-04-2025 08:56"
41161292,"BUKATIRA PS_168",,099008168,"Semuto , Nakaseke","Bukatira PS",29,25.47,2542.2,"27-04-2025 08:56"
41161292,"BUKATIRA PS_168",,099008168,"Semuto , Nakaseke","Bukatira PS",28,0,2567.67,"27-04-2025 08:55"
41161292,"BUKATIRA PS_168",,099008168,"Semuto , Nakaseke","Bukatira PS",28,20.61,67.67,"27-04-2025 08:53"
16475126,"BUKATIRA PS_178",,099008178,"Semuto , Nakaseke","Bukatira PS",92,5.04,359.35,"27-04-2025 08:52"
16475126,"BUKATIRA PS_178",,099008178,"Semuto , Nakaseke","Bukatira PS",91,0,364.39,"27-04-2025 08:50"
16475126,"BUKATIRA PS_178",,099008178,"Semuto , Nakaseke","Bukatira PS",91,11.27,364.39,"27-04-2025 08:50"
16475126,"BUKATIRA PS_178",,099008178,"Semuto , Nakaseke","Bukatira PS",90,0,375.66,"27-04-2025 08:49"
16475126,"BUKATIRA PS_178",,099008178,"Semuto , Nakaseke","Bukatira PS",90,23.84,375.66,"27-04-2025 08:49"
16475126,"BUKATIRA PS_178",,099008178,"Semuto , Nakaseke","Bukatira PS",89,0,399.5,"27-04-2025 08:46"
16475126,"BUKATIRA PS_178",,099008178,"Semuto , Nakaseke","Bukatira PS",89,0.48,399.5,"27-04-2025 08:46"
16475126,"BUKATIRA PS_178",,099008178,"Semuto , Nakaseke","Bukatira PS",89,0,399.5,"27-04-2025 08:46"
14117521,"BUKATIRA PS_030",,099008030,"Semuto , Nakaseke","Bukatira PS",28,49.21,286.44,"27-04-2025 08:45"
14117521,"BUKATIRA PS_030",,099008030,"Semuto , Nakaseke","Bukatira PS",27,0,335.64,"27-04-2025 08:41"
14117521,"BUKATIRA PS_030",,099008030,"Semuto , Nakaseke","Bukatira PS",27,92.47,335.64,"27-04-2025 08:41"
14117521,"BUKATIRA PS_030",,099008030,"Semuto , Nakaseke","Bukatira PS",26,0,428.11,"27-04-2025 08:31"
16411412,"BUKATIRA PS_180",,099008180,"Semuto , Nakaseke","Bukatira PS",55,0,794.44,"27-04-2025 08:15"
16411412,"BUKATIRA PS_180",,099008180,"Semuto , Nakaseke","Bukatira PS",55,0,794.44,"27-04-2025 08:15"
16411412,"BUKATIRA PS_180",,099008180,"Semuto , Nakaseke","Bukatira PS",55,11.19,794.44,"27-04-2025 08:14"
16411412,"BUKATIRA PS_180",,099008180,"Semuto , Nakaseke","Bukatira PS",53,0,806.54,"27-04-2025 08:12"
16411412,"BUKATIRA PS_180",,099008180,"Semuto , Nakaseke","Bukatira PS",53,0,806.54,"27-04-2025 08:11"
14117521,"BUKATIRA PS_030",,099008030,"Semuto , Nakaseke","Bukatira PS",26,142.16,428.11,"27-04-2025 08:11"
14117521,"BUKATIRA PS_030",,099008030,"Semuto , Nakaseke","Bukatira PS",25,0,570.27,"27-04-2025 07:55"
14116622,"BUKATIRA PS_018",,099008018,"Semuto , Nakaseke","Bukatira PS",183,21.22,748.6,"27-04-2025 07:55"
14116622,"BUKATIRA PS_018",,099008018,"Semuto , Nakaseke","Bukatira PS",182,0,769.82,"27-04-2025 07:51"
14116622,"BUKATIRA PS_018",,099008018,"Semuto , Nakaseke","Bukatira PS",182,5.28,769.82,"27-04-2025 07:51"
14116622,"BUKATIRA PS_018",,099008018,"Semuto , Nakaseke","Bukatira PS",181,13.78,775.1,"27-04-2025 07:49"
14116622,"BUKATIRA PS_018",,099008018,"Semuto , Nakaseke","Bukatira PS",180,0,788.88,"27-04-2025 07:47"
14117521,"BUKATIRA PS_030",,099008030,"Semuto , Nakaseke","Bukatira PS",25,48.67,570.27,"27-04-2025 07:22"
14117521,"BUKATIRA PS_030",,099008030,"Semuto , Nakaseke","Bukatira PS",24,0,618.94,"27-04-2025 07:17"
14117521,"BUKATIRA PS_030",,099008030,"Semuto , Nakaseke","Bukatira PS",24,0,618.94,"27-04-2025 07:17"
14117521,"BUKATIRA PS_030",,099008030,"Semuto , Nakaseke","Bukatira PS",24,90.16,618.94,"27-04-2025 07:15"
14117521,"BUKATIRA PS_030",,099008030,"Semuto , Nakaseke","Bukatira PS",23,23.56,709.09,"27-04-2025 07:04"
14117521,"BUKATIRA PS_030",,099008030,"Semuto , Nakaseke","Bukatira PS",22,0,732.66,"27-04-2025 07:02"
14121111,"BUKATIRA PS_044",,099008044,"Semuto , Nakaseke","Bukatira PS",5,12.19,929.52,"27-04-2025 06:54"
14121111,"BUKATIRA PS_044",,099008044,"Semuto , Nakaseke","Bukatira PS",4,0,941.72,"27-04-2025 06:53"
14121111,"BUKATIRA PS_044",,099008044,"Semuto , Nakaseke","Bukatira PS",4,12.16,941.72,"27-04-2025 06:53"
14121111,"BUKATIRA PS_044",,099008044,"Semuto , Nakaseke","Bukatira PS",3,0,953.88,"27-04-2025 06:52"
10913620,"BUKATIRA PS_080",,099008080,"Semuto , Nakaseke","Bukatira PS",25,13.39,510.15,"27-04-2025 06:48"
10913620,"BUKATIRA PS_080",,099008080,"Semuto , Nakaseke","Bukatira PS",24,0,523.54,"27-04-2025 06:44"
14116622,"BUKATIRA PS_018",,099008018,"Semuto , Nakaseke","Bukatira PS",180,11.28,788.88,"27-04-2025 06:43"
14116622,"BUKATIRA PS_018",,099008018,"Semuto , Nakaseke","Bukatira PS",179,0,800.16,"27-04-2025 06:41"
10010012,"BUKATIRA PS_198",,099008198,"Semuto , Nakaseke","Bukatira PS",223,2.98,599.54,"27-04-2025 06:33"
10010012,"BUKATIRA PS_198",,099008198,"Semuto , Nakaseke","Bukatira PS",222,19.84,602.53,"27-04-2025 06:33"
10010012,"BUKATIRA PS_198",,099008198,"Semuto , Nakaseke","Bukatira PS",221,0,622.37,"27-04-2025 06:31"
10010012,"BUKATIRA PS_198",,099008198,"Semuto , Nakaseke","Bukatira PS",221,0,622.37,"27-04-2025 06:30"
10010012,"BUKATIRA PS_198",,099008198,"Semuto , Nakaseke","Bukatira PS",220,25.84,623.25,"27-04-2025 06:30"
10010012,"BUKATIRA PS_198",,099008198,"Semuto , Nakaseke","Bukatira PS",219,24.74,649.1,"27-04-2025 06:27"
10010012,"BUKATIRA PS_198",,099008198,"Semuto , Nakaseke","Bukatira PS",218,0,673.84,"27-04-2025 06:25"
10010012,"BUKATIRA PS_198",,099008198,"Semuto , Nakaseke","Bukatira PS",218,5.5,673.84,"27-04-2025 06:24"
10010012,"BUKATIRA PS_198",,099008198,"Semuto , Nakaseke","Bukatira PS",217,0,679.34,"27-04-2025 06:23"
10010012,"BUKATIRA PS_198",,099008198,"Semuto , Nakaseke","Bukatira PS",217,23.16,679.34,"27-04-2025 06:23"
10010012,"BUKATIRA PS_198",,099008198,"Semuto , Nakaseke","Bukatira PS",216,0,702.5,"27-04-2025 06:20"
10010012,"BUKATIRA PS_198",,099008198,"Semuto , Nakaseke","Bukatira PS",216,21.35,702.5,"27-04-2025 06:20"
10010012,"BUKATIRA PS_198",,099008198,"Semuto , Nakaseke","Bukatira PS",215,0,723.84,"27-04-2025 06:17"
10010012,"BUKATIRA PS_198",,099008198,"Semuto , Nakaseke","Bukatira PS",215,24.2,723.84,"27-04-2025 06:17"
10010012,"BUKATIRA PS_198",,099008198,"Semuto , Nakaseke","Bukatira PS",214,0,748.04,"27-04-2025 06:15"
16411412,"BUKATIRA PS_180",,099008180,"Semuto , Nakaseke","Bukatira PS",53,0,806.54,"27-04-2025 05:56"
16411412,"BUKATIRA PS_180",,099008180,"Semuto , Nakaseke","Bukatira PS",53,0,806.54,"27-04-2025 05:56"
16411412,"BUKATIRA PS_180",,099008180,"Semuto , Nakaseke","Bukatira PS",53,0,806.54,"27-04-2025 05:55"
16411412,"BUKATIRA PS_180",,099008180,"Semuto , Nakaseke","Bukatira PS",53,25.22,806.54,"27-04-2025 05:55"
16411412,"BUKATIRA PS_180",,099008180,"Semuto , Nakaseke","Bukatira PS",52,0,831.76,"27-04-2025 05:52"
16411412,"BUKATIRA PS_180",,099008180,"Semuto , Nakaseke","Bukatira PS",52,0,831.76,"27-04-2025 05:52"
13210132,"BUKATIRA PS_187",,099008187,"Semuto , Nakaseke","Bukatira PS",34,73.16,332.36,"27-04-2025 05:33"
13210132,"BUKATIRA PS_187",,099008187,"Semuto , Nakaseke","Bukatira PS",33,0,305.52,"27-04-2025 05:23"
36788322,"BUKATIRA PS_169",,099008169,"Semuto , Nakaseke","Bukatira PS",28,23.56,652.99,"27-04-2025 04:30"
36788322,"BUKATIRA PS_169",,099008169,"Semuto , Nakaseke","Bukatira PS",27,0,676.55,"27-04-2025 04:27"
36788322,"BUKATIRA PS_169",,099008169,"Semuto , Nakaseke","Bukatira PS",27,23.13,676.55,"27-04-2025 04:26"
36788322,"BUKATIRA PS_169",,099008169,"Semuto , Nakaseke","Bukatira PS",26,0,699.68,"27-04-2025 04:23"
36788322,"BUKATIRA PS_169",,099008169,"Semuto , Nakaseke","Bukatira PS",26,0,699.68,"27-04-2025 04:18"
15725366,"BUKATIRA PS_021",,099008021,"Semuto , Nakaseke","Bukatira PS",24,0.06,385.14,"27-04-2025 03:45"
15725366,"BUKATIRA PS_021",,099008021,"Semuto , Nakaseke","Bukatira PS",24,0,385.14,"27-04-2025 03:43"
36788322,"BUKATIRA PS_169",,099008169,"Semuto , Nakaseke","Bukatira PS",26,0.19,699.68,"27-04-2025 03:39"
36788322,"BUKATIRA PS_169",,099008169,"Semuto , Nakaseke","Bukatira PS",26,0.06,699.68,"27-04-2025 03:38"
36788322,"BUKATIRA PS_169",,099008169,"Semuto , Nakaseke","Bukatira PS",26,0,699.68,"27-04-2025 03:38"
16411412,"BUKATIRA PS_180",,099008180,"Semuto , Nakaseke","Bukatira PS",52,0.16,831.76,"26-04-2025 19:03"
16411412,"BUKATIRA PS_180",,099008180,"Semuto , Nakaseke","Bukatira PS",52,0,831.76,"26-04-2025 19:02"
16411412,"BUKATIRA PS_180",,099008180,"Semuto , Nakaseke","Bukatira PS",52,0.11,831.76,"26-04-2025 19:02"
16411412,"BUKATIRA PS_180",,099008180,"Semuto , Nakaseke","Bukatira PS",52,0,831.76,"26-04-2025 19:01"
15715424,"BUKATIRA PS_076",,099008076,"Semuto , Nakaseke","Bukatira PS",18,0,813.68,"26-04-2025 14:37"
15715424,"BUKATIRA PS_076",,099008076,"Semuto , Nakaseke","Bukatira PS",18,0,813.68,"26-04-2025 14:36"
15715424,"BUKATIRA PS_076",,099008076,"Semuto , Nakaseke","Bukatira PS",18,0,813.68,"26-04-2025 14:36"
10913620,"BUKATIRA PS_080",,099008080,"Semuto , Nakaseke","Bukatira PS",24,0.36,523.54,"26-04-2025 13:45"
10913620,"BUKATIRA PS_080",,099008080,"Semuto , Nakaseke","Bukatira PS",24,0,523.54,"26-04-2025 13:45"
10913620,"BUKATIRA PS_080",,099008080,"Semuto , Nakaseke","Bukatira PS",24,0.38,523.54,"26-04-2025 13:44"
10913620,"BUKATIRA PS_080",,099008080,"Semuto , Nakaseke","Bukatira PS",24,0.11,523.54,"26-04-2025 13:44"
10913620,"BUKATIRA PS_080",,099008080,"Semuto , Nakaseke","Bukatira PS",24,0,523.54,"26-04-2025 13:44"
15766162,"BUKATIRA PS_049",,099008049,"Semuto , Nakaseke","Bukatira PS",45,0,373.37,"26-04-2025 12:47"
15766162,"BUKATIRA PS_049",,099008049,"Semuto , Nakaseke","Bukatira PS",45,0,373.37,"26-04-2025 12:47"
15766162,"BUKATIRA PS_049",,099008049,"Semuto , Nakaseke","Bukatira PS",45,0,373.37,"26-04-2025 12:43"
15766162,"BUKATIRA PS_049",,099008049,"Semuto , Nakaseke","Bukatira PS",45,0,373.37,"26-04-2025 12:43"
15766162,"BUKATIRA PS_049",,099008049,"Semuto , Nakaseke","Bukatira PS",45,0,373.37,"26-04-2025 12:42"
15766162,"BUKATIRA PS_049",,099008049,"Semuto , Nakaseke","Bukatira PS",45,0,373.37,"26-04-2025 12:42"
15766162,"BUKATIRA PS_049",,099008049,"Semuto , Nakaseke","Bukatira PS",45,0,373.37,"26-04-2025 12:42"
15766162,"BUKATIRA PS_049",,099008049,"Semuto , Nakaseke","Bukatira PS",45,0,373.37,"26-04-2025 12:42"
16411412,"BUKATIRA PS_180",,099008180,"Semuto , Nakaseke","Bukatira PS",52,0.03,831.76,"26-04-2025 11:48"
16411412,"BUKATIRA PS_180",,099008180,"Semuto , Nakaseke","Bukatira PS",52,0,831.76,"26-04-2025 11:47"
16411412,"BUKATIRA PS_180",,099008180,"Semuto , Nakaseke","Bukatira PS",52,0,831.76,"26-04-2025 11:47"
68351162,"BUKATIRA PS_161",,099008161,"Semuto , Nakaseke","Bukatira PS",59,0,295.19,"26-04-2025 09:34"
68351162,"BUKATIRA PS_161",,099008161,"Semuto , Nakaseke","Bukatira PS",59,0.22,295.19,"26-04-2025 09:34"
68351162,"BUKATIRA PS_161",,099008161,"Semuto , Nakaseke","Bukatira PS",59,0,295.19,"26-04-2025 09:33"
68351162,"BUKATIRA PS_161",,099008161,"Semuto , Nakaseke","Bukatira PS",59,0.12,295.19,"26-04-2025 09:33"
68351162,"BUKATIRA PS_161",,099008161,"Semuto , Nakaseke","Bukatira PS",59,0,295.19,"26-04-2025 09:33"
68351162,"BUKATIRA PS_161",,099008161,"Semuto , Nakaseke","Bukatira PS",59,0.21,295.19,"26-04-2025 09:32"
68351162,"BUKATIRA PS_161",,099008161,"Semuto , Nakaseke","Bukatira PS",59,0.33,295.19,"26-04-2025 09:32"
68351162,"BUKATIRA PS_161",,099008161,"Semuto , Nakaseke","Bukatira PS",59,0,295.19,"26-04-2025 09:31"
68351162,"BUKATIRA PS_161",,099008161,"Semuto , Nakaseke","Bukatira PS",59,0.11,295.19,"26-04-2025 09:31"
68351162,"BUKATIRA PS_161",,099008161,"Semuto , Nakaseke","Bukatira PS",59,0.11,295.19,"26-04-2025 09:31"
68351162,"BUKATIRA PS_161",,099008161,"Semuto , Nakaseke","Bukatira PS",59,0,295.19,"26-04-2025 09:30"
68351162,"BUKATIRA PS_161",,099008161,"Semuto , Nakaseke","Bukatira PS",59,0.17,295.19,"26-04-2025 09:30"
68351162,"BUKATIRA PS_161",,099008161,"Semuto , Nakaseke","Bukatira PS",59,0.21,295.19,"26-04-2025 09:30"
68351162,"BUKATIRA PS_161",,099008161,"Semuto , Nakaseke","Bukatira PS",59,0,295.19,"26-04-2025 09:29"
68351162,"BUKATIRA PS_161",,099008161,"Semuto , Nakaseke","Bukatira PS",59,0,295.19,"26-04-2025 09:29"
68351162,"BUKATIRA PS_161",,099008161,"Semuto , Nakaseke","Bukatira PS",59,0,295.19,"26-04-2025 09:29"
13217212,"BUKATIRA PS_195",,099008195,"Semuto , Nakaseke","Bukatira PS",62,0.05,231.5,"26-04-2025 08:59"
13217212,"BUKATIRA PS_195",,099008195,"Semuto , Nakaseke","Bukatira PS",62,0,231.5,"26-04-2025 08:59"
20132131,"BUKATIRA PS_200",,099008200,"Semuto , Nakaseke","Bukatira PS",17,0.19,287.8,"26-04-2025 08:37"
20132131,"BUKATIRA PS_200",,099008200,"Semuto , Nakaseke","Bukatira PS",17,0,287.8,"26-04-2025 08:37"
20132131,"BUKATIRA PS_200",,099008200,"Semuto , Nakaseke","Bukatira PS",17,0,287.8,"26-04-2025 08:36"
14118378,"BUKATIRA PS_038",,099008038,"Semuto , Nakaseke","Bukatira PS",1,0.2,956.32,"26-04-2025 07:39"
14118378,"BUKATIRA PS_038",,099008038,"Semuto , Nakaseke","Bukatira PS",1,0,956.32,"26-04-2025 07:39"
14116622,"BUKATIRA PS_018",,099008018,"Semuto , Nakaseke","Bukatira PS",179,0.03,800.16,"26-04-2025 07:10"
15725223,"BUKATIRA PS_006",,099008006,"Semuto , Nakaseke","Bukatira PS",94,0,0,"26-04-2025 07:10"
14116622,"BUKATIRA PS_018",,099008018,"Semuto , Nakaseke","Bukatira PS",179,0.06,800.16,"26-04-2025 07:10"
14116622,"BUKATIRA PS_018",,099008018,"Semuto , Nakaseke","Bukatira PS",179,0,800.16,"26-04-2025 07:09"
14116622,"BUKATIRA PS_018",,099008018,"Semuto , Nakaseke","Bukatira PS",179,0,800.16,"26-04-2025 07:09"
14116622,"BUKATIRA PS_018",,099008018,"Semuto , Nakaseke","Bukatira PS",179,0.26,800.16,"26-04-2025 07:09"
14116622,"BUKATIRA PS_018",,099008018,"Semuto , Nakaseke","Bukatira PS",179,0.37,800.16,"26-04-2025 07:09"
14116622,"BUKATIRA PS_018",,099008018,"Semuto , Nakaseke","Bukatira PS",179,0.14,800.16,"26-04-2025 07:08"
14116622,"BUKATIRA PS_018",,099008018,"Semuto , Nakaseke","Bukatira PS",179,0,800.16,"26-04-2025 07:08"
14116622,"BUKATIRA PS_018",,099008018,"Semuto , Nakaseke","Bukatira PS",179,0,800.16,"26-04-2025 07:08"
14116622,"BUKATIRA PS_018",,099008018,"Semuto , Nakaseke","Bukatira PS",179,0,800.16,"26-04-2025 07:07"
14116622,"BUKATIRA PS_018",,099008018,"Semuto , Nakaseke","Bukatira PS",179,0.14,800.16,"26-04-2025 07:07"
14116622,"BUKATIRA PS_018",,099008018,"Semuto , Nakaseke","Bukatira PS",179,0,800.16,"26-04-2025 07:07"
14116622,"BUKATIRA PS_018",,099008018,"Semuto , Nakaseke","Bukatira PS",179,0.35,800.16,"26-04-2025 07:07"
14116622,"BUKATIRA PS_018",,099008018,"Semuto , Nakaseke","Bukatira PS",179,0.12,800.16,"26-04-2025 07:06"
14116622,"BUKATIRA PS_018",,099008018,"Semuto , Nakaseke","Bukatira PS",179,0,800.16,"26-04-2025 07:06"
14116622,"BUKATIRA PS_018",,099008018,"Semuto , Nakaseke","Bukatira PS",179,0,800.16,"26-04-2025 07:06"
14116622,"BUKATIRA PS_018",,099008018,"Semuto , Nakaseke","Bukatira PS",179,0,800.16,"26-04-2025 07:06"
14116622,"BUKATIRA PS_018",,099008018,"Semuto , Nakaseke","Bukatira PS",179,0,800.16,"26-04-2025 07:05"
14116622,"BUKATIRA PS_018",,099008018,"Semuto , Nakaseke","Bukatira PS",179,0,800.16,"26-04-2025 07:05"
14116622,"BUKATIRA PS_018",,099008018,"Semuto , Nakaseke","Bukatira PS",179,0,800.16,"26-04-2025 07:05"
14116622,"BUKATIRA PS_018",,099008018,"Semuto , Nakaseke","Bukatira PS",179,0.26,800.16,"26-04-2025 07:05"
14116622,"BUKATIRA PS_018",,099008018,"Semuto , Nakaseke","Bukatira PS",179,0,800.16,"26-04-2025 07:04"
14116622,"BUKATIRA PS_018",,099008018,"Semuto , Nakaseke","Bukatira PS",179,0,800.16,"26-04-2025 07:04"
14116622,"BUKATIRA PS_018",,099008018,"Semuto , Nakaseke","Bukatira PS",179,0,800.16,"26-04-2025 07:04"
14116622,"BUKATIRA PS_018",,099008018,"Semuto , Nakaseke","Bukatira PS",179,0,800.16,"26-04-2025 07:03"
14116622,"BUKATIRA PS_018",,099008018,"Semuto , Nakaseke","Bukatira PS",179,0,800.16,"26-04-2025 07:03"
14116622,"BUKATIRA PS_018",,099008018,"Semuto , Nakaseke","Bukatira PS",179,0,800.16,"26-04-2025 07:03"
14116622,"BUKATIRA PS_018",,099008018,"Semuto , Nakaseke","Bukatira PS",179,0.06,800.16,"26-04-2025 07:02"
14116622,"BUKATIRA PS_018",,099008018,"Semuto , Nakaseke","Bukatira PS",179,0,800.16,"26-04-2025 07:02"
14116622,"BUKATIRA PS_018",,099008018,"Semuto , Nakaseke","Bukatira PS",179,0,800.16,"26-04-2025 07:02"
14116622,"BUKATIRA PS_018",,099008018,"Semuto , Nakaseke","Bukatira PS",179,0,800.16,"26-04-2025 07:02"
14116622,"BUKATIRA PS_018",,099008018,"Semuto , Nakaseke","Bukatira PS",179,0,800.16,"26-04-2025 07:02"
14116622,"BUKATIRA PS_018",,099008018,"Semuto , Nakaseke","Bukatira PS",179,0,800.16,"26-04-2025 07:01"
14116622,"BUKATIRA PS_018",,099008018,"Semuto , Nakaseke","Bukatira PS",179,0.27,800.16,"26-04-2025 07:01"
14116622,"BUKATIRA PS_018",,099008018,"Semuto , Nakaseke","Bukatira PS",179,0,800.16,"26-04-2025 07:01"
14116622,"BUKATIRA PS_018",,099008018,"Semuto , Nakaseke","Bukatira PS",179,0,800.16,"26-04-2025 07:01"
14116622,"BUKATIRA PS_018",,099008018,"Semuto , Nakaseke","Bukatira PS",179,0,800.16,"26-04-2025 07:00"
15725223,"BUKATIRA PS_006",,099008006,"Semuto , Nakaseke","Bukatira PS",94,0,0,"26-04-2025 07:00"
14116622,"BUKATIRA PS_018",,099008018,"Semuto , Nakaseke","Bukatira PS",179,0,800.16,"26-04-2025 07:00"
14116622,"BUKATIRA PS_018",,099008018,"Semuto , Nakaseke","Bukatira PS",179,0.22,800.16,"26-04-2025 06:59"
14116622,"BUKATIRA PS_018",,099008018,"Semuto , Nakaseke","Bukatira PS",179,0,800.16,"26-04-2025 06:59"
42071232,"BUKATIRA PS_176",,099008176,"Semuto , Nakaseke","Bukatira PS",56,0,0,"26-04-2025 06:51"
42071232,"BUKATIRA PS_176",,099008176,"Semuto , Nakaseke","Bukatira PS",56,0,0,"26-04-2025 06:51"
42071232,"BUKATIRA PS_176",,099008176,"Semuto , Nakaseke","Bukatira PS",56,0,0,"26-04-2025 06:51"
15710323,"BUKATIRA PS_011",,099008011,"Semuto , Nakaseke","Bukatira PS",13,0,659.93,"26-04-2025 06:28"
15710323,"BUKATIRA PS_011",,099008011,"Semuto , Nakaseke","Bukatira PS",13,0,659.93,"26-04-2025 06:28"
15710323,"BUKATIRA PS_011",,099008011,"Semuto , Nakaseke","Bukatira PS",13,0,659.93,"26-04-2025 06:28"
15710323,"BUKATIRA PS_011",,099008011,"Semuto , Nakaseke","Bukatira PS",13,0,659.93,"26-04-2025 06:26"
15710323,"BUKATIRA PS_011",,099008011,"Semuto , Nakaseke","Bukatira PS",13,0,659.93,"26-04-2025 06:26"
15710323,"BUKATIRA PS_011",,099008011,"Semuto , Nakaseke","Bukatira PS",13,0,659.93,"26-04-2025 06:26"
15710323,"BUKATIRA PS_011",,099008011,"Semuto , Nakaseke","Bukatira PS",13,0,659.93,"26-04-2025 06:26"
15710323,"BUKATIRA PS_011",,099008011,"Semuto , Nakaseke","Bukatira PS",13,0,659.93,"26-04-2025 06:25"
15710323,"BUKATIRA PS_011",,099008011,"Semuto , Nakaseke","Bukatira PS",13,0,659.93,"26-04-2025 06:25"
15710323,"BUKATIRA PS_011",,099008011,"Semuto , Nakaseke","Bukatira PS",13,0.13,659.93,"26-04-2025 06:25"
15710323,"BUKATIRA PS_011",,099008011,"Semuto , Nakaseke","Bukatira PS",13,0,659.93,"26-04-2025 06:25"
15710323,"BUKATIRA PS_011",,099008011,"Semuto , Nakaseke","Bukatira PS",13,0,659.93,"26-04-2025 06:25"
15710323,"BUKATIRA PS_011",,099008011,"Semuto , Nakaseke","Bukatira PS",13,0,659.93,"26-04-2025 06:24"
15710323,"BUKATIRA PS_011",,099008011,"Semuto , Nakaseke","Bukatira PS",13,0,659.93,"26-04-2025 06:22"
15710323,"BUKATIRA PS_011",,099008011,"Semuto , Nakaseke","Bukatira PS",13,0,659.93,"26-04-2025 06:22"
15710323,"BUKATIRA PS_011",,099008011,"Semuto , Nakaseke","Bukatira PS",13,0,659.93,"26-04-2025 06:22"
15710323,"BUKATIRA PS_011",,099008011,"Semuto , Nakaseke","Bukatira PS",13,0,659.93,"26-04-2025 06:22"
15710323,"BUKATIRA PS_011",,099008011,"Semuto , Nakaseke","Bukatira PS",13,0,659.93,"26-04-2025 06:21"
15710323,"BUKATIRA PS_011",,099008011,"Semuto , Nakaseke","Bukatira PS",13,0,659.93,"26-04-2025 06:21"
15710323,"BUKATIRA PS_011",,099008011,"Semuto , Nakaseke","Bukatira PS",13,0.13,659.93,"26-04-2025 06:21"
15710323,"BUKATIRA PS_011",,099008011,"Semuto , Nakaseke","Bukatira PS",13,0.34,659.93,"26-04-2025 06:21"
15710323,"BUKATIRA PS_011",,099008011,"Semuto , Nakaseke","Bukatira PS",13,0,659.93,"26-04-2025 06:20"
15710323,"BUKATIRA PS_011",,099008011,"Semuto , Nakaseke","Bukatira PS",13,0,659.93,"26-04-2025 06:20"
15710323,"BUKATIRA PS_011",,099008011,"Semuto , Nakaseke","Bukatira PS",13,0,659.93,"26-04-2025 06:20"
15710323,"BUKATIRA PS_011",,099008011,"Semuto , Nakaseke","Bukatira PS",13,0.1,659.93,"26-04-2025 06:20"
15710323,"BUKATIRA PS_011",,099008011,"Semuto , Nakaseke","Bukatira PS",13,0.11,659.93,"26-04-2025 06:20"
15710323,"BUKATIRA PS_011",,099008011,"Semuto , Nakaseke","Bukatira PS",13,0.23,659.93,"26-04-2025 06:19"
15710323,"BUKATIRA PS_011",,099008011,"Semuto , Nakaseke","Bukatira PS",13,0,659.93,"26-04-2025 06:19"
15710323,"BUKATIRA PS_011",,099008011,"Semuto , Nakaseke","Bukatira PS",13,0,659.93,"26-04-2025 06:19"
15710323,"BUKATIRA PS_011",,099008011,"Semuto , Nakaseke","Bukatira PS",13,0,659.93,"26-04-2025 06:19"
15710323,"BUKATIRA PS_011",,099008011,"Semuto , Nakaseke","Bukatira PS",13,0.05,659.93,"26-04-2025 06:18"
15710323,"BUKATIRA PS_011",,099008011,"Semuto , Nakaseke","Bukatira PS",13,0,659.93,"26-04-2025 06:18"
15710323,"BUKATIRA PS_011",,099008011,"Semuto , Nakaseke","Bukatira PS",13,0,659.93,"26-04-2025 06:18"
15710323,"BUKATIRA PS_011",,099008011,"Semuto , Nakaseke","Bukatira PS",13,0.08,659.93,"26-04-2025 06:18"
15710323,"BUKATIRA PS_011",,099008011,"Semuto , Nakaseke","Bukatira PS",13,0,659.93,"26-04-2025 06:17"
15710323,"BUKATIRA PS_011",,099008011,"Semuto , Nakaseke","Bukatira PS",13,0,659.93,"26-04-2025 06:17"
15710323,"BUKATIRA PS_011",,099008011,"Semuto , Nakaseke","Bukatira PS",13,0,659.93,"26-04-2025 06:17"
15710323,"BUKATIRA PS_011",,099008011,"Semuto , Nakaseke","Bukatira PS",13,0,659.93,"26-04-2025 06:17"
15710323,"BUKATIRA PS_011",,099008011,"Semuto , Nakaseke","Bukatira PS",13,0,659.93,"26-04-2025 06:16"
15710323,"BUKATIRA PS_011",,099008011,"Semuto , Nakaseke","Bukatira PS",13,0,659.93,"26-04-2025 06:16"
15710323,"BUKATIRA PS_011",,099008011,"Semuto , Nakaseke","Bukatira PS",13,0.14,659.93,"26-04-2025 06:16"
15710323,"BUKATIRA PS_011",,099008011,"Semuto , Nakaseke","Bukatira PS",13,0,659.93,"26-04-2025 06:16"
15710323,"BUKATIRA PS_011",,099008011,"Semuto , Nakaseke","Bukatira PS",13,0,659.93,"26-04-2025 06:15"
15710323,"BUKATIRA PS_011",,099008011,"Semuto , Nakaseke","Bukatira PS",13,0,659.93,"26-04-2025 06:15"
15710323,"BUKATIRA PS_011",,099008011,"Semuto , Nakaseke","Bukatira PS",13,0.23,659.93,"26-04-2025 06:15"
15710323,"BUKATIRA PS_011",,099008011,"Semuto , Nakaseke","Bukatira PS",13,0.19,659.93,"26-04-2025 06:15"
15710323,"BUKATIRA PS_011",,099008011,"Semuto , Nakaseke","Bukatira PS",13,0,659.93,"26-04-2025 06:14"
15710323,"BUKATIRA PS_011",,099008011,"Semuto , Nakaseke","Bukatira PS",13,0,659.93,"26-04-2025 06:14"
15710323,"BUKATIRA PS_011",,099008011,"Semuto , Nakaseke","Bukatira PS",13,0,659.93,"26-04-2025 06:14"
15710323,"BUKATIRA PS_011",,099008011,"Semuto , Nakaseke","Bukatira PS",13,0,659.93,"26-04-2025 06:14"
15710323,"BUKATIRA PS_011",,099008011,"Semuto , Nakaseke","Bukatira PS",13,0,659.93,"26-04-2025 06:13"
15710323,"BUKATIRA PS_011",,099008011,"Semuto , Nakaseke","Bukatira PS",13,0.29,659.93,"26-04-2025 06:13"
15710323,"BUKATIRA PS_011",,099008011,"Semuto , Nakaseke","Bukatira PS",13,0,659.93,"26-04-2025 06:13"
15710323,"BUKATIRA PS_011",,099008011,"Semuto , Nakaseke","Bukatira PS",13,0,659.93,"26-04-2025 06:13"
15710323,"BUKATIRA PS_011",,099008011,"Semuto , Nakaseke","Bukatira PS",13,0.22,659.93,"26-04-2025 06:12"
15710323,"BUKATIRA PS_011",,099008011,"Semuto , Nakaseke","Bukatira PS",13,0.26,659.93,"26-04-2025 06:12"
15710323,"BUKATIRA PS_011",,099008011,"Semuto , Nakaseke","Bukatira PS",13,0.23,659.93,"26-04-2025 06:11"
15710323,"BUKATIRA PS_011",,099008011,"Semuto , Nakaseke","Bukatira PS",13,0,659.93,"26-04-2025 06:11"
15710323,"BUKATIRA PS_011",,099008011,"Semuto , Nakaseke","Bukatira PS",13,0.18,659.93,"26-04-2025 06:11"
15710323,"BUKATIRA PS_011",,099008011,"Semuto , Nakaseke","Bukatira PS",13,0.13,659.93,"26-04-2025 06:11"
15710323,"BUKATIRA PS_011",,099008011,"Semuto , Nakaseke","Bukatira PS",13,0.05,659.93,"26-04-2025 06:10"
15710323,"BUKATIRA PS_011",,099008011,"Semuto , Nakaseke","Bukatira PS",13,0.16,659.93,"26-04-2025 06:10"
15710323,"BUKATIRA PS_011",,099008011,"Semuto , Nakaseke","Bukatira PS",13,0.19,659.93,"26-04-2025 06:10"
15710323,"BUKATIRA PS_011",,099008011,"Semuto , Nakaseke","Bukatira PS",13,0.23,659.93,"26-04-2025 06:09"
15710323,"BUKATIRA PS_011",,099008011,"Semuto , Nakaseke","Bukatira PS",13,0.19,659.93,"26-04-2025 06:09"
15710323,"BUKATIRA PS_011",,099008011,"Semuto , Nakaseke","Bukatira PS",13,0,659.93,"26-04-2025 06:08"
15710323,"BUKATIRA PS_011",,099008011,"Semuto , Nakaseke","Bukatira PS",13,0.1,659.93,"26-04-2025 06:08"
15710323,"BUKATIRA PS_011",,099008011,"Semuto , Nakaseke","Bukatira PS",13,0,659.93,"26-04-2025 06:08"
15710323,"BUKATIRA PS_011",,099008011,"Semuto , Nakaseke","Bukatira PS",13,0.22,659.93,"26-04-2025 06:08"
15710323,"BUKATIRA PS_011",,099008011,"Semuto , Nakaseke","Bukatira PS",13,0,659.93,"26-04-2025 06:07"
15710323,"BUKATIRA PS_011",,099008011,"Semuto , Nakaseke","Bukatira PS",13,0.05,659.93,"26-04-2025 06:05"
15710323,"BUKATIRA PS_011",,099008011,"Semuto , Nakaseke","Bukatira PS",13,0,659.93,"26-04-2025 06:05"
15710323,"BUKATIRA PS_011",,099008011,"Semuto , Nakaseke","Bukatira PS",13,0.05,659.93,"26-04-2025 06:05"
15710323,"BUKATIRA PS_011",,099008011,"Semuto , Nakaseke","Bukatira PS",13,0.12,659.93,"26-04-2025 06:05"
15710323,"BUKATIRA PS_011",,099008011,"Semuto , Nakaseke","Bukatira PS",13,0,659.93,"26-04-2025 06:04"
15710323,"BUKATIRA PS_011",,099008011,"Semuto , Nakaseke","Bukatira PS",13,0,659.93,"26-04-2025 06:04"
15710323,"BUKATIRA PS_011",,099008011,"Semuto , Nakaseke","Bukatira PS",13,0,659.93,"26-04-2025 06:04"
15710323,"BUKATIRA PS_011",,099008011,"Semuto , Nakaseke","Bukatira PS",13,0.13,659.93,"26-04-2025 06:04"
15710323,"BUKATIRA PS_011",,099008011,"Semuto , Nakaseke","Bukatira PS",13,0.03,659.93,"26-04-2025 06:03"
15710323,"BUKATIRA PS_011",,099008011,"Semuto , Nakaseke","Bukatira PS",13,0.05,659.93,"26-04-2025 06:03"
15710323,"BUKATIRA PS_011",,099008011,"Semuto , Nakaseke","Bukatira PS",13,0,659.93,"26-04-2025 06:02"
15710323,"BUKATIRA PS_011",,099008011,"Semuto , Nakaseke","Bukatira PS",13,0,659.93,"26-04-2025 06:02"
15710323,"BUKATIRA PS_011",,099008011,"Semuto , Nakaseke","Bukatira PS",13,0.46,659.93,"26-04-2025 06:02"
15710323,"BUKATIRA PS_011",,099008011,"Semuto , Nakaseke","Bukatira PS",13,0,659.93,"26-04-2025 06:01"
15710323,"BUKATIRA PS_011",,099008011,"Semuto , Nakaseke","Bukatira PS",13,0,659.93,"26-04-2025 06:01"
15710323,"BUKATIRA PS_011",,099008011,"Semuto , Nakaseke","Bukatira PS",13,0.11,659.93,"26-04-2025 06:01"
15710323,"BUKATIRA PS_011",,099008011,"Semuto , Nakaseke","Bukatira PS",13,0.17,659.93,"26-04-2025 06:01"
15710323,"BUKATIRA PS_011",,099008011,"Semuto , Nakaseke","Bukatira PS",13,0.17,659.93,"26-04-2025 06:00"
15710323,"BUKATIRA PS_011",,099008011,"Semuto , Nakaseke","Bukatira PS",13,0.23,659.93,"26-04-2025 06:00"
15710323,"BUKATIRA PS_011",,099008011,"Semuto , Nakaseke","Bukatira PS",13,0.12,659.93,"26-04-2025 05:59"
15710323,"BUKATIRA PS_011",,099008011,"Semuto , Nakaseke","Bukatira PS",13,0,659.93,"26-04-2025 05:58"
15710323,"BUKATIRA PS_011",,099008011,"Semuto , Nakaseke","Bukatira PS",13,0.24,659.93,"26-04-2025 05:58"
15710323,"BUKATIRA PS_011",,099008011,"Semuto , Nakaseke","Bukatira PS",13,0,659.93,"26-04-2025 05:57"
15710323,"BUKATIRA PS_011",,099008011,"Semuto , Nakaseke","Bukatira PS",13,0,659.93,"26-04-2025 05:56"
15710323,"BUKATIRA PS_011",,099008011,"Semuto , Nakaseke","Bukatira PS",13,0,659.93,"26-04-2025 05:55"
15710323,"BUKATIRA PS_011",,099008011,"Semuto , Nakaseke","Bukatira PS",13,0,659.93,"26-04-2025 05:55"
16411412,"BUKATIRA PS_180",,099008180,"Semuto , Nakaseke","Bukatira PS",52,0.11,831.76,"26-04-2025 05:47"
16411412,"BUKATIRA PS_180",,099008180,"Semuto , Nakaseke","Bukatira PS",52,0,831.76,"26-04-2025 05:46"
14819411,"BUKATIRA PS_155",,099008155,"Semuto , Nakaseke","Bukatira PS",44,0.12,51.28,"26-04-2025 05:42"
14819411,"BUKATIRA PS_155",,099008155,"Semuto , Nakaseke","Bukatira PS",44,0,51.28,"26-04-2025 05:41"
14819411,"BUKATIRA PS_155",,099008155,"Semuto , Nakaseke","Bukatira PS",44,0.03,51.28,"26-04-2025 05:41"
14819411,"BUKATIRA PS_155",,099008155,"Semuto , Nakaseke","Bukatira PS",44,1.29,51.28,"26-04-2025 05:41"
14819411,"BUKATIRA PS_155",,099008155,"Semuto , Nakaseke","Bukatira PS",43,0,52.57,"26-04-2025 05:40"
14819411,"BUKATIRA PS_155",,099008155,"Semuto , Nakaseke","Bukatira PS",43,0.12,52.57,"26-04-2025 05:40"
14819411,"BUKATIRA PS_155",,099008155,"Semuto , Nakaseke","Bukatira PS",43,0,52.57,"26-04-2025 05:40"
14819411,"BUKATIRA PS_155",,099008155,"Semuto , Nakaseke","Bukatira PS",43,0,52.57,"26-04-2025 05:40"
14819411,"BUKATIRA PS_155",,099008155,"Semuto , Nakaseke","Bukatira PS",43,0.05,52.57,"26-04-2025 05:39"
14819411,"BUKATIRA PS_155",,099008155,"Semuto , Nakaseke","Bukatira PS",43,0,52.57,"26-04-2025 05:39"
14819411,"BUKATIRA PS_155",,099008155,"Semuto , Nakaseke","Bukatira PS",43,0,52.57,"26-04-2025 05:38"
14819411,"BUKATIRA PS_155",,099008155,"Semuto , Nakaseke","Bukatira PS",43,0.74,52.57,"26-04-2025 05:38"
14819411,"BUKATIRA PS_155",,099008155,"Semuto , Nakaseke","Bukatira PS",42,0.35,53.31,"26-04-2025 05:38"
14819411,"BUKATIRA PS_155",,099008155,"Semuto , Nakaseke","Bukatira PS",42,0,53.31,"26-04-2025 05:38"
14819411,"BUKATIRA PS_155",,099008155,"Semuto , Nakaseke","Bukatira PS",42,0,53.31,"26-04-2025 05:37"
14819411,"BUKATIRA PS_155",,099008155,"Semuto , Nakaseke","Bukatira PS",42,0,53.31,"26-04-2025 05:37"
10010012,"BUKATIRA PS_198",,099008198,"Semuto , Nakaseke","Bukatira PS",214,0,748.04,"26-04-2025 05:36"
10010012,"BUKATIRA PS_198",,099008198,"Semuto , Nakaseke","Bukatira PS",214,0,748.04,"26-04-2025 05:35"
14819411,"BUKATIRA PS_155",,099008155,"Semuto , Nakaseke","Bukatira PS",42,0,53.31,"26-04-2025 05:35"
14819411,"BUKATIRA PS_155",,099008155,"Semuto , Nakaseke","Bukatira PS",42,0.1,53.31,"26-04-2025 05:35"
14819411,"BUKATIRA PS_155",,099008155,"Semuto , Nakaseke","Bukatira PS",42,0,53.31,"26-04-2025 05:33"
14819411,"BUKATIRA PS_155",,099008155,"Semuto , Nakaseke","Bukatira PS",42,0.15,53.31,"26-04-2025 05:33"
14819411,"BUKATIRA PS_155",,099008155,"Semuto , Nakaseke","Bukatira PS",42,0,53.31,"26-04-2025 05:33"
14819411,"BUKATIRA PS_155",,099008155,"Semuto , Nakaseke","Bukatira PS",42,0.04,53.31,"26-04-2025 05:32"
14819411,"BUKATIRA PS_155",,099008155,"Semuto , Nakaseke","Bukatira PS",42,0.04,53.31,"26-04-2025 05:31"
14819411,"BUKATIRA PS_155",,099008155,"Semuto , Nakaseke","Bukatira PS",42,0.16,53.31,"26-04-2025 05:31"
14819411,"BUKATIRA PS_155",,099008155,"Semuto , Nakaseke","Bukatira PS",42,0,53.31,"26-04-2025 05:31"
14819411,"BUKATIRA PS_155",,099008155,"Semuto , Nakaseke","Bukatira PS",42,0.12,53.31,"26-04-2025 05:30"
14819411,"BUKATIRA PS_155",,099008155,"Semuto , Nakaseke","Bukatira PS",42,0.14,53.31,"26-04-2025 05:30"
14819411,"BUKATIRA PS_155",,099008155,"Semuto , Nakaseke","Bukatira PS",42,0,53.31,"26-04-2025 05:29"
16411412,"BUKATIRA PS_180",,099008180,"Semuto , Nakaseke","Bukatira PS",52,0.18,831.76,"26-04-2025 04:55"
36788322,"BUKATIRA PS_169",,099008169,"Semuto , Nakaseke","Bukatira PS",26,0.28,699.68,"26-04-2025 04:55"
36788322,"BUKATIRA PS_169",,099008169,"Semuto , Nakaseke","Bukatira PS",26,0.11,699.68,"26-04-2025 04:55"
36788322,"BUKATIRA PS_169",,099008169,"Semuto , Nakaseke","Bukatira PS",26,0,699.68,"26-04-2025 04:52"
36788322,"BUKATIRA PS_169",,099008169,"Semuto , Nakaseke","Bukatira PS",26,0.17,699.68,"26-04-2025 04:52"
36788322,"BUKATIRA PS_169",,099008169,"Semuto , Nakaseke","Bukatira PS",26,0.16,699.68,"26-04-2025 04:52"
36788322,"BUKATIRA PS_169",,099008169,"Semuto , Nakaseke","Bukatira PS",26,0,699.68,"26-04-2025 04:49"
14119114,"BUKATIRA PS_009",,099008009,"Semuto , Nakaseke","Bukatira PS",29,0.25,35.23,"26-04-2025 04:49"
14119114,"BUKATIRA PS_009",,099008009,"Semuto , Nakaseke","Bukatira PS",29,0.1,35.23,"26-04-2025 04:48"
14119114,"BUKATIRA PS_009",,099008009,"Semuto , Nakaseke","Bukatira PS",29,0,35.23,"26-04-2025 04:48"
16421812,"BUKATIRA PS_197",,099008197,"Semuto , Nakaseke","Bukatira PS",63,0,161.13,"26-04-2025 04:25"
16421812,"BUKATIRA PS_197",,099008197,"Semuto , Nakaseke","Bukatira PS",63,0.13,161.13,"26-04-2025 04:25"
15795832,"BUKATIRA PS_014",,099008014,"Semuto , Nakaseke","Bukatira PS",5,0.29,577.58,"26-04-2025 04:25"
16421812,"BUKATIRA PS_197",,099008197,"Semuto , Nakaseke","Bukatira PS",63,0.24,161.13,"26-04-2025 04:24"
15795832,"BUKATIRA PS_014",,099008014,"Semuto , Nakaseke","Bukatira PS",5,0,577.58,"26-04-2025 04:24"
16421812,"BUKATIRA PS_197",,099008197,"Semuto , Nakaseke","Bukatira PS",63,0,161.13,"26-04-2025 04:24"
16421812,"BUKATIRA PS_197",,099008197,"Semuto , Nakaseke","Bukatira PS",63,0,161.13,"26-04-2025 04:23"
16421812,"BUKATIRA PS_197",,099008197,"Semuto , Nakaseke","Bukatira PS",63,0,161.13,"26-04-2025 04:23"
16421812,"BUKATIRA PS_197",,099008197,"Semuto , Nakaseke","Bukatira PS",63,0,161.13,"26-04-2025 04:23"
16421812,"BUKATIRA PS_197",,099008197,"Semuto , Nakaseke","Bukatira PS",63,0.18,161.13,"26-04-2025 04:22"
16421812,"BUKATIRA PS_197",,099008197,"Semuto , Nakaseke","Bukatira PS",63,0,161.13,"26-04-2025 04:22"
16421812,"BUKATIRA PS_197",,099008197,"Semuto , Nakaseke","Bukatira PS",63,0.09,161.13,"26-04-2025 04:22"
16421812,"BUKATIRA PS_197",,099008197,"Semuto , Nakaseke","Bukatira PS",63,0.49,161.13,"26-04-2025 04:21"
16421812,"BUKATIRA PS_197",,099008197,"Semuto , Nakaseke","Bukatira PS",63,0.17,161.13,"26-04-2025 04:21"
16421812,"BUKATIRA PS_197",,099008197,"Semuto , Nakaseke","Bukatira PS",63,0,161.13,"26-04-2025 04:21"
16421812,"BUKATIRA PS_197",,099008197,"Semuto , Nakaseke","Bukatira PS",63,0,161.13,"26-04-2025 04:21"
16421812,"BUKATIRA PS_197",,099008197,"Semuto , Nakaseke","Bukatira PS",63,0,161.13,"26-04-2025 04:20"
16421812,"BUKATIRA PS_197",,099008197,"Semuto , Nakaseke","Bukatira PS",63,0.17,161.13,"26-04-2025 04:20"
16421812,"BUKATIRA PS_197",,099008197,"Semuto , Nakaseke","Bukatira PS",63,0,161.13,"26-04-2025 04:19"
16421812,"BUKATIRA PS_197",,099008197,"Semuto , Nakaseke","Bukatira PS",63,0.27,161.13,"26-04-2025 04:19"
16421812,"BUKATIRA PS_197",,099008197,"Semuto , Nakaseke","Bukatira PS",63,0.19,161.13,"26-04-2025 04:19"
16421812,"BUKATIRA PS_197",,099008197,"Semuto , Nakaseke","Bukatira PS",63,0.28,161.13,"26-04-2025 04:18"
16421812,"BUKATIRA PS_197",,099008197,"Semuto , Nakaseke","Bukatira PS",63,0.33,161.13,"26-04-2025 04:18"
16421812,"BUKATIRA PS_197",,099008197,"Semuto , Nakaseke","Bukatira PS",63,0.3,161.13,"26-04-2025 04:18"
16421812,"BUKATIRA PS_197",,099008197,"Semuto , Nakaseke","Bukatira PS",63,0,161.13,"26-04-2025 04:17"
16421812,"BUKATIRA PS_197",,099008197,"Semuto , Nakaseke","Bukatira PS",63,0.23,161.13,"26-04-2025 04:17"
16421812,"BUKATIRA PS_197",,099008197,"Semuto , Nakaseke","Bukatira PS",63,0,161.13,"26-04-2025 04:17"
16421812,"BUKATIRA PS_197",,099008197,"Semuto , Nakaseke","Bukatira PS",63,0.16,161.13,"26-04-2025 04:17"
16421812,"BUKATIRA PS_197",,099008197,"Semuto , Nakaseke","Bukatira PS",63,0,161.13,"26-04-2025 04:16"
16421812,"BUKATIRA PS_197",,099008197,"Semuto , Nakaseke","Bukatira PS",63,0,161.13,"26-04-2025 04:16"
16421812,"BUKATIRA PS_197",,099008197,"Semuto , Nakaseke","Bukatira PS",63,0.15,161.13,"26-04-2025 04:16"
16421812,"BUKATIRA PS_197",,099008197,"Semuto , Nakaseke","Bukatira PS",63,0,161.13,"26-04-2025 04:16"
16421812,"BUKATIRA PS_197",,099008197,"Semuto , Nakaseke","Bukatira PS",63,0.21,161.13,"26-04-2025 04:15"
16421812,"BUKATIRA PS_197",,099008197,"Semuto , Nakaseke","Bukatira PS",63,0.13,161.13,"26-04-2025 04:15"
16421812,"BUKATIRA PS_197",,099008197,"Semuto , Nakaseke","Bukatira PS",63,0,161.13,"26-04-2025 04:14"
16421812,"BUKATIRA PS_197",,099008197,"Semuto , Nakaseke","Bukatira PS",63,0,161.13,"26-04-2025 04:14"
14114519,"BUKATIRA PS_015",,099008015,"Semuto , Nakaseke","Bukatira PS",100,0,567.74,"26-04-2025 04:04"
14114519,"BUKATIRA PS_015",,099008015,"Semuto , Nakaseke","Bukatira PS",100,0,567.74,"26-04-2025 04:02"
14114519,"BUKATIRA PS_015",,099008015,"Semuto , Nakaseke","Bukatira PS",100,0,567.74,"26-04-2025 03:59"
14114519,"BUKATIRA PS_015",,099008015,"Semuto , Nakaseke","Bukatira PS",100,0,567.74,"26-04-2025 03:59"
14114519,"BUKATIRA PS_015",,099008015,"Semuto , Nakaseke","Bukatira PS",100,0,567.74,"26-04-2025 03:57"
20966422,"BUKATIRA PS_162",,099008162,"Semuto , Nakaseke","Bukatira PS",12,0,500,"25-04-2025 15:52"
20966422,"BUKATIRA PS_162",,099008162,"Semuto , Nakaseke","Bukatira PS",12,0,500,"25-04-2025 15:51"
10010012,"BUKATIRA PS_198",,099008198,"Semuto , Nakaseke","Bukatira PS",214,0.16,748.04,"25-04-2025 15:40"
10010012,"BUKATIRA PS_198",,099008198,"Semuto , Nakaseke","Bukatira PS",214,0,748.04,"25-04-2025 15:39"
10010012,"BUKATIRA PS_198",,099008198,"Semuto , Nakaseke","Bukatira PS",214,0,748.04,"25-04-2025 15:39"
10010012,"BUKATIRA PS_198",,099008198,"Semuto , Nakaseke","Bukatira PS",214,0.19,748.04,"25-04-2025 15:39"
10010012,"BUKATIRA PS_198",,099008198,"Semuto , Nakaseke","Bukatira PS",214,0,748.04,"25-04-2025 15:38"
10010012,"BUKATIRA PS_198",,099008198,"Semuto , Nakaseke","Bukatira PS",214,0.26,748.04,"25-04-2025 15:38"
10010012,"BUKATIRA PS_198",,099008198,"Semuto , Nakaseke","Bukatira PS",214,0.15,748.04,"25-04-2025 15:38"
10010012,"BUKATIRA PS_198",,099008198,"Semuto , Nakaseke","Bukatira PS",214,0.11,748.04,"25-04-2025 15:38"
10010012,"BUKATIRA PS_198",,099008198,"Semuto , Nakaseke","Bukatira PS",214,0,748.04,"25-04-2025 15:37"
13245115,"BUKATIRA PS_177",,099008177,"Semuto , Nakaseke","Bukatira PS",61,0,34.49,"25-04-2025 15:24"
14114519,"BUKATIRA PS_015",,099008015,"Semuto , Nakaseke","Bukatira PS",100,0.3,567.74,"25-04-2025 15:24"
14114519,"BUKATIRA PS_015",,099008015,"Semuto , Nakaseke","Bukatira PS",100,0.37,567.74,"25-04-2025 15:24"
14114519,"BUKATIRA PS_015",,099008015,"Semuto , Nakaseke","Bukatira PS",100,0,567.74,"25-04-2025 15:24"
14114519,"BUKATIRA PS_015",,099008015,"Semuto , Nakaseke","Bukatira PS",100,0,567.74,"25-04-2025 15:23"
14114519,"BUKATIRA PS_015",,099008015,"Semuto , Nakaseke","Bukatira PS",100,0,567.74,"25-04-2025 15:23"
14114519,"BUKATIRA PS_015",,099008015,"Semuto , Nakaseke","Bukatira PS",100,0,567.74,"25-04-2025 15:11"
14114519,"BUKATIRA PS_015",,099008015,"Semuto , Nakaseke","Bukatira PS",100,0,567.74,"25-04-2025 15:01"
14114519,"BUKATIRA PS_015",,099008015,"Semuto , Nakaseke","Bukatira PS",100,0.31,567.74,"25-04-2025 15:01"
14114519,"BUKATIRA PS_015",,099008015,"Semuto , Nakaseke","Bukatira PS",100,0.18,567.74,"25-04-2025 15:01"
14114519,"BUKATIRA PS_015",,099008015,"Semuto , Nakaseke","Bukatira PS",100,0,567.74,"25-04-2025 15:00"
14114519,"BUKATIRA PS_015",,099008015,"Semuto , Nakaseke","Bukatira PS",100,0,567.74,"25-04-2025 15:00"
14114519,"BUKATIRA PS_015",,099008015,"Semuto , Nakaseke","Bukatira PS",100,0,567.74,"25-04-2025 15:00"
14114519,"BUKATIRA PS_015",,099008015,"Semuto , Nakaseke","Bukatira PS",100,0,567.74,"25-04-2025 14:55"
14114519,"BUKATIRA PS_015",,099008015,"Semuto , Nakaseke","Bukatira PS",100,0,567.74,"25-04-2025 14:55"
14114519,"BUKATIRA PS_015",,099008015,"Semuto , Nakaseke","Bukatira PS",100,0,567.74,"25-04-2025 14:55"
14114519,"BUKATIRA PS_015",,099008015,"Semuto , Nakaseke","Bukatira PS",100,0.03,567.74,"25-04-2025 14:54"
14114519,"BUKATIRA PS_015",,099008015,"Semuto , Nakaseke","Bukatira PS",100,0,567.74,"25-04-2025 14:54"
14114519,"BUKATIRA PS_015",,099008015,"Semuto , Nakaseke","Bukatira PS",100,0.01,567.74,"25-04-2025 14:54"
14114519,"BUKATIRA PS_015",,099008015,"Semuto , Nakaseke","Bukatira PS",100,0,567.74,"25-04-2025 14:54"
14114519,"BUKATIRA PS_015",,099008015,"Semuto , Nakaseke","Bukatira PS",100,0.21,567.74,"25-04-2025 14:53"
14114519,"BUKATIRA PS_015",,099008015,"Semuto , Nakaseke","Bukatira PS",100,0,567.74,"25-04-2025 14:52"
14114519,"BUKATIRA PS_015",,099008015,"Semuto , Nakaseke","Bukatira PS",100,0.16,567.74,"25-04-2025 14:52"
14114519,"BUKATIRA PS_015",,099008015,"Semuto , Nakaseke","Bukatira PS",100,0.29,567.74,"25-04-2025 14:52"
14114519,"BUKATIRA PS_015",,099008015,"Semuto , Nakaseke","Bukatira PS",100,0.2,567.74,"25-04-2025 14:51"
14114519,"BUKATIRA PS_015",,099008015,"Semuto , Nakaseke","Bukatira PS",100,0.19,567.74,"25-04-2025 14:50"
14114519,"BUKATIRA PS_015",,099008015,"Semuto , Nakaseke","Bukatira PS",100,0.25,567.74,"25-04-2025 14:50"
14114519,"BUKATIRA PS_015",,099008015,"Semuto , Nakaseke","Bukatira PS",100,0,567.74,"25-04-2025 14:50"
14114519,"BUKATIRA PS_015",,099008015,"Semuto , Nakaseke","Bukatira PS",100,0.27,567.74,"25-04-2025 14:49"
14114519,"BUKATIRA PS_015",,099008015,"Semuto , Nakaseke","Bukatira PS",100,0.32,567.74,"25-04-2025 14:49"
14114519,"BUKATIRA PS_015",,099008015,"Semuto , Nakaseke","Bukatira PS",100,0,567.74,"25-04-2025 14:48"
14114519,"BUKATIRA PS_015",,099008015,"Semuto , Nakaseke","Bukatira PS",100,0.21,567.74,"25-04-2025 14:48"
14114519,"BUKATIRA PS_015",,099008015,"Semuto , Nakaseke","Bukatira PS",100,0,567.74,"25-04-2025 14:48"
14114519,"BUKATIRA PS_015",,099008015,"Semuto , Nakaseke","Bukatira PS",100,0.23,567.74,"25-04-2025 14:48"
14114519,"BUKATIRA PS_015",,099008015,"Semuto , Nakaseke","Bukatira PS",100,0.29,567.74,"25-04-2025 14:47"
14114519,"BUKATIRA PS_015",,099008015,"Semuto , Nakaseke","Bukatira PS",100,0,567.74,"25-04-2025 14:47"
14114519,"BUKATIRA PS_015",,099008015,"Semuto , Nakaseke","Bukatira PS",100,0,567.74,"25-04-2025 14:47"
14114519,"BUKATIRA PS_015",,099008015,"Semuto , Nakaseke","Bukatira PS",100,0,567.74,"25-04-2025 14:46"
14114519,"BUKATIRA PS_015",,099008015,"Semuto , Nakaseke","Bukatira PS",100,0,567.74,"25-04-2025 14:46"
14114519,"BUKATIRA PS_015",,099008015,"Semuto , Nakaseke","Bukatira PS",100,0,567.74,"25-04-2025 14:45"
13217212,"BUKATIRA PS_195",,099008195,"Semuto , Nakaseke","Bukatira PS",62,0,231.5,"25-04-2025 14:42"
13217212,"BUKATIRA PS_195",,099008195,"Semuto , Nakaseke","Bukatira PS",61,0.19,232.04,"25-04-2025 14:42"
13217212,"BUKATIRA PS_195",,099008195,"Semuto , Nakaseke","Bukatira PS",62,0,231.5,"25-04-2025 14:42"
13217212,"BUKATIRA PS_195",,099008195,"Semuto , Nakaseke","Bukatira PS",62,0,231.5,"25-04-2025 14:42"
13217212,"BUKATIRA PS_195",,099008195,"Semuto , Nakaseke","Bukatira PS",60,0,234.24,"25-04-2025 14:42"
13217212,"BUKATIRA PS_195",,099008195,"Semuto , Nakaseke","Bukatira PS",62,0,231.5,"25-04-2025 14:41"
13217212,"BUKATIRA PS_195",,099008195,"Semuto , Nakaseke","Bukatira PS",61,0,232.04,"25-04-2025 14:41"
13217212,"BUKATIRA PS_195",,099008195,"Semuto , Nakaseke","Bukatira PS",62,0.29,231.5,"25-04-2025 14:41"
13217212,"BUKATIRA PS_195",,099008195,"Semuto , Nakaseke","Bukatira PS",62,0.18,231.5,"25-04-2025 14:41"
13217212,"BUKATIRA PS_195",,099008195,"Semuto , Nakaseke","Bukatira PS",61,0.25,232.04,"25-04-2025 14:41"
13217212,"BUKATIRA PS_195",,099008195,"Semuto , Nakaseke","Bukatira PS",62,0.11,231.5,"25-04-2025 14:40"
13217212,"BUKATIRA PS_195",,099008195,"Semuto , Nakaseke","Bukatira PS",61,0,232.04,"25-04-2025 14:40"
13217212,"BUKATIRA PS_195",,099008195,"Semuto , Nakaseke","Bukatira PS",61,2.2,232.04,"25-04-2025 14:40"
13217212,"BUKATIRA PS_195",,099008195,"Semuto , Nakaseke","Bukatira PS",60,0,234.24,"25-04-2025 14:35"
13217212,"BUKATIRA PS_195",,099008195,"Semuto , Nakaseke","Bukatira PS",60,0,234.24,"25-04-2025 14:35"
11617612,"BUKATIRA PS_172",,099008172,"Semuto , Nakaseke","Bukatira PS",77,0,124.12,"25-04-2025 14:35"
13217212,"BUKATIRA PS_195",,099008195,"Semuto , Nakaseke","Bukatira PS",60,0,234.24,"25-04-2025 14:35"
13217212,"BUKATIRA PS_195",,099008195,"Semuto , Nakaseke","Bukatira PS",60,0,234.24,"25-04-2025 14:34"
11617612,"BUKATIRA PS_172",,099008172,"Semuto , Nakaseke","Bukatira PS",77,0,124.12,"25-04-2025 14:34"
11617612,"BUKATIRA PS_172",,099008172,"Semuto , Nakaseke","Bukatira PS",77,0,124.12,"25-04-2025 14:34"
11617612,"BUKATIRA PS_172",,099008172,"Semuto , Nakaseke","Bukatira PS",77,0.18,124.12,"25-04-2025 14:34"
11617612,"BUKATIRA PS_172",,099008172,"Semuto , Nakaseke","Bukatira PS",77,0,124.12,"25-04-2025 14:33"
13217212,"BUKATIRA PS_195",,099008195,"Semuto , Nakaseke","Bukatira PS",60,0,234.24,"25-04-2025 14:33"
11617612,"BUKATIRA PS_172",,099008172,"Semuto , Nakaseke","Bukatira PS",77,0,124.12,"25-04-2025 14:33"
11617612,"BUKATIRA PS_172",,099008172,"Semuto , Nakaseke","Bukatira PS",77,0,124.12,"25-04-2025 14:33"
11617612,"BUKATIRA PS_172",,099008172,"Semuto , Nakaseke","Bukatira PS",77,0,124.12,"25-04-2025 14:28"
13217212,"BUKATIRA PS_195",,099008195,"Semuto , Nakaseke","Bukatira PS",60,0,234.24,"25-04-2025 14:27"
11617612,"BUKATIRA PS_172",,099008172,"Semuto , Nakaseke","Bukatira PS",77,0,124.12,"25-04-2025 14:25"
11617612,"BUKATIRA PS_172",,099008172,"Semuto , Nakaseke","Bukatira PS",77,0,124.12,"25-04-2025 14:25"
13217212,"BUKATIRA PS_195",,099008195,"Semuto , Nakaseke","Bukatira PS",60,0,234.24,"25-04-2025 14:24"
13217212,"BUKATIRA PS_195",,099008195,"Semuto , Nakaseke","Bukatira PS",60,0,234.24,"25-04-2025 14:24"
13217212,"BUKATIRA PS_195",,099008195,"Semuto , Nakaseke","Bukatira PS",60,0,234.24,"25-04-2025 14:23"
11617612,"BUKATIRA PS_172",,099008172,"Semuto , Nakaseke","Bukatira PS",77,0,124.12,"25-04-2025 14:22"
11617612,"BUKATIRA PS_172",,099008172,"Semuto , Nakaseke","Bukatira PS",77,0,124.12,"25-04-2025 14:22"
13217212,"BUKATIRA PS_195",,099008195,"Semuto , Nakaseke","Bukatira PS",60,0,234.24,"25-04-2025 14:22"
13217212,"BUKATIRA PS_195",,099008195,"Semuto , Nakaseke","Bukatira PS",60,0.19,234.24,"25-04-2025 14:21"
11617612,"BUKATIRA PS_172",,099008172,"Semuto , Nakaseke","Bukatira PS",77,0,124.12,"25-04-2025 14:21"
11617612,"BUKATIRA PS_172",,099008172,"Semuto , Nakaseke","Bukatira PS",77,0,124.12,"25-04-2025 14:21"
11617612,"BUKATIRA PS_172",,099008172,"Semuto , Nakaseke","Bukatira PS",77,0,124.12,"25-04-2025 14:20"
11617612,"BUKATIRA PS_172",,099008172,"Semuto , Nakaseke","Bukatira PS",77,0.03,124.12,"25-04-2025 14:20"
11617612,"BUKATIRA PS_172",,099008172,"Semuto , Nakaseke","Bukatira PS",77,0,124.12,"25-04-2025 14:20"
13217212,"BUKATIRA PS_195",,099008195,"Semuto , Nakaseke","Bukatira PS",60,0,234.24,"25-04-2025 14:19"
11617612,"BUKATIRA PS_172",,099008172,"Semuto , Nakaseke","Bukatira PS",77,0.22,124.12,"25-04-2025 14:19"
11617612,"BUKATIRA PS_172",,099008172,"Semuto , Nakaseke","Bukatira PS",77,0,124.12,"25-04-2025 14:19"
11617612,"BUKATIRA PS_172",,099008172,"Semuto , Nakaseke","Bukatira PS",77,0,124.12,"25-04-2025 14:19"
11617612,"BUKATIRA PS_172",,099008172,"Semuto , Nakaseke","Bukatira PS",77,0,124.12,"25-04-2025 14:18"
13217212,"BUKATIRA PS_195",,099008195,"Semuto , Nakaseke","Bukatira PS",60,0,234.24,"25-04-2025 14:18"
13217212,"BUKATIRA PS_195",,099008195,"Semuto , Nakaseke","Bukatira PS",60,0,234.24,"25-04-2025 14:18"
11617612,"BUKATIRA PS_172",,099008172,"Semuto , Nakaseke","Bukatira PS",77,0.14,124.12,"25-04-2025 14:18"
11617612,"BUKATIRA PS_172",,099008172,"Semuto , Nakaseke","Bukatira PS",77,0.47,124.12,"25-04-2025 14:17"
13217212,"BUKATIRA PS_195",,099008195,"Semuto , Nakaseke","Bukatira PS",60,0,234.24,"25-04-2025 14:17"
11617612,"BUKATIRA PS_172",,099008172,"Semuto , Nakaseke","Bukatira PS",77,0.18,124.12,"25-04-2025 14:15"
13217212,"BUKATIRA PS_195",,099008195,"Semuto , Nakaseke","Bukatira PS",60,0.42,234.24,"25-04-2025 14:15"
11617612,"BUKATIRA PS_172",,099008172,"Semuto , Nakaseke","Bukatira PS",77,0,124.12,"25-04-2025 14:15"
11617612,"BUKATIRA PS_172",,099008172,"Semuto , Nakaseke","Bukatira PS",77,0,124.12,"25-04-2025 14:15"
11617612,"BUKATIRA PS_172",,099008172,"Semuto , Nakaseke","Bukatira PS",76,0,124.68,"25-04-2025 14:14"
11617612,"BUKATIRA PS_172",,099008172,"Semuto , Nakaseke","Bukatira PS",77,0,124.12,"25-04-2025 14:14"
11617612,"BUKATIRA PS_172",,099008172,"Semuto , Nakaseke","Bukatira PS",76,0.03,124.68,"25-04-2025 14:14"
11617612,"BUKATIRA PS_172",,099008172,"Semuto , Nakaseke","Bukatira PS",77,0,124.12,"25-04-2025 14:14"
11617612,"BUKATIRA PS_172",,099008172,"Semuto , Nakaseke","Bukatira PS",77,0,124.12,"25-04-2025 14:14"
11617612,"BUKATIRA PS_172",,099008172,"Semuto , Nakaseke","Bukatira PS",76,0,124.68,"25-04-2025 14:14"
11617612,"BUKATIRA PS_172",,099008172,"Semuto , Nakaseke","Bukatira PS",77,0,124.12,"25-04-2025 14:13"
11617612,"BUKATIRA PS_172",,099008172,"Semuto , Nakaseke","Bukatira PS",77,0,124.12,"25-04-2025 14:13"
11617612,"BUKATIRA PS_172",,099008172,"Semuto , Nakaseke","Bukatira PS",77,0,124.12,"25-04-2025 14:13"
11617612,"BUKATIRA PS_172",,099008172,"Semuto , Nakaseke","Bukatira PS",77,0,124.12,"25-04-2025 14:13"
11617612,"BUKATIRA PS_172",,099008172,"Semuto , Nakaseke","Bukatira PS",77,0,124.12,"25-04-2025 14:13"
11617612,"BUKATIRA PS_172",,099008172,"Semuto , Nakaseke","Bukatira PS",77,0,124.12,"25-04-2025 14:12"
11617612,"BUKATIRA PS_172",,099008172,"Semuto , Nakaseke","Bukatira PS",77,0,124.12,"25-04-2025 14:11"
11617612,"BUKATIRA PS_172",,099008172,"Semuto , Nakaseke","Bukatira PS",77,0,124.12,"25-04-2025 14:11"
11617612,"BUKATIRA PS_172",,099008172,"Semuto , Nakaseke","Bukatira PS",77,0.05,124.12,"25-04-2025 14:11"
11617612,"BUKATIRA PS_172",,099008172,"Semuto , Nakaseke","Bukatira PS",77,0.1,124.12,"25-04-2025 14:10"
11617612,"BUKATIRA PS_172",,099008172,"Semuto , Nakaseke","Bukatira PS",77,0,124.12,"25-04-2025 14:09"
11617612,"BUKATIRA PS_172",,099008172,"Semuto , Nakaseke","Bukatira PS",77,0.56,124.12,"25-04-2025 14:09"
11617612,"BUKATIRA PS_172",,099008172,"Semuto , Nakaseke","Bukatira PS",76,0.25,124.68,"25-04-2025 14:09"
11617612,"BUKATIRA PS_172",,099008172,"Semuto , Nakaseke","Bukatira PS",76,0,124.68,"25-04-2025 14:08"
13217212,"BUKATIRA PS_195",,099008195,"Semuto , Nakaseke","Bukatira PS",60,0,234.24,"25-04-2025 14:08"
11617612,"BUKATIRA PS_172",,099008172,"Semuto , Nakaseke","Bukatira PS",76,0,124.68,"25-04-2025 14:08"
11617612,"BUKATIRA PS_172",,099008172,"Semuto , Nakaseke","Bukatira PS",76,0,124.68,"25-04-2025 14:07"
11617612,"BUKATIRA PS_172",,099008172,"Semuto , Nakaseke","Bukatira PS",76,0,124.68,"25-04-2025 14:07"
11617612,"BUKATIRA PS_172",,099008172,"Semuto , Nakaseke","Bukatira PS",76,0.13,124.68,"25-04-2025 14:05"
11617612,"BUKATIRA PS_172",,099008172,"Semuto , Nakaseke","Bukatira PS",76,0,124.68,"25-04-2025 14:05"
13217212,"BUKATIRA PS_195",,099008195,"Semuto , Nakaseke","Bukatira PS",60,0,234.24,"25-04-2025 14:05"
11617612,"BUKATIRA PS_172",,099008172,"Semuto , Nakaseke","Bukatira PS",76,0,124.68,"25-04-2025 14:03"
11617612,"BUKATIRA PS_172",,099008172,"Semuto , Nakaseke","Bukatira PS",76,0,124.68,"25-04-2025 14:03"
11617612,"BUKATIRA PS_172",,099008172,"Semuto , Nakaseke","Bukatira PS",76,0,124.68,"25-04-2025 14:03"
11617612,"BUKATIRA PS_172",,099008172,"Semuto , Nakaseke","Bukatira PS",76,0,124.68,"25-04-2025 14:02"
11617612,"BUKATIRA PS_172",,099008172,"Semuto , Nakaseke","Bukatira PS",76,0,124.68,"25-04-2025 14:02"
11617612,"BUKATIRA PS_172",,099008172,"Semuto , Nakaseke","Bukatira PS",76,0.09,124.68,"25-04-2025 14:02"
11617612,"BUKATIRA PS_172",,099008172,"Semuto , Nakaseke","Bukatira PS",76,0,124.68,"25-04-2025 14:01"
13217212,"BUKATIRA PS_195",,099008195,"Semuto , Nakaseke","Bukatira PS",60,0,234.24,"25-04-2025 14:00"
13217212,"BUKATIRA PS_195",,099008195,"Semuto , Nakaseke","Bukatira PS",60,0,234.24,"25-04-2025 13:59"
13217212,"BUKATIRA PS_195",,099008195,"Semuto , Nakaseke","Bukatira PS",60,0,234.24,"25-04-2025 13:59"
13217212,"BUKATIRA PS_195",,099008195,"Semuto , Nakaseke","Bukatira PS",60,0,234.24,"25-04-2025 13:59"
13217212,"BUKATIRA PS_195",,099008195,"Semuto , Nakaseke","Bukatira PS",60,0.09,234.24,"25-04-2025 13:58"
13217212,"BUKATIRA PS_195",,099008195,"Semuto , Nakaseke","Bukatira PS",60,0,234.24,"25-04-2025 13:58"
13217212,"BUKATIRA PS_195",,099008195,"Semuto , Nakaseke","Bukatira PS",60,0.19,234.24,"25-04-2025 13:58"
13217212,"BUKATIRA PS_195",,099008195,"Semuto , Nakaseke","Bukatira PS",60,0,234.24,"25-04-2025 13:57"
13217212,"BUKATIRA PS_195",,099008195,"Semuto , Nakaseke","Bukatira PS",60,0,234.24,"25-04-2025 13:57"
13217212,"BUKATIRA PS_195",,099008195,"Semuto , Nakaseke","Bukatira PS",60,0,234.24,"25-04-2025 13:55"
13217212,"BUKATIRA PS_195",,099008195,"Semuto , Nakaseke","Bukatira PS",60,0,234.24,"25-04-2025 13:55"
13217212,"BUKATIRA PS_195",,099008195,"Semuto , Nakaseke","Bukatira PS",60,0.14,234.24,"25-04-2025 13:54"
13217212,"BUKATIRA PS_195",,099008195,"Semuto , Nakaseke","Bukatira PS",60,0,234.24,"25-04-2025 13:54"
17392543,"BUKATIRA PS_007",,099008007,"Semuto , Nakaseke","Bukatira PS",54,0.22,4899.8,"25-04-2025 13:52"
17392543,"BUKATIRA PS_007",,099008007,"Semuto , Nakaseke","Bukatira PS",54,0,4899.8,"25-04-2025 13:52"
17392543,"BUKATIRA PS_007",,099008007,"Semuto , Nakaseke","Bukatira PS",54,0,4899.8,"25-04-2025 13:51"
17392543,"BUKATIRA PS_007",,099008007,"Semuto , Nakaseke","Bukatira PS",54,0,4899.8,"25-04-2025 13:51"
17392543,"BUKATIRA PS_007",,099008007,"Semuto , Nakaseke","Bukatira PS",54,0,4899.8,"25-04-2025 13:51"
17392543,"BUKATIRA PS_007",,099008007,"Semuto , Nakaseke","Bukatira PS",54,0,4899.8,"25-04-2025 13:49"
17392543,"BUKATIRA PS_007",,099008007,"Semuto , Nakaseke","Bukatira PS",54,0.22,4899.8,"25-04-2025 13:49"
17392543,"BUKATIRA PS_007",,099008007,"Semuto , Nakaseke","Bukatira PS",54,0,4899.8,"25-04-2025 13:49"
10010012,"BUKATIRA PS_198",,099008198,"Semuto , Nakaseke","Bukatira PS",214,0,748.04,"25-04-2025 13:49"
17392543,"BUKATIRA PS_007",,099008007,"Semuto , Nakaseke","Bukatira PS",54,0,4899.8,"25-04-2025 13:49"
17392543,"BUKATIRA PS_007",,099008007,"Semuto , Nakaseke","Bukatira PS",54,0,4899.8,"25-04-2025 13:49"
10010012,"BUKATIRA PS_198",,099008198,"Semuto , Nakaseke","Bukatira PS",214,0,748.04,"25-04-2025 13:48"
10010012,"BUKATIRA PS_198",,099008198,"Semuto , Nakaseke","Bukatira PS",214,0,748.04,"25-04-2025 13:45"
10010012,"BUKATIRA PS_198",,099008198,"Semuto , Nakaseke","Bukatira PS",214,0,748.04,"25-04-2025 13:45"
10010012,"BUKATIRA PS_198",,099008198,"Semuto , Nakaseke","Bukatira PS",214,0,748.04,"25-04-2025 13:45"
10010012,"BUKATIRA PS_198",,099008198,"Semuto , Nakaseke","Bukatira PS",214,0,748.04,"25-04-2025 13:44"
10010012,"BUKATIRA PS_198",,099008198,"Semuto , Nakaseke","Bukatira PS",214,0,748.04,"25-04-2025 13:43"
10010012,"BUKATIRA PS_198",,099008198,"Semuto , Nakaseke","Bukatira PS",214,0,748.04,"25-04-2025 13:42"
10010012,"BUKATIRA PS_198",,099008198,"Semuto , Nakaseke","Bukatira PS",214,0,748.04,"25-04-2025 13:41"
21217311,"BUKATIRA PS_164",,099008164,"Semuto , Nakaseke","Bukatira PS",8,0.23,831.43,"25-04-2025 13:38"
10010012,"BUKATIRA PS_198",,099008198,"Semuto , Nakaseke","Bukatira PS",214,0.23,748.04,"25-04-2025 13:38"
17392543,"BUKATIRA PS_007",,099008007,"Semuto , Nakaseke","Bukatira PS",54,0,4899.8,"25-04-2025 13:37"
10010012,"BUKATIRA PS_198",,099008198,"Semuto , Nakaseke","Bukatira PS",214,0,748.04,"25-04-2025 13:36"
10010012,"BUKATIRA PS_198",,099008198,"Semuto , Nakaseke","Bukatira PS",214,0,748.04,"25-04-2025 13:36"
10010012,"BUKATIRA PS_198",,099008198,"Semuto , Nakaseke","Bukatira PS",214,0.12,748.04,"25-04-2025 13:34"
21217311,"BUKATIRA PS_164",,099008164,"Semuto , Nakaseke","Bukatira PS",7,0,840.9,"25-04-2025 13:34"
10010012,"BUKATIRA PS_198",,099008198,"Semuto , Nakaseke","Bukatira PS",214,0,748.04,"25-04-2025 13:33"
10010012,"BUKATIRA PS_198",,099008198,"Semuto , Nakaseke","Bukatira PS",214,0,748.04,"25-04-2025 13:33"
10010012,"BUKATIRA PS_198",,099008198,"Semuto , Nakaseke","Bukatira PS",214,0,748.04,"25-04-2025 13:33"
10010012,"BUKATIRA PS_198",,099008198,"Semuto , Nakaseke","Bukatira PS",214,0,748.04,"25-04-2025 13:33"
10010012,"BUKATIRA PS_198",,099008198,"Semuto , Nakaseke","Bukatira PS",214,0,748.04,"25-04-2025 13:33"
10010012,"BUKATIRA PS_198",,099008198,"Semuto , Nakaseke","Bukatira PS",214,0,748.04,"25-04-2025 13:33"
10010012,"BUKATIRA PS_198",,099008198,"Semuto , Nakaseke","Bukatira PS",214,0,748.04,"25-04-2025 13:29"
21217311,"BUKATIRA PS_164",,099008164,"Semuto , Nakaseke","Bukatira PS",7,0,840.9,"25-04-2025 13:27"
21217311,"BUKATIRA PS_164",,099008164,"Semuto , Nakaseke","Bukatira PS",7,0,840.9,"25-04-2025 13:25"
10010012,"BUKATIRA PS_198",,099008198,"Semuto , Nakaseke","Bukatira PS",214,0,748.04,"25-04-2025 13:25"
21217311,"BUKATIRA PS_164",,099008164,"Semuto , Nakaseke","Bukatira PS",8,0,831.43,"25-04-2025 13:25"
21217311,"BUKATIRA PS_164",,099008164,"Semuto , Nakaseke","Bukatira PS",8,0,831.43,"25-04-2025 13:22"
21217311,"BUKATIRA PS_164",,099008164,"Semuto , Nakaseke","Bukatira PS",8,0,831.43,"25-04-2025 13:21"
21217311,"BUKATIRA PS_164",,099008164,"Semuto , Nakaseke","Bukatira PS",8,0,831.43,"25-04-2025 13:19"
21217311,"BUKATIRA PS_164",,099008164,"Semuto , Nakaseke","Bukatira PS",8,0,831.43,"25-04-2025 13:19"
21217311,"BUKATIRA PS_164",,099008164,"Semuto , Nakaseke","Bukatira PS",7,0,840.9,"25-04-2025 13:19"
21217311,"BUKATIRA PS_164",,099008164,"Semuto , Nakaseke","Bukatira PS",8,0,831.43,"25-04-2025 13:18"
21217311,"BUKATIRA PS_164",,099008164,"Semuto , Nakaseke","Bukatira PS",8,9.47,831.43,"25-04-2025 13:16"
21217311,"BUKATIRA PS_164",,099008164,"Semuto , Nakaseke","Bukatira PS",7,0,840.9,"25-04-2025 13:16"
21217311,"BUKATIRA PS_164",,099008164,"Semuto , Nakaseke","Bukatira PS",7,0,840.9,"25-04-2025 13:14"
21217311,"BUKATIRA PS_164",,099008164,"Semuto , Nakaseke","Bukatira PS",7,0,840.9,"25-04-2025 13:14"
21217311,"BUKATIRA PS_164",,099008164,"Semuto , Nakaseke","Bukatira PS",7,0,840.9,"25-04-2025 13:09"
21217311,"BUKATIRA PS_164",,099008164,"Semuto , Nakaseke","Bukatira PS",7,0,840.9,"25-04-2025 13:07"
21217311,"BUKATIRA PS_164",,099008164,"Semuto , Nakaseke","Bukatira PS",7,0.19,840.9,"25-04-2025 13:03"
21217311,"BUKATIRA PS_164",,099008164,"Semuto , Nakaseke","Bukatira PS",7,0,840.9,"25-04-2025 13:02"
20132131,"BUKATIRA PS_200",,099008200,"Semuto , Nakaseke","Bukatira PS",17,43.69,287.8,"25-04-2025 12:02"
20132131,"BUKATIRA PS_200",,099008200,"Semuto , Nakaseke","Bukatira PS",16,0,331.49,"25-04-2025 11:59"
19635125,"BUKATIRA PS_165",,099008165,"Semuto , Nakaseke","Bukatira PS",41,37.58,1911.1,"25-04-2025 11:59"
19635125,"BUKATIRA PS_165",,099008165,"Semuto , Nakaseke","Bukatira PS",40,0,1948.68,"25-04-2025 11:56"
84221162,"BUKATIRA PS_151",,099008151,"Semuto , Nakaseke","Bukatira PS",181,0,2648.65,"25-04-2025 11:47"
84221162,"BUKATIRA PS_151",,099008151,"Semuto , Nakaseke","Bukatira PS",181,0.04,2648.65,"25-04-2025 11:46"
84221162,"BUKATIRA PS_151",,099008151,"Semuto , Nakaseke","Bukatira PS",181,0,2648.65,"25-04-2025 11:45"
14114519,"BUKATIRA PS_015",,099008015,"Semuto , Nakaseke","Bukatira PS",100,0,567.74,"25-04-2025 11:08"
10913620,"BUKATIRA PS_080",,099008080,"Semuto , Nakaseke","Bukatira PS",24,0,523.54,"25-04-2025 10:19"
10010012,"BUKATIRA PS_198",,099008198,"Semuto , Nakaseke","Bukatira PS",213,0,748.71,"25-04-2025 10:06"
10010012,"BUKATIRA PS_198",,099008198,"Semuto , Nakaseke","Bukatira PS",213,0.06,748.71,"25-04-2025 10:05"
10010012,"BUKATIRA PS_198",,099008198,"Semuto , Nakaseke","Bukatira PS",213,0,748.71,"25-04-2025 10:05"
10010012,"BUKATIRA PS_198",,099008198,"Semuto , Nakaseke","Bukatira PS",213,0,748.71,"25-04-2025 10:05"
10010012,"BUKATIRA PS_198",,099008198,"Semuto , Nakaseke","Bukatira PS",213,0,748.71,"25-04-2025 10:05"
10010012,"BUKATIRA PS_198",,099008198,"Semuto , Nakaseke","Bukatira PS",213,0.04,748.71,"25-04-2025 10:05"
10010012,"BUKATIRA PS_198",,099008198,"Semuto , Nakaseke","Bukatira PS",213,0,748.71,"25-04-2025 10:04"
10010012,"BUKATIRA PS_198",,099008198,"Semuto , Nakaseke","Bukatira PS",213,0.2,748.71,"25-04-2025 10:03"
10010012,"BUKATIRA PS_198",,099008198,"Semuto , Nakaseke","Bukatira PS",213,0,748.71,"25-04-2025 10:02"
10010012,"BUKATIRA PS_198",,099008198,"Semuto , Nakaseke","Bukatira PS",213,0,748.71,"25-04-2025 10:02"
10010012,"BUKATIRA PS_198",,099008198,"Semuto , Nakaseke","Bukatira PS",213,0,748.71,"25-04-2025 10:01"
10010012,"BUKATIRA PS_198",,099008198,"Semuto , Nakaseke","Bukatira PS",213,0.29,748.71,"25-04-2025 10:01"
10010012,"BUKATIRA PS_198",,099008198,"Semuto , Nakaseke","Bukatira PS",213,0,748.71,"25-04-2025 10:01"
10010012,"BUKATIRA PS_198",,099008198,"Semuto , Nakaseke","Bukatira PS",213,0,748.71,"25-04-2025 10:00"
10010012,"BUKATIRA PS_198",,099008198,"Semuto , Nakaseke","Bukatira PS",213,0,748.71,"25-04-2025 10:00"
10015130,"BUKATIRA PS_152",,099008152,"Semuto , Nakaseke","Bukatira PS",16,0.2,1065.93,"25-04-2025 09:40"
10015130,"BUKATIRA PS_152",,099008152,"Semuto , Nakaseke","Bukatira PS",16,0,1065.93,"25-04-2025 09:40"
10015130,"BUKATIRA PS_152",,099008152,"Semuto , Nakaseke","Bukatira PS",16,0,1065.93,"25-04-2025 09:33"
24413212,"BUKATIRA PS_196",,099008196,"Semuto , Nakaseke","Bukatira PS",1,0,957.55,"25-04-2025 09:16"
16475126,"BUKATIRA PS_178",,099008178,"Semuto , Nakaseke","Bukatira PS",89,0.16,399.5,"25-04-2025 08:22"
84216121,"BUKATIRA PS_158",,099008158,"Semuto , Nakaseke","Bukatira PS",41,0,676.12,"25-04-2025 08:22"
68351162,"BUKATIRA PS_161",,099008161,"Semuto , Nakaseke","Bukatira PS",59,94.88,295.19,"25-04-2025 08:17"
68351162,"BUKATIRA PS_161",,099008161,"Semuto , Nakaseke","Bukatira PS",58,0,390.07,"25-04-2025 08:06"
10010012,"BUKATIRA PS_198",,099008198,"Semuto , Nakaseke","Bukatira PS",213,34.94,748.71,"25-04-2025 07:53"
10010012,"BUKATIRA PS_198",,099008198,"Semuto , Nakaseke","Bukatira PS",212,0,783.64,"25-04-2025 07:49"
10010012,"BUKATIRA PS_198",,099008198,"Semuto , Nakaseke","Bukatira PS",212,34.16,783.64,"25-04-2025 07:49"
10010012,"BUKATIRA PS_198",,099008198,"Semuto , Nakaseke","Bukatira PS",211,0,817.81,"25-04-2025 07:44"
10010012,"BUKATIRA PS_198",,099008198,"Semuto , Nakaseke","Bukatira PS",211,37.88,817.81,"25-04-2025 07:44"
10010012,"BUKATIRA PS_198",,099008198,"Semuto , Nakaseke","Bukatira PS",210,0,855.69,"25-04-2025 07:38"
10010012,"BUKATIRA PS_198",,099008198,"Semuto , Nakaseke","Bukatira PS",210,0.57,855.69,"25-04-2025 07:38"
10010012,"BUKATIRA PS_198",,099008198,"Semuto , Nakaseke","Bukatira PS",209,0,856.26,"25-04-2025 07:37"
13217212,"BUKATIRA PS_195",,099008195,"Semuto , Nakaseke","Bukatira PS",60,0.78,234.24,"25-04-2025 07:26"
13217212,"BUKATIRA PS_195",,099008195,"Semuto , Nakaseke","Bukatira PS",59,0,235.02,"25-04-2025 07:25"
13217212,"BUKATIRA PS_195",,099008195,"Semuto , Nakaseke","Bukatira PS",59,1.73,235.02,"25-04-2025 07:25"
13217212,"BUKATIRA PS_195",,099008195,"Semuto , Nakaseke","Bukatira PS",58,0,236.76,"25-04-2025 07:24"
13217212,"BUKATIRA PS_195",,099008195,"Semuto , Nakaseke","Bukatira PS",58,4.31,236.76,"25-04-2025 07:24"
13217212,"BUKATIRA PS_195",,099008195,"Semuto , Nakaseke","Bukatira PS",57,0,241.07,"25-04-2025 07:24"
15715147,"BUKATIRA PS_060",,099008060,"Semuto , Nakaseke","Bukatira PS",40,20.62,1020.87,"25-04-2025 06:40"
15715147,"BUKATIRA PS_060",,099008060,"Semuto , Nakaseke","Bukatira PS",39,0,1041.49,"25-04-2025 06:38"
13210132,"BUKATIRA PS_187",,099008187,"Semuto , Nakaseke","Bukatira PS",33,74.69,305.52,"25-04-2025 06:38"
13210132,"BUKATIRA PS_187",,099008187,"Semuto , Nakaseke","Bukatira PS",32,0.53,380.21,"25-04-2025 06:31"
17392543,"BUKATIRA PS_007",,099008007,"Semuto , Nakaseke","Bukatira PS",54,3.98,4899.8,"25-04-2025 06:31"
17392543,"BUKATIRA PS_007",,099008007,"Semuto , Nakaseke","Bukatira PS",53,0,4903.78,"25-04-2025 06:30"
13210132,"BUKATIRA PS_187",,099008187,"Semuto , Nakaseke","Bukatira PS",31,39.66,380.74,"25-04-2025 06:29"
13210132,"BUKATIRA PS_187",,099008187,"Semuto , Nakaseke","Bukatira PS",30,0,420.41,"25-04-2025 06:24"
10010012,"BUKATIRA PS_198",,099008198,"Semuto , Nakaseke","Bukatira PS",209,5.15,856.26,"25-04-2025 05:58"
10010012,"BUKATIRA PS_198",,099008198,"Semuto , Nakaseke","Bukatira PS",208,0,861.41,"25-04-2025 05:57"
11617612,"BUKATIRA PS_172",,099008172,"Semuto , Nakaseke","Bukatira PS",76,30,124.68,"25-04-2025 05:42"
11617612,"BUKATIRA PS_172",,099008172,"Semuto , Nakaseke","Bukatira PS",75,0.32,154.69,"25-04-2025 05:40"
11617612,"BUKATIRA PS_172",,099008172,"Semuto , Nakaseke","Bukatira PS",75,1.59,154.69,"25-04-2025 05:40"
11617612,"BUKATIRA PS_172",,099008172,"Semuto , Nakaseke","Bukatira PS",74,0,156.28,"25-04-2025 05:38"
36788322,"BUKATIRA PS_169",,099008169,"Semuto , Nakaseke","Bukatira PS",26,7.05,699.68,"25-04-2025 05:15"
36788322,"BUKATIRA PS_169",,099008169,"Semuto , Nakaseke","Bukatira PS",25,0,706.73,"25-04-2025 05:14"
36788322,"BUKATIRA PS_169",,099008169,"Semuto , Nakaseke","Bukatira PS",25,9.32,706.73,"25-04-2025 05:14"
36788322,"BUKATIRA PS_169",,099008169,"Semuto , Nakaseke","Bukatira PS",24,0,716.05,"25-04-2025 05:13"
36788322,"BUKATIRA PS_169",,099008169,"Semuto , Nakaseke","Bukatira PS",24,14.58,716.05,"25-04-2025 05:13"
36788322,"BUKATIRA PS_169",,099008169,"Semuto , Nakaseke","Bukatira PS",23,0,730.64,"25-04-2025 05:12"
36788322,"BUKATIRA PS_169",,099008169,"Semuto , Nakaseke","Bukatira PS",22,0,733.64,"25-04-2025 05:10"
36788322,"BUKATIRA PS_169",,099008169,"Semuto , Nakaseke","Bukatira PS",22,26.92,733.64,"25-04-2025 05:10"
36788322,"BUKATIRA PS_169",,099008169,"Semuto , Nakaseke","Bukatira PS",21,0,760.57,"25-04-2025 05:08"
36788322,"BUKATIRA PS_169",,099008169,"Semuto , Nakaseke","Bukatira PS",20,0,761.68,"25-04-2025 05:08"
13217212,"BUKATIRA PS_195",,099008195,"Semuto , Nakaseke","Bukatira PS",57,34.36,241.07,"25-04-2025 05:07"
13217212,"BUKATIRA PS_195",,099008195,"Semuto , Nakaseke","Bukatira PS",56,4.61,275.42,"25-04-2025 05:05"
13217212,"BUKATIRA PS_195",,099008195,"Semuto , Nakaseke","Bukatira PS",55,0,280.03,"25-04-2025 05:05"
13217212,"BUKATIRA PS_195",,099008195,"Semuto , Nakaseke","Bukatira PS",55,20.47,280.03,"25-04-2025 05:04"
13217212,"BUKATIRA PS_195",,099008195,"Semuto , Nakaseke","Bukatira PS",54,0,300.5,"25-04-2025 05:02"
13217212,"BUKATIRA PS_195",,099008195,"Semuto , Nakaseke","Bukatira PS",54,0,300.5,"25-04-2025 05:02"
13217212,"BUKATIRA PS_195",,099008195,"Semuto , Nakaseke","Bukatira PS",54,0,300.5,"25-04-2025 05:02"
13217212,"BUKATIRA PS_195",,099008195,"Semuto , Nakaseke","Bukatira PS",53,0,302.26,"25-04-2025 05:01"
15715424,"BUKATIRA PS_076",,099008076,"Semuto , Nakaseke","Bukatira PS",17,0,815.35,"25-04-2025 05:01"
15715424,"BUKATIRA PS_076",,099008076,"Semuto , Nakaseke","Bukatira PS",16,0,816.05,"25-04-2025 05:01"
13217212,"BUKATIRA PS_195",,099008195,"Semuto , Nakaseke","Bukatira PS",53,23.02,302.26,"25-04-2025 04:44"
13217212,"BUKATIRA PS_195",,099008195,"Semuto , Nakaseke","Bukatira PS",52,1.72,325.29,"25-04-2025 04:43"
13217212,"BUKATIRA PS_195",,099008195,"Semuto , Nakaseke","Bukatira PS",51,0,327.01,"25-04-2025 04:42"
16420512,"BUKATIRA PS_188",,099008188,"Semuto , Nakaseke","Bukatira PS",80,31.33,402.57,"25-04-2025 04:41"
16420512,"BUKATIRA PS_188",,099008188,"Semuto , Nakaseke","Bukatira PS",79,4.82,433.9,"25-04-2025 04:38"
16420512,"BUKATIRA PS_188",,099008188,"Semuto , Nakaseke","Bukatira PS",78,0.84,438.72,"25-04-2025 04:38"
16420512,"BUKATIRA PS_188",,099008188,"Semuto , Nakaseke","Bukatira PS",77,39.19,439.56,"25-04-2025 04:38"
16420512,"BUKATIRA PS_188",,099008188,"Semuto , Nakaseke","Bukatira PS",76,1.22,478.75,"25-04-2025 04:34"
16420512,"BUKATIRA PS_188",,099008188,"Semuto , Nakaseke","Bukatira PS",75,0,479.98,"25-04-2025 04:33"
16420512,"BUKATIRA PS_188",,099008188,"Semuto , Nakaseke","Bukatira PS",75,9.6,479.98,"25-04-2025 04:32"
16420512,"BUKATIRA PS_188",,099008188,"Semuto , Nakaseke","Bukatira PS",74,26.91,489.58,"25-04-2025 04:32"
16420512,"BUKATIRA PS_188",,099008188,"Semuto , Nakaseke","Bukatira PS",73,2.69,516.49,"25-04-2025 04:29"
16420512,"BUKATIRA PS_188",,099008188,"Semuto , Nakaseke","Bukatira PS",72,0,519.18,"25-04-2025 04:29"
10010012,"BUKATIRA PS_198",,099008198,"Semuto , Nakaseke","Bukatira PS",208,33.43,861.41,"25-04-2025 04:28"
10010012,"BUKATIRA PS_198",,099008198,"Semuto , Nakaseke","Bukatira PS",207,0,894.84,"25-04-2025 04:26"
10010012,"BUKATIRA PS_198",,099008198,"Semuto , Nakaseke","Bukatira PS",207,37.74,894.84,"25-04-2025 04:26"
10010012,"BUKATIRA PS_198",,099008198,"Semuto , Nakaseke","Bukatira PS",206,0,932.58,"25-04-2025 04:24"
10010012,"BUKATIRA PS_198",,099008198,"Semuto , Nakaseke","Bukatira PS",206,30.07,932.58,"25-04-2025 04:23"
10010012,"BUKATIRA PS_198",,099008198,"Semuto , Nakaseke","Bukatira PS",205,2.45,962.66,"25-04-2025 04:21"
10010012,"BUKATIRA PS_198",,099008198,"Semuto , Nakaseke","Bukatira PS",204,6.32,965.11,"25-04-2025 04:21"
10010012,"BUKATIRA PS_198",,099008198,"Semuto , Nakaseke","Bukatira PS",203,0,971.42,"25-04-2025 04:20"
10025513,"BUKATIRA PS_154",,099008154,"Semuto , Nakaseke","Bukatira PS",9,14.39,785.34,"25-04-2025 04:20"
10025513,"BUKATIRA PS_154",,099008154,"Semuto , Nakaseke","Bukatira PS",8,13.85,799.73,"25-04-2025 04:18"
10025513,"BUKATIRA PS_154",,099008154,"Semuto , Nakaseke","Bukatira PS",7,6.8,813.57,"25-04-2025 04:17"
36613122,"BUKATIRA PS_183",,099008183,"Semuto , Nakaseke","Bukatira PS",24,2.6,810.25,"25-04-2025 04:17"
36613122,"BUKATIRA PS_183",,099008183,"Semuto , Nakaseke","Bukatira PS",23,0.89,812.85,"25-04-2025 04:16"
36613122,"BUKATIRA PS_183",,099008183,"Semuto , Nakaseke","Bukatira PS",22,0,813.74,"25-04-2025 04:16"
36613122,"BUKATIRA PS_183",,099008183,"Semuto , Nakaseke","Bukatira PS",22,0,813.74,"25-04-2025 04:15"
36613122,"BUKATIRA PS_183",,099008183,"Semuto , Nakaseke","Bukatira PS",22,2.53,813.74,"25-04-2025 04:14"
36613122,"BUKATIRA PS_183",,099008183,"Semuto , Nakaseke","Bukatira PS",21,0.98,816.28,"25-04-2025 04:14"
36613122,"BUKATIRA PS_183",,099008183,"Semuto , Nakaseke","Bukatira PS",18,1.91,821.13,"25-04-2025 04:14"
36613122,"BUKATIRA PS_183",,099008183,"Semuto , Nakaseke","Bukatira PS",17,0,823.04,"25-04-2025 04:13"
36613122,"BUKATIRA PS_183",,099008183,"Semuto , Nakaseke","Bukatira PS",20,2.58,817.26,"25-04-2025 04:13"
36613122,"BUKATIRA PS_183",,099008183,"Semuto , Nakaseke","Bukatira PS",20,0,817.26,"25-04-2025 04:13"
36613122,"BUKATIRA PS_183",,099008183,"Semuto , Nakaseke","Bukatira PS",19,1.29,819.84,"25-04-2025 04:13"
36613122,"BUKATIRA PS_183",,099008183,"Semuto , Nakaseke","Bukatira PS",18,0,821.13,"25-04-2025 04:12"
36613122,"BUKATIRA PS_183",,099008183,"Semuto , Nakaseke","Bukatira PS",16,1.98,824.11,"25-04-2025 04:12"
36613122,"BUKATIRA PS_183",,099008183,"Semuto , Nakaseke","Bukatira PS",17,1.06,823.04,"25-04-2025 04:12"
36613122,"BUKATIRA PS_183",,099008183,"Semuto , Nakaseke","Bukatira PS",15,4.08,826.09,"25-04-2025 04:11"
36613122,"BUKATIRA PS_183",,099008183,"Semuto , Nakaseke","Bukatira PS",16,0,824.11,"25-04-2025 04:11"
36613122,"BUKATIRA PS_183",,099008183,"Semuto , Nakaseke","Bukatira PS",14,0,830.17,"25-04-2025 04:11"
36613122,"BUKATIRA PS_183",,099008183,"Semuto , Nakaseke","Bukatira PS",14,0,830.17,"25-04-2025 04:09"
36613122,"BUKATIRA PS_183",,099008183,"Semuto , Nakaseke","Bukatira PS",14,2.14,830.17,"25-04-2025 04:09"
36613122,"BUKATIRA PS_183",,099008183,"Semuto , Nakaseke","Bukatira PS",13,3.26,832.31,"25-04-2025 04:08"
36613122,"BUKATIRA PS_183",,099008183,"Semuto , Nakaseke","Bukatira PS",12,2.6,835.57,"25-04-2025 04:08"
36613122,"BUKATIRA PS_183",,099008183,"Semuto , Nakaseke","Bukatira PS",11,2.86,838.17,"25-04-2025 04:07"
10010012,"BUKATIRA PS_198",,099008198,"Semuto , Nakaseke","Bukatira PS",203,2.04,971.42,"25-04-2025 04:07"
36613122,"BUKATIRA PS_183",,099008183,"Semuto , Nakaseke","Bukatira PS",10,0.99,841.03,"25-04-2025 04:06"
36613122,"BUKATIRA PS_183",,099008183,"Semuto , Nakaseke","Bukatira PS",9,2.41,842.02,"25-04-2025 04:06"
36613122,"BUKATIRA PS_183",,099008183,"Semuto , Nakaseke","Bukatira PS",8,3.59,844.43,"25-04-2025 04:05"
36613122,"BUKATIRA PS_183",,099008183,"Semuto , Nakaseke","Bukatira PS",7,6.44,848.02,"25-04-2025 04:05"
36613122,"BUKATIRA PS_183",,099008183,"Semuto , Nakaseke","Bukatira PS",6,3.54,854.45,"25-04-2025 04:04"
36613122,"BUKATIRA PS_183",,099008183,"Semuto , Nakaseke","Bukatira PS",5,2.29,857.99,"25-04-2025 04:04"
36613122,"BUKATIRA PS_183",,099008183,"Semuto , Nakaseke","Bukatira PS",4,0,860.28,"25-04-2025 04:03"
14114519,"BUKATIRA PS_015",,099008015,"Semuto , Nakaseke","Bukatira PS",100,2.84,567.74,"24-04-2025 18:31"
14114519,"BUKATIRA PS_015",,099008015,"Semuto , Nakaseke","Bukatira PS",99,64.45,570.58,"24-04-2025 18:30"
14114519,"BUKATIRA PS_015",,099008015,"Semuto , Nakaseke","Bukatira PS",98,0,635.02,"24-04-2025 18:25"
14119114,"BUKATIRA PS_009",,099008009,"Semuto , Nakaseke","Bukatira PS",29,18.62,35.23,"24-04-2025 17:15"
14119114,"BUKATIRA PS_009",,099008009,"Semuto , Nakaseke","Bukatira PS",28,27.86,53.85,"24-04-2025 17:12"
14114519,"BUKATIRA PS_015",,099008015,"Semuto , Nakaseke","Bukatira PS",98,41.11,635.02,"24-04-2025 17:12"
14114519,"BUKATIRA PS_015",,099008015,"Semuto , Nakaseke","Bukatira PS",96,0,677.69,"24-04-2025 17:08"
14114519,"BUKATIRA PS_015",,099008015,"Semuto , Nakaseke","Bukatira PS",97,0,676.14,"24-04-2025 17:08"
14114519,"BUKATIRA PS_015",,099008015,"Semuto , Nakaseke","Bukatira PS",96,3.05,677.69,"24-04-2025 17:08"
14114519,"BUKATIRA PS_015",,099008015,"Semuto , Nakaseke","Bukatira PS",95,0,680.75,"24-04-2025 17:07"
14114519,"BUKATIRA PS_015",,099008015,"Semuto , Nakaseke","Bukatira PS",95,3.04,680.75,"24-04-2025 17:07"
17392543,"BUKATIRA PS_007",,099008007,"Semuto , Nakaseke","Bukatira PS",53,21.06,4903.78,"24-04-2025 17:05"
17392543,"BUKATIRA PS_007",,099008007,"Semuto , Nakaseke","Bukatira PS",52,0,4924.84,"24-04-2025 17:04"
14119114,"BUKATIRA PS_009",,099008009,"Semuto , Nakaseke","Bukatira PS",27,0.06,81.71,"24-04-2025 17:03"
14119114,"BUKATIRA PS_009",,099008009,"Semuto , Nakaseke","Bukatira PS",27,0,81.71,"24-04-2025 17:03"
41161292,"BUKATIRA PS_168",,099008168,"Semuto , Nakaseke","Bukatira PS",27,0.26,88.27,"24-04-2025 16:31"
41161292,"BUKATIRA PS_168",,099008168,"Semuto , Nakaseke","Bukatira PS",27,0,88.27,"24-04-2025 16:31"
41161292,"BUKATIRA PS_168",,099008168,"Semuto , Nakaseke","Bukatira PS",27,0,88.27,"24-04-2025 16:30"
41161292,"BUKATIRA PS_168",,099008168,"Semuto , Nakaseke","Bukatira PS",27,0.1,88.27,"24-04-2025 16:30"
41161292,"BUKATIRA PS_168",,099008168,"Semuto , Nakaseke","Bukatira PS",27,0,88.27,"24-04-2025 16:30"
84221162,"BUKATIRA PS_151",,099008151,"Semuto , Nakaseke","Bukatira PS",181,0,2648.65,"24-04-2025 16:17"
16411412,"BUKATIRA PS_180",,099008180,"Semuto , Nakaseke","Bukatira PS",52,17.64,831.76,"24-04-2025 16:13"
16411412,"BUKATIRA PS_180",,099008180,"Semuto , Nakaseke","Bukatira PS",51,0.05,849.4,"24-04-2025 16:11"
16411412,"BUKATIRA PS_180",,099008180,"Semuto , Nakaseke","Bukatira PS",51,0,849.4,"24-04-2025 16:11"
84221162,"BUKATIRA PS_151",,099008151,"Semuto , Nakaseke","Bukatira PS",181,0.58,2648.65,"24-04-2025 15:58"
84221162,"BUKATIRA PS_151",,099008151,"Semuto , Nakaseke","Bukatira PS",180,0,2649.22,"24-04-2025 15:58"
14114519,"BUKATIRA PS_015",,099008015,"Semuto , Nakaseke","Bukatira PS",94,0,683.78,"24-04-2025 15:54"
84221162,"BUKATIRA PS_151",,099008151,"Semuto , Nakaseke","Bukatira PS",180,1.47,2649.22,"24-04-2025 15:51"
84221162,"BUKATIRA PS_151",,099008151,"Semuto , Nakaseke","Bukatira PS",179,0,2650.69,"24-04-2025 15:51"
84221162,"BUKATIRA PS_151",,099008151,"Semuto , Nakaseke","Bukatira PS",179,0.96,2650.69,"24-04-2025 15:50"
84221162,"BUKATIRA PS_151",,099008151,"Semuto , Nakaseke","Bukatira PS",178,0.19,2651.65,"24-04-2025 15:50"
84221162,"BUKATIRA PS_151",,099008151,"Semuto , Nakaseke","Bukatira PS",178,0,2651.65,"24-04-2025 15:49"
84221162,"BUKATIRA PS_151",,099008151,"Semuto , Nakaseke","Bukatira PS",178,0,2651.65,"24-04-2025 15:49"
14116622,"BUKATIRA PS_018",,099008018,"Semuto , Nakaseke","Bukatira PS",179,0,800.16,"24-04-2025 15:46"
14116622,"BUKATIRA PS_018",,099008018,"Semuto , Nakaseke","Bukatira PS",179,0,800.16,"24-04-2025 15:43"
84216121,"BUKATIRA PS_158",,099008158,"Semuto , Nakaseke","Bukatira PS",40,0,678.19,"24-04-2025 15:40"
15766162,"BUKATIRA PS_049",,099008049,"Semuto , Nakaseke","Bukatira PS",45,0,373.37,"24-04-2025 15:34"
84221162,"BUKATIRA PS_151",,099008151,"Semuto , Nakaseke","Bukatira PS",178,0,2651.65,"24-04-2025 15:32"
15766162,"BUKATIRA PS_049",,099008049,"Semuto , Nakaseke","Bukatira PS",45,0,373.37,"24-04-2025 15:32"
84221162,"BUKATIRA PS_151",,099008151,"Semuto , Nakaseke","Bukatira PS",178,0,2651.65,"24-04-2025 15:31"
84221162,"BUKATIRA PS_151",,099008151,"Semuto , Nakaseke","Bukatira PS",178,0,2651.65,"24-04-2025 15:30"
84221162,"BUKATIRA PS_151",,099008151,"Semuto , Nakaseke","Bukatira PS",178,0,2651.65,"24-04-2025 15:30"
84221162,"BUKATIRA PS_151",,099008151,"Semuto , Nakaseke","Bukatira PS",177,0.22,2653,"24-04-2025 15:27"
84221162,"BUKATIRA PS_151",,099008151,"Semuto , Nakaseke","Bukatira PS",177,0,2653,"24-04-2025 15:27"
84913122,"BUKATIRA PS_171",,099008171,"Semuto , Nakaseke","Bukatira PS",25,80.98,304.98,"24-04-2025 15:18"
84913122,"BUKATIRA PS_171",,099008171,"Semuto , Nakaseke","Bukatira PS",24,0,385.96,"24-04-2025 15:14"
84913122,"BUKATIRA PS_171",,099008171,"Semuto , Nakaseke","Bukatira PS",24,28.41,385.96,"24-04-2025 15:13"
84913122,"BUKATIRA PS_171",,099008171,"Semuto , Nakaseke","Bukatira PS",23,5.47,414.36,"24-04-2025 15:12"
84913122,"BUKATIRA PS_171",,099008171,"Semuto , Nakaseke","Bukatira PS",21,0,421,"24-04-2025 15:11"
84913122,"BUKATIRA PS_171",,099008171,"Semuto , Nakaseke","Bukatira PS",21,0,421,"24-04-2025 15:11"
84913122,"BUKATIRA PS_171",,099008171,"Semuto , Nakaseke","Bukatira PS",21,6.28,421,"24-04-2025 15:06"
84913122,"BUKATIRA PS_171",,099008171,"Semuto , Nakaseke","Bukatira PS",20,0.28,427.28,"24-04-2025 15:06"
84913122,"BUKATIRA PS_171",,099008171,"Semuto , Nakaseke","Bukatira PS",20,0,427.28,"24-04-2025 15:05"
20966422,"BUKATIRA PS_162",,099008162,"Semuto , Nakaseke","Bukatira PS",12,0,500,"24-04-2025 14:52"
20966422,"BUKATIRA PS_162",,099008162,"Semuto , Nakaseke","Bukatira PS",12,0,500,"24-04-2025 14:52"
20966422,"BUKATIRA PS_162",,099008162,"Semuto , Nakaseke","Bukatira PS",12,0,500,"24-04-2025 14:51"
20966422,"BUKATIRA PS_162",,099008162,"Semuto , Nakaseke","Bukatira PS",12,0,500,"24-04-2025 14:51"
20966422,"BUKATIRA PS_162",,099008162,"Semuto , Nakaseke","Bukatira PS",12,0,500,"24-04-2025 14:51"
20966422,"BUKATIRA PS_162",,099008162,"Semuto , Nakaseke","Bukatira PS",12,0,500,"24-04-2025 14:51"
20966422,"BUKATIRA PS_162",,099008162,"Semuto , Nakaseke","Bukatira PS",12,0,500,"24-04-2025 14:50"
20966422,"BUKATIRA PS_162",,099008162,"Semuto , Nakaseke","Bukatira PS",12,0,500,"24-04-2025 14:50"
20966422,"BUKATIRA PS_162",,099008162,"Semuto , Nakaseke","Bukatira PS",12,0,500,"24-04-2025 14:50"
20966422,"BUKATIRA PS_162",,099008162,"Semuto , Nakaseke","Bukatira PS",12,0,500,"24-04-2025 14:49"
20966422,"BUKATIRA PS_162",,099008162,"Semuto , Nakaseke","Bukatira PS",12,0,500,"24-04-2025 14:49"
20966422,"BUKATIRA PS_162",,099008162,"Semuto , Nakaseke","Bukatira PS",12,0,500,"24-04-2025 14:49"
20966422,"BUKATIRA PS_162",,099008162,"Semuto , Nakaseke","Bukatira PS",12,0,500,"24-04-2025 14:49"
20966422,"BUKATIRA PS_162",,099008162,"Semuto , Nakaseke","Bukatira PS",12,0,500,"24-04-2025 14:48"
20966422,"BUKATIRA PS_162",,099008162,"Semuto , Nakaseke","Bukatira PS",12,0,500,"24-04-2025 14:48"
20966422,"BUKATIRA PS_162",,099008162,"Semuto , Nakaseke","Bukatira PS",12,0,500,"24-04-2025 14:48"
20966422,"BUKATIRA PS_162",,099008162,"Semuto , Nakaseke","Bukatira PS",12,0,500,"24-04-2025 14:48"
20966422,"BUKATIRA PS_162",,099008162,"Semuto , Nakaseke","Bukatira PS",12,0,500,"24-04-2025 14:48"
20966422,"BUKATIRA PS_162",,099008162,"Semuto , Nakaseke","Bukatira PS",12,0,500,"24-04-2025 14:47"
20966422,"BUKATIRA PS_162",,099008162,"Semuto , Nakaseke","Bukatira PS",12,0,500,"24-04-2025 14:47"
20966422,"BUKATIRA PS_162",,099008162,"Semuto , Nakaseke","Bukatira PS",12,0,500,"24-04-2025 14:47"
20966422,"BUKATIRA PS_162",,099008162,"Semuto , Nakaseke","Bukatira PS",12,0,500,"24-04-2025 14:46"
20966422,"BUKATIRA PS_162",,099008162,"Semuto , Nakaseke","Bukatira PS",12,0,500,"24-04-2025 14:46"
20966422,"BUKATIRA PS_162",,099008162,"Semuto , Nakaseke","Bukatira PS",12,0,500,"24-04-2025 14:46"
20966422,"BUKATIRA PS_162",,099008162,"Semuto , Nakaseke","Bukatira PS",12,0,500,"24-04-2025 14:45"
20966422,"BUKATIRA PS_162",,099008162,"Semuto , Nakaseke","Bukatira PS",12,0,0,"24-04-2025 14:45"
20966422,"BUKATIRA PS_162",,099008162,"Semuto , Nakaseke","Bukatira PS",12,0,0,"24-04-2025 14:45"
10021412,"BUKATIRA PS_194",,099008194,"Semuto , Nakaseke","Bukatira PS",12,68.06,608.2,"24-04-2025 14:45"
10021412,"BUKATIRA PS_194",,099008194,"Semuto , Nakaseke","Bukatira PS",11,0,676.26,"24-04-2025 14:37"
14114519,"BUKATIRA PS_015",,099008015,"Semuto , Nakaseke","Bukatira PS",94,9.82,683.78,"24-04-2025 14:27"
14114519,"BUKATIRA PS_015",,099008015,"Semuto , Nakaseke","Bukatira PS",93,0,693.6,"24-04-2025 14:26"
14114519,"BUKATIRA PS_015",,099008015,"Semuto , Nakaseke","Bukatira PS",93,0.64,693.6,"24-04-2025 14:26"
14114519,"BUKATIRA PS_015",,099008015,"Semuto , Nakaseke","Bukatira PS",92,0,694.24,"24-04-2025 14:26"
14114519,"BUKATIRA PS_015",,099008015,"Semuto , Nakaseke","Bukatira PS",92,3.39,694.24,"24-04-2025 14:25"
14114519,"BUKATIRA PS_015",,099008015,"Semuto , Nakaseke","Bukatira PS",90,3.11,698.22,"24-04-2025 14:25"
14114519,"BUKATIRA PS_015",,099008015,"Semuto , Nakaseke","Bukatira PS",89,2.7,701.33,"24-04-2025 14:24"
14114519,"BUKATIRA PS_015",,099008015,"Semuto , Nakaseke","Bukatira PS",88,2.93,704.03,"24-04-2025 14:23"
14114519,"BUKATIRA PS_015",,099008015,"Semuto , Nakaseke","Bukatira PS",87,2.97,706.95,"24-04-2025 14:23"
14114519,"BUKATIRA PS_015",,099008015,"Semuto , Nakaseke","Bukatira PS",86,2.9,709.93,"24-04-2025 14:22"
14114519,"BUKATIRA PS_015",,099008015,"Semuto , Nakaseke","Bukatira PS",85,2.4,712.83,"24-04-2025 14:22"
14114519,"BUKATIRA PS_015",,099008015,"Semuto , Nakaseke","Bukatira PS",84,2.75,715.23,"24-04-2025 14:21"
14114519,"BUKATIRA PS_015",,099008015,"Semuto , Nakaseke","Bukatira PS",83,0.87,717.98,"24-04-2025 14:21"
14114519,"BUKATIRA PS_015",,099008015,"Semuto , Nakaseke","Bukatira PS",82,0,718.84,"24-04-2025 14:20"
14114519,"BUKATIRA PS_015",,099008015,"Semuto , Nakaseke","Bukatira PS",82,1.43,718.84,"24-04-2025 14:19"
14114519,"BUKATIRA PS_015",,099008015,"Semuto , Nakaseke","Bukatira PS",81,0,720.27,"24-04-2025 14:19"
14114519,"BUKATIRA PS_015",,099008015,"Semuto , Nakaseke","Bukatira PS",81,1.57,720.27,"24-04-2025 14:18"
14114519,"BUKATIRA PS_015",,099008015,"Semuto , Nakaseke","Bukatira PS",80,0,721.85,"24-04-2025 14:18"
14114519,"BUKATIRA PS_015",,099008015,"Semuto , Nakaseke","Bukatira PS",80,0,721.85,"24-04-2025 14:18"
14114519,"BUKATIRA PS_015",,099008015,"Semuto , Nakaseke","Bukatira PS",80,0,721.85,"24-04-2025 14:17"
14114519,"BUKATIRA PS_015",,099008015,"Semuto , Nakaseke","Bukatira PS",80,0.73,721.85,"24-04-2025 14:17"
14114519,"BUKATIRA PS_015",,099008015,"Semuto , Nakaseke","Bukatira PS",79,0,722.58,"24-04-2025 14:16"
14114519,"BUKATIRA PS_015",,099008015,"Semuto , Nakaseke","Bukatira PS",79,0.28,722.58,"24-04-2025 14:13"
14114519,"BUKATIRA PS_015",,099008015,"Semuto , Nakaseke","Bukatira PS",79,0.2,722.58,"24-04-2025 14:13"
14114519,"BUKATIRA PS_015",,099008015,"Semuto , Nakaseke","Bukatira PS",79,0,722.58,"24-04-2025 14:13"
14111623,"BUKATIRA PS_037",,099008037,"Semuto , Nakaseke","Bukatira PS",16,0.05,753.04,"24-04-2025 14:11"
14111623,"BUKATIRA PS_037",,099008037,"Semuto , Nakaseke","Bukatira PS",16,0,753.04,"24-04-2025 14:09"
84216121,"BUKATIRA PS_158",,099008158,"Semuto , Nakaseke","Bukatira PS",40,36.06,678.19,"24-04-2025 13:37"
84216121,"BUKATIRA PS_158",,099008158,"Semuto , Nakaseke","Bukatira PS",39,0,714.25,"24-04-2025 13:34"
17392543,"BUKATIRA PS_007",,099008007,"Semuto , Nakaseke","Bukatira PS",52,3.08,4924.84,"24-04-2025 13:03"
17392543,"BUKATIRA PS_007",,099008007,"Semuto , Nakaseke","Bukatira PS",51,0,4927.92,"24-04-2025 13:03"
13217212,"BUKATIRA PS_195",,099008195,"Semuto , Nakaseke","Bukatira PS",51,3.17,327.01,"24-04-2025 13:03"
13217212,"BUKATIRA PS_195",,099008195,"Semuto , Nakaseke","Bukatira PS",49,0,331.22,"24-04-2025 13:02"
13217212,"BUKATIRA PS_195",,099008195,"Semuto , Nakaseke","Bukatira PS",49,16.28,331.22,"24-04-2025 13:02"
13217212,"BUKATIRA PS_195",,099008195,"Semuto , Nakaseke","Bukatira PS",48,5.07,347.5,"24-04-2025 13:00"
13217212,"BUKATIRA PS_195",,099008195,"Semuto , Nakaseke","Bukatira PS",47,0,352.57,"24-04-2025 12:59"
15715424,"BUKATIRA PS_076",,099008076,"Semuto , Nakaseke","Bukatira PS",15,0,817.41,"24-04-2025 12:43"
15715424,"BUKATIRA PS_076",,099008076,"Semuto , Nakaseke","Bukatira PS",15,2.33,817.41,"24-04-2025 12:40"
15715424,"BUKATIRA PS_076",,099008076,"Semuto , Nakaseke","Bukatira PS",14,0,819.74,"24-04-2025 12:40"
15715424,"BUKATIRA PS_076",,099008076,"Semuto , Nakaseke","Bukatira PS",14,1.33,819.74,"24-04-2025 12:35"
15715424,"BUKATIRA PS_076",,099008076,"Semuto , Nakaseke","Bukatira PS",13,0,821.08,"24-04-2025 12:34"
10010012,"BUKATIRA PS_198",,099008198,"Semuto , Nakaseke","Bukatira PS",202,1.62,973.46,"24-04-2025 12:33"
10010012,"BUKATIRA PS_198",,099008198,"Semuto , Nakaseke","Bukatira PS",201,0,975.08,"24-04-2025 12:32"
10010012,"BUKATIRA PS_198",,099008198,"Semuto , Nakaseke","Bukatira PS",200,0,975.82,"24-04-2025 12:31"
10010012,"BUKATIRA PS_198",,099008198,"Semuto , Nakaseke","Bukatira PS",200,42.55,975.82,"24-04-2025 12:31"
10010012,"BUKATIRA PS_198",,099008198,"Semuto , Nakaseke","Bukatira PS",199,0,1018.37,"24-04-2025 12:27"
15715424,"BUKATIRA PS_076",,099008076,"Semuto , Nakaseke","Bukatira PS",13,20.21,821.08,"24-04-2025 12:26"
15715424,"BUKATIRA PS_076",,099008076,"Semuto , Nakaseke","Bukatira PS",12,0,841.28,"24-04-2025 12:25"
10010012,"BUKATIRA PS_198",,099008198,"Semuto , Nakaseke","Bukatira PS",199,35.79,1018.37,"24-04-2025 12:25"
10010012,"BUKATIRA PS_198",,099008198,"Semuto , Nakaseke","Bukatira PS",198,0,1054.16,"24-04-2025 12:22"
10010012,"BUKATIRA PS_198",,099008198,"Semuto , Nakaseke","Bukatira PS",198,72.25,1054.16,"24-04-2025 12:21"
10010012,"BUKATIRA PS_198",,099008198,"Semuto , Nakaseke","Bukatira PS",197,0,1126.41,"24-04-2025 12:14"
13216411,"BUKATIRA PS_185",,099008185,"Semuto , Nakaseke","Bukatira PS",36,133.92,225.28,"24-04-2025 12:08"
13216411,"BUKATIRA PS_185",,099008185,"Semuto , Nakaseke","Bukatira PS",35,0,359.19,"24-04-2025 11:58"
16420512,"BUKATIRA PS_188",,099008188,"Semuto , Nakaseke","Bukatira PS",72,20.58,519.18,"24-04-2025 11:57"
16420512,"BUKATIRA PS_188",,099008188,"Semuto , Nakaseke","Bukatira PS",71,0,539.76,"24-04-2025 11:54"
15715424,"BUKATIRA PS_076",,099008076,"Semuto , Nakaseke","Bukatira PS",12,17.44,841.28,"24-04-2025 11:53"
15715424,"BUKATIRA PS_076",,099008076,"Semuto , Nakaseke","Bukatira PS",11,0,858.72,"24-04-2025 11:51"
15715147,"BUKATIRA PS_060",,099008060,"Semuto , Nakaseke","Bukatira PS",39,49.8,1041.49,"24-04-2025 11:51"
15715147,"BUKATIRA PS_060",,099008060,"Semuto , Nakaseke","Bukatira PS",38,0,1091.29,"24-04-2025 11:47"
15715147,"BUKATIRA PS_060",,099008060,"Semuto , Nakaseke","Bukatira PS",38,40.29,1091.29,"24-04-2025 11:47"
15715147,"BUKATIRA PS_060",,099008060,"Semuto , Nakaseke","Bukatira PS",37,0,1131.57,"24-04-2025 11:45"
15715147,"BUKATIRA PS_060",,099008060,"Semuto , Nakaseke","Bukatira PS",37,39.22,1131.57,"24-04-2025 11:45"
15715147,"BUKATIRA PS_060",,099008060,"Semuto , Nakaseke","Bukatira PS",36,0,1170.8,"24-04-2025 11:41"
15715424,"BUKATIRA PS_076",,099008076,"Semuto , Nakaseke","Bukatira PS",11,18.09,858.72,"24-04-2025 11:35"
15715424,"BUKATIRA PS_076",,099008076,"Semuto , Nakaseke","Bukatira PS",10,0,876.81,"24-04-2025 11:33"
15715424,"BUKATIRA PS_076",,099008076,"Semuto , Nakaseke","Bukatira PS",10,0,876.81,"24-04-2025 11:33"
15715424,"BUKATIRA PS_076",,099008076,"Semuto , Nakaseke","Bukatira PS",10,0,876.81,"24-04-2025 11:32"
15715424,"BUKATIRA PS_076",,099008076,"Semuto , Nakaseke","Bukatira PS",10,0,876.81,"24-04-2025 11:32"
15715424,"BUKATIRA PS_076",,099008076,"Semuto , Nakaseke","Bukatira PS",10,17.43,876.81,"24-04-2025 11:25"
15715424,"BUKATIRA PS_076",,099008076,"Semuto , Nakaseke","Bukatira PS",9,0,894.24,"24-04-2025 11:23"
19626117,"BUKATIRA PS_184",,099008184,"Semuto , Nakaseke","Bukatira PS",16,20.94,513.61,"24-04-2025 11:23"
19626117,"BUKATIRA PS_184",,099008184,"Semuto , Nakaseke","Bukatira PS",15,0,534.55,"24-04-2025 11:21"
19626117,"BUKATIRA PS_184",,099008184,"Semuto , Nakaseke","Bukatira PS",15,20.4,534.55,"24-04-2025 11:21"
19626117,"BUKATIRA PS_184",,099008184,"Semuto , Nakaseke","Bukatira PS",14,0,554.95,"24-04-2025 11:19"
15715424,"BUKATIRA PS_076",,099008076,"Semuto , Nakaseke","Bukatira PS",9,18.37,894.24,"24-04-2025 11:17"
15715424,"BUKATIRA PS_076",,099008076,"Semuto , Nakaseke","Bukatira PS",8,0,912.61,"24-04-2025 11:16"
15715424,"BUKATIRA PS_076",,099008076,"Semuto , Nakaseke","Bukatira PS",8,2.18,912.61,"24-04-2025 11:16"
15715424,"BUKATIRA PS_076",,099008076,"Semuto , Nakaseke","Bukatira PS",7,0,914.79,"24-04-2025 11:15"
15715424,"BUKATIRA PS_076",,099008076,"Semuto , Nakaseke","Bukatira PS",7,15.04,914.79,"24-04-2025 11:14"
15715424,"BUKATIRA PS_076",,099008076,"Semuto , Nakaseke","Bukatira PS",6,0,929.83,"24-04-2025 11:13"
10010012,"BUKATIRA PS_198",,099008198,"Semuto , Nakaseke","Bukatira PS",197,9.19,1126.41,"24-04-2025 11:13"
10010012,"BUKATIRA PS_198",,099008198,"Semuto , Nakaseke","Bukatira PS",196,0,1135.59,"24-04-2025 11:12"
10010012,"BUKATIRA PS_198",,099008198,"Semuto , Nakaseke","Bukatira PS",196,34.91,1135.59,"24-04-2025 11:12"
10010012,"BUKATIRA PS_198",,099008198,"Semuto , Nakaseke","Bukatira PS",195,0,1170.5,"24-04-2025 11:10"
10010012,"BUKATIRA PS_198",,099008198,"Semuto , Nakaseke","Bukatira PS",195,21.78,1170.5,"24-04-2025 11:09"
10010012,"BUKATIRA PS_198",,099008198,"Semuto , Nakaseke","Bukatira PS",194,0,1192.29,"24-04-2025 11:08"
10010012,"BUKATIRA PS_198",,099008198,"Semuto , Nakaseke","Bukatira PS",194,0.65,1192.29,"24-04-2025 11:08"
10010012,"BUKATIRA PS_198",,099008198,"Semuto , Nakaseke","Bukatira PS",193,11.66,1192.94,"24-04-2025 11:07"
10010012,"BUKATIRA PS_198",,099008198,"Semuto , Nakaseke","Bukatira PS",192,0,1204.59,"24-04-2025 11:06"
17392543,"BUKATIRA PS_007",,099008007,"Semuto , Nakaseke","Bukatira PS",51,0,4927.92,"24-04-2025 11:05"
68351162,"BUKATIRA PS_161",,099008161,"Semuto , Nakaseke","Bukatira PS",58,17.59,390.07,"24-04-2025 11:05"
17392543,"BUKATIRA PS_007",,099008007,"Semuto , Nakaseke","Bukatira PS",51,1.9,4927.92,"24-04-2025 11:04"
68351162,"BUKATIRA PS_161",,099008161,"Semuto , Nakaseke","Bukatira PS",57,14.8,407.65,"24-04-2025 11:03"
68351162,"BUKATIRA PS_161",,099008161,"Semuto , Nakaseke","Bukatira PS",56,0,422.45,"24-04-2025 11:02"
17392543,"BUKATIRA PS_007",,099008007,"Semuto , Nakaseke","Bukatira PS",49,0,4930.35,"24-04-2025 11:02"
17392543,"BUKATIRA PS_007",,099008007,"Semuto , Nakaseke","Bukatira PS",49,2.49,4930.35,"24-04-2025 11:01"
17392543,"BUKATIRA PS_007",,099008007,"Semuto , Nakaseke","Bukatira PS",48,0,4932.84,"24-04-2025 11:01"
68351162,"BUKATIRA PS_161",,099008161,"Semuto , Nakaseke","Bukatira PS",56,6.59,422.45,"24-04-2025 11:00"
68351162,"BUKATIRA PS_161",,099008161,"Semuto , Nakaseke","Bukatira PS",55,62.49,429.04,"24-04-2025 10:55"
68351162,"BUKATIRA PS_161",,099008161,"Semuto , Nakaseke","Bukatira PS",54,0,491.53,"24-04-2025 10:47"
24415513,"BUKATIRA PS_189",,099008189,"Semuto , Nakaseke","Bukatira PS",37,6.07,1992.13,"24-04-2025 10:47"
24415513,"BUKATIRA PS_189",,099008189,"Semuto , Nakaseke","Bukatira PS",36,0,1998.2,"24-04-2025 10:47"
24415513,"BUKATIRA PS_189",,099008189,"Semuto , Nakaseke","Bukatira PS",36,11.08,1998.2,"24-04-2025 10:46"
24415513,"BUKATIRA PS_189",,099008189,"Semuto , Nakaseke","Bukatira PS",35,0,2009.27,"24-04-2025 10:44"
24415513,"BUKATIRA PS_189",,099008189,"Semuto , Nakaseke","Bukatira PS",35,64.15,2009.27,"24-04-2025 10:43"
24415513,"BUKATIRA PS_189",,099008189,"Semuto , Nakaseke","Bukatira PS",34,0,2073.42,"24-04-2025 10:37"
24415513,"BUKATIRA PS_189",,099008189,"Semuto , Nakaseke","Bukatira PS",34,34.68,2073.42,"24-04-2025 10:37"
24415513,"BUKATIRA PS_189",,099008189,"Semuto , Nakaseke","Bukatira PS",33,0,2108.1,"24-04-2025 10:34"
17392543,"BUKATIRA PS_007",,099008007,"Semuto , Nakaseke","Bukatira PS",47,0,4933.42,"24-04-2025 10:31"
17392543,"BUKATIRA PS_007",,099008007,"Semuto , Nakaseke","Bukatira PS",46,0,4934.5,"24-04-2025 10:30"
17392543,"BUKATIRA PS_007",,099008007,"Semuto , Nakaseke","Bukatira PS",46,0,4934.5,"24-04-2025 10:30"
17392543,"BUKATIRA PS_007",,099008007,"Semuto , Nakaseke","Bukatira PS",46,0,4934.5,"24-04-2025 10:30"
17392543,"BUKATIRA PS_007",,099008007,"Semuto , Nakaseke","Bukatira PS",46,0,4934.5,"24-04-2025 10:29"
10015130,"BUKATIRA PS_152",,099008152,"Semuto , Nakaseke","Bukatira PS",16,79.47,1065.93,"24-04-2025 10:28"
10015130,"BUKATIRA PS_152",,099008152,"Semuto , Nakaseke","Bukatira PS",15,0,1145.4,"24-04-2025 10:22"
14121111,"BUKATIRA PS_044",,099008044,"Semuto , Nakaseke","Bukatira PS",3,23.08,953.88,"24-04-2025 10:11"
14121111,"BUKATIRA PS_044",,099008044,"Semuto , Nakaseke","Bukatira PS",2,0,976.96,"24-04-2025 10:10"
14121111,"BUKATIRA PS_044",,099008044,"Semuto , Nakaseke","Bukatira PS",2,19.83,976.96,"24-04-2025 10:09"
14121111,"BUKATIRA PS_044",,099008044,"Semuto , Nakaseke","Bukatira PS",1,0,996.79,"24-04-2025 10:08"
14121111,"BUKATIRA PS_044",,099008044,"Semuto , Nakaseke","Bukatira PS",1,3.21,996.79,"24-04-2025 10:08"
14121111,"BUKATIRA PS_044",,099008044,"Semuto , Nakaseke","Bukatira PS",0,0,1000,"24-04-2025 10:08"
14121111,"BUKATIRA PS_044",,099008044,"Semuto , Nakaseke","Bukatira PS",0,0,1000,"24-04-2025 10:07"
14121612,"BUKATIRA PS_029",,099008029,"Semuto , Nakaseke","Bukatira PS",6,46.59,111.55,"24-04-2025 09:54"
36788322,"BUKATIRA PS_169",,099008169,"Semuto , Nakaseke","Bukatira PS",20,10.95,761.68,"24-04-2025 09:50"
36788322,"BUKATIRA PS_169",,099008169,"Semuto , Nakaseke","Bukatira PS",19,0.11,772.64,"24-04-2025 09:49"
36788322,"BUKATIRA PS_169",,099008169,"Semuto , Nakaseke","Bukatira PS",19,0,772.64,"24-04-2025 09:49"
36788322,"BUKATIRA PS_169",,099008169,"Semuto , Nakaseke","Bukatira PS",19,39.33,772.64,"24-04-2025 09:48"
36788322,"BUKATIRA PS_169",,099008169,"Semuto , Nakaseke","Bukatira PS",18,0,811.97,"24-04-2025 09:45"
17392543,"BUKATIRA PS_007",,099008007,"Semuto , Nakaseke","Bukatira PS",46,0,4934.5,"24-04-2025 09:45"
17392543,"BUKATIRA PS_007",,099008007,"Semuto , Nakaseke","Bukatira PS",46,0,4934.5,"24-04-2025 09:45"
17392543,"BUKATIRA PS_007",,099008007,"Semuto , Nakaseke","Bukatira PS",46,3.4,4934.5,"24-04-2025 09:44"
17392543,"BUKATIRA PS_007",,099008007,"Semuto , Nakaseke","Bukatira PS",45,0,4937.9,"24-04-2025 09:42"
15795832,"BUKATIRA PS_014",,099008014,"Semuto , Nakaseke","Bukatira PS",5,196.29,577.58,"24-04-2025 09:40"
15795832,"BUKATIRA PS_014",,099008014,"Semuto , Nakaseke","Bukatira PS",4,0,773.86,"24-04-2025 09:26"
10010012,"BUKATIRA PS_198",,099008198,"Semuto , Nakaseke","Bukatira PS",192,40.57,1204.59,"24-04-2025 09:26"
10010012,"BUKATIRA PS_198",,099008198,"Semuto , Nakaseke","Bukatira PS",191,0,1245.17,"24-04-2025 09:23"
10010012,"BUKATIRA PS_198",,099008198,"Semuto , Nakaseke","Bukatira PS",191,36.1,1245.17,"24-04-2025 09:22"
10010012,"BUKATIRA PS_198",,099008198,"Semuto , Nakaseke","Bukatira PS",190,28.67,1281.27,"24-04-2025 09:19"
10010012,"BUKATIRA PS_198",,099008198,"Semuto , Nakaseke","Bukatira PS",189,0,1309.94,"24-04-2025 09:16"
10010012,"BUKATIRA PS_198",,099008198,"Semuto , Nakaseke","Bukatira PS",189,40.06,409.94,"24-04-2025 09:16"
10010012,"BUKATIRA PS_198",,099008198,"Semuto , Nakaseke","Bukatira PS",188,0,450,"24-04-2025 09:13"
17392543,"BUKATIRA PS_007",,099008007,"Semuto , Nakaseke","Bukatira PS",45,1.23,4937.9,"24-04-2025 08:58"
17392543,"BUKATIRA PS_007",,099008007,"Semuto , Nakaseke","Bukatira PS",44,0,4939.12,"24-04-2025 08:58"
17392543,"BUKATIRA PS_007",,099008007,"Semuto , Nakaseke","Bukatira PS",44,0,4939.12,"24-04-2025 08:57"
17392543,"BUKATIRA PS_007",,099008007,"Semuto , Nakaseke","Bukatira PS",43,0,4939.83,"24-04-2025 08:57"
17392543,"BUKATIRA PS_007",,099008007,"Semuto , Nakaseke","Bukatira PS",43,1.94,4939.83,"24-04-2025 08:56"
17392543,"BUKATIRA PS_007",,099008007,"Semuto , Nakaseke","Bukatira PS",42,0.32,4941.77,"24-04-2025 08:56"
17392543,"BUKATIRA PS_007",,099008007,"Semuto , Nakaseke","Bukatira PS",42,1.84,4941.77,"24-04-2025 08:55"
17392543,"BUKATIRA PS_007",,099008007,"Semuto , Nakaseke","Bukatira PS",41,0,4943.61,"24-04-2025 08:55"
17392543,"BUKATIRA PS_007",,099008007,"Semuto , Nakaseke","Bukatira PS",41,0,4943.61,"24-04-2025 08:54"
17392543,"BUKATIRA PS_007",,099008007,"Semuto , Nakaseke","Bukatira PS",41,0.52,4943.61,"24-04-2025 08:54"
17392543,"BUKATIRA PS_007",,099008007,"Semuto , Nakaseke","Bukatira PS",40,0,4944.13,"24-04-2025 08:54"
17392543,"BUKATIRA PS_007",,099008007,"Semuto , Nakaseke","Bukatira PS",40,0.52,4944.13,"24-04-2025 08:54"
17392543,"BUKATIRA PS_007",,099008007,"Semuto , Nakaseke","Bukatira PS",39,0,4944.66,"24-04-2025 08:54"
84221162,"BUKATIRA PS_151",,099008151,"Semuto , Nakaseke","Bukatira PS",177,149.16,2653,"24-04-2025 08:39"
84221162,"BUKATIRA PS_151",,099008151,"Semuto , Nakaseke","Bukatira PS",176,0,2802.16,"24-04-2025 08:26"
15719913,"BUKATIRA PS_048",,099008048,"Semuto , Nakaseke","Bukatira PS",3,36.67,889.67,"24-04-2025 07:46"
15719913,"BUKATIRA PS_048",,099008048,"Semuto , Nakaseke","Bukatira PS",2,0,926.34,"24-04-2025 07:42"
17392543,"BUKATIRA PS_007",,099008007,"Semuto , Nakaseke","Bukatira PS",39,11.87,4944.66,"24-04-2025 07:39"
17392543,"BUKATIRA PS_007",,099008007,"Semuto , Nakaseke","Bukatira PS",38,2.76,4956.53,"24-04-2025 07:38"
17392543,"BUKATIRA PS_007",,099008007,"Semuto , Nakaseke","Bukatira PS",37,0,4959.29,"24-04-2025 07:38"
17392543,"BUKATIRA PS_007",,099008007,"Semuto , Nakaseke","Bukatira PS",36,0,4961.26,"24-04-2025 07:38"
15715424,"BUKATIRA PS_076",,099008076,"Semuto , Nakaseke","Bukatira PS",6,22.59,929.83,"24-04-2025 07:29"
15715424,"BUKATIRA PS_076",,099008076,"Semuto , Nakaseke","Bukatira PS",5,0,952.42,"24-04-2025 07:27"
84216121,"BUKATIRA PS_158",,099008158,"Semuto , Nakaseke","Bukatira PS",38,0,715.62,"24-04-2025 07:03"
84216121,"BUKATIRA PS_158",,099008158,"Semuto , Nakaseke","Bukatira PS",38,12.07,715.62,"24-04-2025 07:03"
84216121,"BUKATIRA PS_158",,099008158,"Semuto , Nakaseke","Bukatira PS",37,2.54,727.69,"24-04-2025 07:02"
84216121,"BUKATIRA PS_158",,099008158,"Semuto , Nakaseke","Bukatira PS",36,22.21,730.23,"24-04-2025 07:01"
84216121,"BUKATIRA PS_158",,099008158,"Semuto , Nakaseke","Bukatira PS",35,0,752.45,"24-04-2025 06:58"
84216121,"BUKATIRA PS_158",,099008158,"Semuto , Nakaseke","Bukatira PS",35,34.77,752.45,"24-04-2025 06:29"
84216121,"BUKATIRA PS_158",,099008158,"Semuto , Nakaseke","Bukatira PS",34,0,787.22,"24-04-2025 06:25"
15715424,"BUKATIRA PS_076",,099008076,"Semuto , Nakaseke","Bukatira PS",4,0,953.19,"24-04-2025 06:02"
19626117,"BUKATIRA PS_184",,099008184,"Semuto , Nakaseke","Bukatira PS",14,19.57,554.95,"24-04-2025 05:38"
19626117,"BUKATIRA PS_184",,099008184,"Semuto , Nakaseke","Bukatira PS",13,0,574.52,"24-04-2025 05:35"
19626117,"BUKATIRA PS_184",,099008184,"Semuto , Nakaseke","Bukatira PS",13,19.59,574.52,"24-04-2025 05:35"
19626117,"BUKATIRA PS_184",,099008184,"Semuto , Nakaseke","Bukatira PS",12,0,594.11,"24-04-2025 05:33"
84221162,"BUKATIRA PS_151",,099008151,"Semuto , Nakaseke","Bukatira PS",176,35.82,2802.16,"24-04-2025 04:55"
84221162,"BUKATIRA PS_151",,099008151,"Semuto , Nakaseke","Bukatira PS",175,0,2837.98,"24-04-2025 04:52"
16411412,"BUKATIRA PS_180",,099008180,"Semuto , Nakaseke","Bukatira PS",51,18.64,849.4,"24-04-2025 04:51"
16411412,"BUKATIRA PS_180",,099008180,"Semuto , Nakaseke","Bukatira PS",50,0,868.04,"24-04-2025 04:48"
16411412,"BUKATIRA PS_180",,099008180,"Semuto , Nakaseke","Bukatira PS",50,19.17,868.04,"24-04-2025 04:48"
16411412,"BUKATIRA PS_180",,099008180,"Semuto , Nakaseke","Bukatira PS",49,0,887.21,"24-04-2025 04:46"
19626117,"BUKATIRA PS_184",,099008184,"Semuto , Nakaseke","Bukatira PS",12,20.8,594.11,"24-04-2025 04:46"
19626117,"BUKATIRA PS_184",,099008184,"Semuto , Nakaseke","Bukatira PS",11,0,614.91,"24-04-2025 04:45"
19626117,"BUKATIRA PS_184",,099008184,"Semuto , Nakaseke","Bukatira PS",11,19.6,614.91,"24-04-2025 04:45"
19626117,"BUKATIRA PS_184",,099008184,"Semuto , Nakaseke","Bukatira PS",10,0,634.51,"24-04-2025 04:43"
24415513,"BUKATIRA PS_189",,099008189,"Semuto , Nakaseke","Bukatira PS",33,6.29,2108.1,"24-04-2025 04:43"
24415513,"BUKATIRA PS_189",,099008189,"Semuto , Nakaseke","Bukatira PS",32,0,2114.39,"24-04-2025 04:42"
15795832,"BUKATIRA PS_014",,099008014,"Semuto , Nakaseke","Bukatira PS",4,37.25,773.86,"24-04-2025 04:42"
15795832,"BUKATIRA PS_014",,099008014,"Semuto , Nakaseke","Bukatira PS",3,0,811.11,"24-04-2025 04:39"
15795832,"BUKATIRA PS_014",,099008014,"Semuto , Nakaseke","Bukatira PS",3,37.17,811.11,"24-04-2025 04:39"
15795832,"BUKATIRA PS_014",,099008014,"Semuto , Nakaseke","Bukatira PS",2,0,848.28,"24-04-2025 04:36"
15795832,"BUKATIRA PS_014",,099008014,"Semuto , Nakaseke","Bukatira PS",2,76.43,848.28,"24-04-2025 04:36"
15795832,"BUKATIRA PS_014",,099008014,"Semuto , Nakaseke","Bukatira PS",1,0,924.71,"24-04-2025 04:31"
15795832,"BUKATIRA PS_014",,099008014,"Semuto , Nakaseke","Bukatira PS",1,75.29,924.71,"24-04-2025 04:31"
15795832,"BUKATIRA PS_014",,099008014,"Semuto , Nakaseke","Bukatira PS",0,0,1000,"24-04-2025 04:25"
10010012,"BUKATIRA PS_198",,099008198,"Semuto , Nakaseke","Bukatira PS",188,0,450,"24-04-2025 04:25"
10010012,"BUKATIRA PS_198",,099008198,"Semuto , Nakaseke","Bukatira PS",188,0,0,"24-04-2025 04:25"
10010012,"BUKATIRA PS_198",,099008198,"Semuto , Nakaseke","Bukatira PS",188,6.07,0.8,"24-04-2025 04:25"
10010012,"BUKATIRA PS_198",,099008198,"Semuto , Nakaseke","Bukatira PS",187,0,6.87,"24-04-2025 04:23"
16411412,"BUKATIRA PS_180",,099008180,"Semuto , Nakaseke","Bukatira PS",49,40.07,887.21,"24-04-2025 04:23"
16411412,"BUKATIRA PS_180",,099008180,"Semuto , Nakaseke","Bukatira PS",48,0,927.28,"24-04-2025 04:17"
14124618,"BUKATIRA PS_017",,099008017,"Semuto , Nakaseke","Bukatira PS",15,19.78,544.12,"24-04-2025 04:13"
14124618,"BUKATIRA PS_017",,099008017,"Semuto , Nakaseke","Bukatira PS",14,21.3,563.89,"24-04-2025 04:12"
14124618,"BUKATIRA PS_017",,099008017,"Semuto , Nakaseke","Bukatira PS",13,0,585.19,"24-04-2025 04:10"
15728191,"BUKATIRA PS_027",,099008027,"Semuto , Nakaseke","Bukatira PS",3,80.28,817.06,"24-04-2025 04:05"
15728191,"BUKATIRA PS_027",,099008027,"Semuto , Nakaseke","Bukatira PS",2,0,897.33,"24-04-2025 03:59"
14815613,"BUKATIRA PS_182",,099008182,"Semuto , Nakaseke","Bukatira PS",9,3.36,806.81,"24-04-2025 02:45"
14815613,"BUKATIRA PS_182",,099008182,"Semuto , Nakaseke","Bukatira PS",8,29.16,810.17,"24-04-2025 02:42"
14815613,"BUKATIRA PS_182",,099008182,"Semuto , Nakaseke","Bukatira PS",7,0,839.34,"24-04-2025 02:40"
10010012,"BUKATIRA PS_198",,099008198,"Semuto , Nakaseke","Bukatira PS",187,0,6.87,"23-04-2025 19:57"
10010012,"BUKATIRA PS_198",,099008198,"Semuto , Nakaseke","Bukatira PS",187,34.7,6.87,"23-04-2025 19:57"
10010012,"BUKATIRA PS_198",,099008198,"Semuto , Nakaseke","Bukatira PS",186,0,41.56,"23-04-2025 19:55"
10010012,"BUKATIRA PS_198",,099008198,"Semuto , Nakaseke","Bukatira PS",186,36.44,41.56,"23-04-2025 19:51"
10010012,"BUKATIRA PS_198",,099008198,"Semuto , Nakaseke","Bukatira PS",185,0,78,"23-04-2025 19:49"
10010012,"BUKATIRA PS_198",,099008198,"Semuto , Nakaseke","Bukatira PS",185,36.29,78,"23-04-2025 19:48"
10010012,"BUKATIRA PS_198",,099008198,"Semuto , Nakaseke","Bukatira PS",184,0,114.29,"23-04-2025 19:46"
14114519,"BUKATIRA PS_015",,099008015,"Semuto , Nakaseke","Bukatira PS",79,20.86,722.58,"23-04-2025 18:44"
14114519,"BUKATIRA PS_015",,099008015,"Semuto , Nakaseke","Bukatira PS",78,0,743.44,"23-04-2025 18:40"
10010012,"BUKATIRA PS_198",,099008198,"Semuto , Nakaseke","Bukatira PS",184,0,114.29,"23-04-2025 17:55"
10010012,"BUKATIRA PS_198",,099008198,"Semuto , Nakaseke","Bukatira PS",184,39.75,114.29,"23-04-2025 17:55"
10010012,"BUKATIRA PS_198",,099008198,"Semuto , Nakaseke","Bukatira PS",183,0,154.05,"23-04-2025 17:52"
10010012,"BUKATIRA PS_198",,099008198,"Semuto , Nakaseke","Bukatira PS",183,118.13,154.05,"23-04-2025 17:51"
10010012,"BUKATIRA PS_198",,099008198,"Semuto , Nakaseke","Bukatira PS",182,0,272.17,"23-04-2025 17:42"
14114519,"BUKATIRA PS_015",,099008015,"Semuto , Nakaseke","Bukatira PS",78,39.8,743.44,"23-04-2025 17:12"
14114519,"BUKATIRA PS_015",,099008015,"Semuto , Nakaseke","Bukatira PS",77,0,783.24,"23-04-2025 17:10"
10913620,"BUKATIRA PS_080",,099008080,"Semuto , Nakaseke","Bukatira PS",24,0,523.54,"23-04-2025 16:27"
10913620,"BUKATIRA PS_080",,099008080,"Semuto , Nakaseke","Bukatira PS",24,0,523.54,"23-04-2025 16:27"
10913620,"BUKATIRA PS_080",,099008080,"Semuto , Nakaseke","Bukatira PS",24,8.65,523.54,"23-04-2025 16:27"
10913620,"BUKATIRA PS_080",,099008080,"Semuto , Nakaseke","Bukatira PS",23,28.99,532.19,"23-04-2025 16:26"
10913620,"BUKATIRA PS_080",,099008080,"Semuto , Nakaseke","Bukatira PS",22,23.47,561.19,"23-04-2025 16:21"
14114519,"BUKATIRA PS_015",,099008015,"Semuto , Nakaseke","Bukatira PS",77,0.03,783.24,"23-04-2025 16:18"
14114519,"BUKATIRA PS_015",,099008015,"Semuto , Nakaseke","Bukatira PS",77,38.93,783.24,"23-04-2025 16:17"
24422412,"BUKATIRA PS_157",,099008157,"Semuto , Nakaseke","Bukatira PS",11,65.24,487.14,"23-04-2025 16:15"
24422412,"BUKATIRA PS_157",,099008157,"Semuto , Nakaseke","Bukatira PS",10,0,552.37,"23-04-2025 16:10"
15766162,"BUKATIRA PS_049",,099008049,"Semuto , Nakaseke","Bukatira PS",45,13.83,373.37,"23-04-2025 16:10"
15766162,"BUKATIRA PS_049",,099008049,"Semuto , Nakaseke","Bukatira PS",44,0,387.2,"23-04-2025 16:08"
15766162,"BUKATIRA PS_049",,099008049,"Semuto , Nakaseke","Bukatira PS",44,0.03,387.2,"23-04-2025 16:08"
15766162,"BUKATIRA PS_049",,099008049,"Semuto , Nakaseke","Bukatira PS",44,13.73,387.2,"23-04-2025 16:08"
15766162,"BUKATIRA PS_049",,099008049,"Semuto , Nakaseke","Bukatira PS",43,9.39,400.93,"23-04-2025 16:06"
15766162,"BUKATIRA PS_049",,099008049,"Semuto , Nakaseke","Bukatira PS",42,0,410.32,"23-04-2025 16:03"
15766162,"BUKATIRA PS_049",,099008049,"Semuto , Nakaseke","Bukatira PS",42,0,410.32,"23-04-2025 16:03"
15766162,"BUKATIRA PS_049",,099008049,"Semuto , Nakaseke","Bukatira PS",42,0,410.32,"23-04-2025 16:03"
13210132,"BUKATIRA PS_187",,099008187,"Semuto , Nakaseke","Bukatira PS",30,38.56,420.41,"23-04-2025 16:02"
13210132,"BUKATIRA PS_187",,099008187,"Semuto , Nakaseke","Bukatira PS",29,0,458.96,"23-04-2025 15:59"
13210132,"BUKATIRA PS_187",,099008187,"Semuto , Nakaseke","Bukatira PS",29,38.61,458.96,"23-04-2025 15:59"
13210132,"BUKATIRA PS_187",,099008187,"Semuto , Nakaseke","Bukatira PS",28,0,497.58,"23-04-2025 15:57"
14119114,"BUKATIRA PS_009",,099008009,"Semuto , Nakaseke","Bukatira PS",27,21.19,81.71,"23-04-2025 15:57"
14119114,"BUKATIRA PS_009",,099008009,"Semuto , Nakaseke","Bukatira PS",26,0,102.9,"23-04-2025 15:55"
14119114,"BUKATIRA PS_009",,099008009,"Semuto , Nakaseke","Bukatira PS",26,20.48,102.9,"23-04-2025 15:55"
14119114,"BUKATIRA PS_009",,099008009,"Semuto , Nakaseke","Bukatira PS",25,39.69,123.38,"23-04-2025 15:54"
36149122,"BUKATIRA PS_166",,099008166,"Semuto , Nakaseke","Bukatira PS",51,0.03,19.91,"23-04-2025 15:50"
36149122,"BUKATIRA PS_166",,099008166,"Semuto , Nakaseke","Bukatira PS",51,0,19.91,"23-04-2025 15:50"
67236128,"BUKATIRA PS_084",,099008084,"Semuto , Nakaseke","Bukatira PS",17,21.22,626.33,"23-04-2025 15:48"
67236128,"BUKATIRA PS_084",,099008084,"Semuto , Nakaseke","Bukatira PS",16,0,647.55,"23-04-2025 15:46"
84221162,"BUKATIRA PS_151",,099008151,"Semuto , Nakaseke","Bukatira PS",175,21.61,2837.98,"23-04-2025 15:43"
84221162,"BUKATIRA PS_151",,099008151,"Semuto , Nakaseke","Bukatira PS",174,0,2859.59,"23-04-2025 15:42"
19617131,"BUKATIRA PS_159",,099008159,"Semuto , Nakaseke","Bukatira PS",31,37.09,130.95,"23-04-2025 15:38"
19617131,"BUKATIRA PS_159",,099008159,"Semuto , Nakaseke","Bukatira PS",30,0,168.04,"23-04-2025 15:34"
19617131,"BUKATIRA PS_159",,099008159,"Semuto , Nakaseke","Bukatira PS",30,37.95,168.04,"23-04-2025 15:34"
19617131,"BUKATIRA PS_159",,099008159,"Semuto , Nakaseke","Bukatira PS",29,0,205.99,"23-04-2025 15:30"
14112593,"BUKATIRA PS_028",,099008028,"Semuto , Nakaseke","Bukatira PS",8,17.78,773.31,"23-04-2025 15:29"
14112593,"BUKATIRA PS_028",,099008028,"Semuto , Nakaseke","Bukatira PS",7,14.68,791.09,"23-04-2025 15:27"
19617131,"BUKATIRA PS_159",,099008159,"Semuto , Nakaseke","Bukatira PS",29,39.92,205.99,"23-04-2025 15:26"
19617131,"BUKATIRA PS_159",,099008159,"Semuto , Nakaseke","Bukatira PS",28,0,245.91,"23-04-2025 15:22"
10010012,"BUKATIRA PS_198",,099008198,"Semuto , Nakaseke","Bukatira PS",182,79.78,272.17,"23-04-2025 15:22"
10010012,"BUKATIRA PS_198",,099008198,"Semuto , Nakaseke","Bukatira PS",181,41.76,351.95,"23-04-2025 15:16"
84216121,"BUKATIRA PS_158",,099008158,"Semuto , Nakaseke","Bukatira PS",34,39.19,787.22,"23-04-2025 15:13"
84216121,"BUKATIRA PS_158",,099008158,"Semuto , Nakaseke","Bukatira PS",33,0,826.41,"23-04-2025 15:11"
84216121,"BUKATIRA PS_158",,099008158,"Semuto , Nakaseke","Bukatira PS",33,0,826.41,"23-04-2025 15:11"
16411412,"BUKATIRA PS_180",,099008180,"Semuto , Nakaseke","Bukatira PS",48,40.03,927.28,"23-04-2025 15:10"
16411412,"BUKATIRA PS_180",,099008180,"Semuto , Nakaseke","Bukatira PS",47,0,967.31,"23-04-2025 15:08"
16411412,"BUKATIRA PS_180",,099008180,"Semuto , Nakaseke","Bukatira PS",47,0,967.31,"23-04-2025 15:07"
10010012,"BUKATIRA PS_198",,099008198,"Semuto , Nakaseke","Bukatira PS",180,39.3,393.71,"23-04-2025 15:07"
10010012,"BUKATIRA PS_198",,099008198,"Semuto , Nakaseke","Bukatira PS",179,0,433.01,"23-04-2025 15:04"
10010012,"BUKATIRA PS_198",,099008198,"Semuto , Nakaseke","Bukatira PS",179,36.93,433.01,"23-04-2025 15:04"
10010012,"BUKATIRA PS_198",,099008198,"Semuto , Nakaseke","Bukatira PS",178,0,469.94,"23-04-2025 15:01"
15719913,"BUKATIRA PS_048",,099008048,"Semuto , Nakaseke","Bukatira PS",2,36.15,926.34,"23-04-2025 15:00"
15719913,"BUKATIRA PS_048",,099008048,"Semuto , Nakaseke","Bukatira PS",1,0,962.5,"23-04-2025 14:58"
19617131,"BUKATIRA PS_159",,099008159,"Semuto , Nakaseke","Bukatira PS",28,33.16,245.91,"23-04-2025 14:57"
19617131,"BUKATIRA PS_159",,099008159,"Semuto , Nakaseke","Bukatira PS",27,4.96,279.07,"23-04-2025 14:55"
19617131,"BUKATIRA PS_159",,099008159,"Semuto , Nakaseke","Bukatira PS",26,0,284.03,"23-04-2025 14:54"
14114519,"BUKATIRA PS_015",,099008015,"Semuto , Nakaseke","Bukatira PS",76,41.02,822.18,"23-04-2025 14:53"
15710323,"BUKATIRA PS_011",,099008011,"Semuto , Nakaseke","Bukatira PS",13,19.07,659.93,"23-04-2025 14:50"
16421812,"BUKATIRA PS_197",,099008197,"Semuto , Nakaseke","Bukatira PS",63,19.03,161.13,"23-04-2025 14:49"
16421812,"BUKATIRA PS_197",,099008197,"Semuto , Nakaseke","Bukatira PS",62,0,180.16,"23-04-2025 14:47"
13217212,"BUKATIRA PS_195",,099008195,"Semuto , Nakaseke","Bukatira PS",47,19.48,352.57,"23-04-2025 14:47"
13217212,"BUKATIRA PS_195",,099008195,"Semuto , Nakaseke","Bukatira PS",46,0,372.05,"23-04-2025 14:46"
13217212,"BUKATIRA PS_195",,099008195,"Semuto , Nakaseke","Bukatira PS",46,18.88,372.05,"23-04-2025 14:45"
19617131,"BUKATIRA PS_159",,099008159,"Semuto , Nakaseke","Bukatira PS",26,36.89,284.03,"23-04-2025 14:43"
19617131,"BUKATIRA PS_159",,099008159,"Semuto , Nakaseke","Bukatira PS",25,0,320.92,"23-04-2025 14:39"
19617131,"BUKATIRA PS_159",,099008159,"Semuto , Nakaseke","Bukatira PS",25,0,320.92,"23-04-2025 14:38"
19617131,"BUKATIRA PS_159",,099008159,"Semuto , Nakaseke","Bukatira PS",25,0,320.92,"23-04-2025 14:38"
10010012,"BUKATIRA PS_198",,099008198,"Semuto , Nakaseke","Bukatira PS",178,79.28,469.94,"23-04-2025 14:38"
10010012,"BUKATIRA PS_198",,099008198,"Semuto , Nakaseke","Bukatira PS",177,0,549.22,"23-04-2025 14:31"
14114519,"BUKATIRA PS_015",,099008015,"Semuto , Nakaseke","Bukatira PS",75,39.27,863.2,"23-04-2025 14:31"
14114519,"BUKATIRA PS_015",,099008015,"Semuto , Nakaseke","Bukatira PS",74,0,902.47,"23-04-2025 14:27"
14114519,"BUKATIRA PS_015",,099008015,"Semuto , Nakaseke","Bukatira PS",74,34.21,902.47,"23-04-2025 14:15"
14114519,"BUKATIRA PS_015",,099008015,"Semuto , Nakaseke","Bukatira PS",73,0,936.68,"23-04-2025 14:12"
14114519,"BUKATIRA PS_015",,099008015,"Semuto , Nakaseke","Bukatira PS",73,0,936.68,"23-04-2025 14:12"
14114519,"BUKATIRA PS_015",,099008015,"Semuto , Nakaseke","Bukatira PS",73,0,936.68,"23-04-2025 14:12"
14114519,"BUKATIRA PS_015",,099008015,"Semuto , Nakaseke","Bukatira PS",73,39.09,936.68,"23-04-2025 14:12"
14114519,"BUKATIRA PS_015",,099008015,"Semuto , Nakaseke","Bukatira PS",72,0,975.77,"23-04-2025 14:09"
13216411,"BUKATIRA PS_185",,099008185,"Semuto , Nakaseke","Bukatira PS",35,115.1,359.19,"23-04-2025 13:42"
13216411,"BUKATIRA PS_185",,099008185,"Semuto , Nakaseke","Bukatira PS",34,0,474.29,"23-04-2025 13:32"
15715424,"BUKATIRA PS_076",,099008076,"Semuto , Nakaseke","Bukatira PS",4,19.34,953.19,"23-04-2025 13:31"
15715424,"BUKATIRA PS_076",,099008076,"Semuto , Nakaseke","Bukatira PS",3,0,972.53,"23-04-2025 13:29"
15715424,"BUKATIRA PS_076",,099008076,"Semuto , Nakaseke","Bukatira PS",2,0,973.17,"23-04-2025 13:29"
24415513,"BUKATIRA PS_189",,099008189,"Semuto , Nakaseke","Bukatira PS",32,33.66,2114.39,"23-04-2025 13:28"
24415513,"BUKATIRA PS_189",,099008189,"Semuto , Nakaseke","Bukatira PS",31,0,2148.05,"23-04-2025 13:26"
24415513,"BUKATIRA PS_189",,099008189,"Semuto , Nakaseke","Bukatira PS",31,68.08,2148.05,"23-04-2025 13:26"
24415513,"BUKATIRA PS_189",,099008189,"Semuto , Nakaseke","Bukatira PS",30,0,2216.13,"23-04-2025 13:18"
24415513,"BUKATIRA PS_189",,099008189,"Semuto , Nakaseke","Bukatira PS",30,33.87,2216.13,"23-04-2025 13:18"
24415513,"BUKATIRA PS_189",,099008189,"Semuto , Nakaseke","Bukatira PS",29,0,2250,"23-04-2025 13:14"
24415513,"BUKATIRA PS_189",,099008189,"Semuto , Nakaseke","Bukatira PS",29,0,2250,"23-04-2025 13:14"
24415513,"BUKATIRA PS_189",,099008189,"Semuto , Nakaseke","Bukatira PS",29,0,0,"23-04-2025 13:13"
24415513,"BUKATIRA PS_189",,099008189,"Semuto , Nakaseke","Bukatira PS",29,0,0,"23-04-2025 13:13"
10010012,"BUKATIRA PS_198",,099008198,"Semuto , Nakaseke","Bukatira PS",177,15.6,549.22,"23-04-2025 11:47"
10010012,"BUKATIRA PS_198",,099008198,"Semuto , Nakaseke","Bukatira PS",176,0,564.82,"23-04-2025 11:43"
10010012,"BUKATIRA PS_198",,099008198,"Semuto , Nakaseke","Bukatira PS",176,11.68,564.82,"23-04-2025 11:43"
10010012,"BUKATIRA PS_198",,099008198,"Semuto , Nakaseke","Bukatira PS",175,28.35,576.49,"23-04-2025 11:41"
10010012,"BUKATIRA PS_198",,099008198,"Semuto , Nakaseke","Bukatira PS",174,0,604.84,"23-04-2025 11:37"
10010012,"BUKATIRA PS_198",,099008198,"Semuto , Nakaseke","Bukatira PS",174,13.91,604.84,"23-04-2025 11:36"
10010012,"BUKATIRA PS_198",,099008198,"Semuto , Nakaseke","Bukatira PS",173,0,618.75,"23-04-2025 11:35"
10010012,"BUKATIRA PS_198",,099008198,"Semuto , Nakaseke","Bukatira PS",172,0,619.55,"23-04-2025 11:35"
10010012,"BUKATIRA PS_198",,099008198,"Semuto , Nakaseke","Bukatira PS",171,0,620.82,"23-04-2025 11:34"
10010012,"BUKATIRA PS_198",,099008198,"Semuto , Nakaseke","Bukatira PS",171,13.56,620.82,"23-04-2025 11:34"
10010012,"BUKATIRA PS_198",,099008198,"Semuto , Nakaseke","Bukatira PS",170,0,634.38,"23-04-2025 11:33"
10010012,"BUKATIRA PS_198",,099008198,"Semuto , Nakaseke","Bukatira PS",170,2.53,634.38,"23-04-2025 11:33"
10010012,"BUKATIRA PS_198",,099008198,"Semuto , Nakaseke","Bukatira PS",169,3.02,636.91,"23-04-2025 11:32"
10010012,"BUKATIRA PS_198",,099008198,"Semuto , Nakaseke","Bukatira PS",168,5.98,639.93,"23-04-2025 11:32"
10010012,"BUKATIRA PS_198",,099008198,"Semuto , Nakaseke","Bukatira PS",167,7.59,645.91,"23-04-2025 11:31"
10010012,"BUKATIRA PS_198",,099008198,"Semuto , Nakaseke","Bukatira PS",166,6.92,653.5,"23-04-2025 11:31"
10010012,"BUKATIRA PS_198",,099008198,"Semuto , Nakaseke","Bukatira PS",165,6.12,660.42,"23-04-2025 11:30"
10010012,"BUKATIRA PS_198",,099008198,"Semuto , Nakaseke","Bukatira PS",164,2.43,666.54,"23-04-2025 11:29"
10010012,"BUKATIRA PS_198",,099008198,"Semuto , Nakaseke","Bukatira PS",163,0,668.97,"23-04-2025 11:29"
19617131,"BUKATIRA PS_159",,099008159,"Semuto , Nakaseke","Bukatira PS",25,40.89,320.92,"23-04-2025 11:26"
19617131,"BUKATIRA PS_159",,099008159,"Semuto , Nakaseke","Bukatira PS",24,0,361.81,"23-04-2025 11:22"
84221162,"BUKATIRA PS_151",,099008151,"Semuto , Nakaseke","Bukatira PS",174,114.09,2859.59,"23-04-2025 11:21"
84221162,"BUKATIRA PS_151",,099008151,"Semuto , Nakaseke","Bukatira PS",173,0,2973.68,"23-04-2025 11:14"
10030117,"BUKATIRA PS_163",,099008163,"Semuto , Nakaseke","Bukatira PS",24,37.5,158.16,"23-04-2025 10:55"
10030117,"BUKATIRA PS_163",,099008163,"Semuto , Nakaseke","Bukatira PS",23,1.91,195.66,"23-04-2025 10:51"
10030117,"BUKATIRA PS_163",,099008163,"Semuto , Nakaseke","Bukatira PS",22,35.97,197.58,"23-04-2025 10:50"
10030117,"BUKATIRA PS_163",,099008163,"Semuto , Nakaseke","Bukatira PS",21,0,233.54,"23-04-2025 10:45"
10010012,"BUKATIRA PS_198",,099008198,"Semuto , Nakaseke","Bukatira PS",163,9.84,668.97,"23-04-2025 10:39"
10010012,"BUKATIRA PS_198",,099008198,"Semuto , Nakaseke","Bukatira PS",162,1.63,678.81,"23-04-2025 10:38"
10010012,"BUKATIRA PS_198",,099008198,"Semuto , Nakaseke","Bukatira PS",161,0,680.44,"23-04-2025 10:37"
10010012,"BUKATIRA PS_198",,099008198,"Semuto , Nakaseke","Bukatira PS",161,22.29,680.44,"23-04-2025 10:37"
10010012,"BUKATIRA PS_198",,099008198,"Semuto , Nakaseke","Bukatira PS",160,0,702.73,"23-04-2025 10:32"
10010012,"BUKATIRA PS_198",,099008198,"Semuto , Nakaseke","Bukatira PS",160,0,702.73,"23-04-2025 10:32"
10010012,"BUKATIRA PS_198",,099008198,"Semuto , Nakaseke","Bukatira PS",160,27.95,702.73,"23-04-2025 10:32"
10010012,"BUKATIRA PS_198",,099008198,"Semuto , Nakaseke","Bukatira PS",159,2.94,730.68,"23-04-2025 10:29"
10010012,"BUKATIRA PS_198",,099008198,"Semuto , Nakaseke","Bukatira PS",158,8.3,733.63,"23-04-2025 10:29"
10010012,"BUKATIRA PS_198",,099008198,"Semuto , Nakaseke","Bukatira PS",157,0,741.92,"23-04-2025 10:28"
10010012,"BUKATIRA PS_198",,099008198,"Semuto , Nakaseke","Bukatira PS",157,2.13,741.92,"23-04-2025 10:28"
10010012,"BUKATIRA PS_198",,099008198,"Semuto , Nakaseke","Bukatira PS",156,0,744.05,"23-04-2025 10:27"
10010012,"BUKATIRA PS_198",,099008198,"Semuto , Nakaseke","Bukatira PS",156,0,744.05,"23-04-2025 10:27"
17392543,"BUKATIRA PS_007",,099008007,"Semuto , Nakaseke","Bukatira PS",36,0.5,4961.26,"23-04-2025 10:18"
17392543,"BUKATIRA PS_007",,099008007,"Semuto , Nakaseke","Bukatira PS",36,2.55,4961.26,"23-04-2025 10:17"
17392543,"BUKATIRA PS_007",,099008007,"Semuto , Nakaseke","Bukatira PS",35,3.04,4963.81,"23-04-2025 10:17"
17392543,"BUKATIRA PS_007",,099008007,"Semuto , Nakaseke","Bukatira PS",34,0,4966.85,"23-04-2025 10:16"
14112593,"BUKATIRA PS_028",,099008028,"Semuto , Nakaseke","Bukatira PS",6,74.28,805.77,"23-04-2025 10:05"
17392543,"BUKATIRA PS_007",,099008007,"Semuto , Nakaseke","Bukatira PS",34,3.35,4966.85,"23-04-2025 09:59"
17392543,"BUKATIRA PS_007",,099008007,"Semuto , Nakaseke","Bukatira PS",33,0,4970.2,"23-04-2025 09:59"
10010012,"BUKATIRA PS_198",,099008198,"Semuto , Nakaseke","Bukatira PS",156,0.79,744.05,"23-04-2025 09:42"
10010012,"BUKATIRA PS_198",,099008198,"Semuto , Nakaseke","Bukatira PS",155,0,744.84,"23-04-2025 09:42"
10010012,"BUKATIRA PS_198",,099008198,"Semuto , Nakaseke","Bukatira PS",155,39.06,744.84,"23-04-2025 09:37"
10010012,"BUKATIRA PS_198",,099008198,"Semuto , Nakaseke","Bukatira PS",154,0,783.9,"23-04-2025 09:34"
10010012,"BUKATIRA PS_198",,099008198,"Semuto , Nakaseke","Bukatira PS",154,43.73,783.9,"23-04-2025 09:34"
10010012,"BUKATIRA PS_198",,099008198,"Semuto , Nakaseke","Bukatira PS",153,0,827.63,"23-04-2025 09:30"
68351162,"BUKATIRA PS_161",,099008161,"Semuto , Nakaseke","Bukatira PS",54,39.98,491.53,"23-04-2025 09:29"
68351162,"BUKATIRA PS_161",,099008161,"Semuto , Nakaseke","Bukatira PS",53,0,531.51,"23-04-2025 09:26"
68351162,"BUKATIRA PS_161",,099008161,"Semuto , Nakaseke","Bukatira PS",53,121.84,531.51,"23-04-2025 09:25"
68351162,"BUKATIRA PS_161",,099008161,"Semuto , Nakaseke","Bukatira PS",52,0,653.35,"23-04-2025 09:12"
19617131,"BUKATIRA PS_159",,099008159,"Semuto , Nakaseke","Bukatira PS",24,41.51,361.81,"23-04-2025 09:11"
19617131,"BUKATIRA PS_159",,099008159,"Semuto , Nakaseke","Bukatira PS",23,0,403.32,"23-04-2025 09:08"
17392543,"BUKATIRA PS_007",,099008007,"Semuto , Nakaseke","Bukatira PS",33,1.95,4970.2,"23-04-2025 09:07"
17392543,"BUKATIRA PS_007",,099008007,"Semuto , Nakaseke","Bukatira PS",32,8.35,4972.15,"23-04-2025 09:06"
17392543,"BUKATIRA PS_007",,099008007,"Semuto , Nakaseke","Bukatira PS",31,19.49,4980.51,"23-04-2025 09:06"
17392543,"BUKATIRA PS_007",,099008007,"Semuto , Nakaseke","Bukatira PS",30,0,5000,"23-04-2025 09:04"
17392543,"BUKATIRA PS_007",,099008007,"Semuto , Nakaseke","Bukatira PS",30,5.27,0.23,"23-04-2025 09:04"
17392543,"BUKATIRA PS_007",,099008007,"Semuto , Nakaseke","Bukatira PS",29,0,5.51,"23-04-2025 09:02"
19617131,"BUKATIRA PS_159",,099008159,"Semuto , Nakaseke","Bukatira PS",23,96.02,403.32,"23-04-2025 08:59"
19617131,"BUKATIRA PS_159",,099008159,"Semuto , Nakaseke","Bukatira PS",21,0,500,"23-04-2025 08:49"
19617131,"BUKATIRA PS_159",,099008159,"Semuto , Nakaseke","Bukatira PS",21,0,0,"23-04-2025 08:49"
10010012,"BUKATIRA PS_198",,099008198,"Semuto , Nakaseke","Bukatira PS",153,0,827.63,"23-04-2025 08:43"
10010012,"BUKATIRA PS_198",,099008198,"Semuto , Nakaseke","Bukatira PS",153,2,827.63,"23-04-2025 08:35"
10010012,"BUKATIRA PS_198",,099008198,"Semuto , Nakaseke","Bukatira PS",152,4.02,829.63,"23-04-2025 08:34"
10010012,"BUKATIRA PS_198",,099008198,"Semuto , Nakaseke","Bukatira PS",151,1.45,833.65,"23-04-2025 08:34"
10010012,"BUKATIRA PS_198",,099008198,"Semuto , Nakaseke","Bukatira PS",150,0,835.1,"23-04-2025 08:33"
10010012,"BUKATIRA PS_198",,099008198,"Semuto , Nakaseke","Bukatira PS",150,39.37,835.1,"23-04-2025 08:33"
10010012,"BUKATIRA PS_198",,099008198,"Semuto , Nakaseke","Bukatira PS",149,0,874.47,"23-04-2025 08:28"
10010012,"BUKATIRA PS_198",,099008198,"Semuto , Nakaseke","Bukatira PS",149,41.66,874.47,"23-04-2025 08:27"
10010012,"BUKATIRA PS_198",,099008198,"Semuto , Nakaseke","Bukatira PS",148,0,916.12,"23-04-2025 08:20"
10010012,"BUKATIRA PS_198",,099008198,"Semuto , Nakaseke","Bukatira PS",148,41.93,916.12,"23-04-2025 08:20"
10010012,"BUKATIRA PS_198",,099008198,"Semuto , Nakaseke","Bukatira PS",147,0,958.05,"23-04-2025 08:17"
20966422,"BUKATIRA PS_162",,099008162,"Semuto , Nakaseke","Bukatira PS",12,0,0,"23-04-2025 08:07"
20966422,"BUKATIRA PS_162",,099008162,"Semuto , Nakaseke","Bukatira PS",12,0,0,"23-04-2025 08:07"
20966422,"BUKATIRA PS_162",,099008162,"Semuto , Nakaseke","Bukatira PS",12,0,0,"23-04-2025 08:06"
20966422,"BUKATIRA PS_162",,099008162,"Semuto , Nakaseke","Bukatira PS",12,29.16,0.73,"23-04-2025 08:06"
20966422,"BUKATIRA PS_162",,099008162,"Semuto , Nakaseke","Bukatira PS",11,0,29.88,"23-04-2025 08:03"
18017123,"BUKATIRA PS_160",,099008160,"Semuto , Nakaseke","Bukatira PS",91,0,12.41,"23-04-2025 06:27"
18017123,"BUKATIRA PS_160",,099008160,"Semuto , Nakaseke","Bukatira PS",91,0,12.41,"23-04-2025 06:26"
18017123,"BUKATIRA PS_160",,099008160,"Semuto , Nakaseke","Bukatira PS",91,0,12.41,"23-04-2025 06:25"
13267121,"BUKATIRA PS_179",,099008179,"Semuto , Nakaseke","Bukatira PS",19,9.37,778.13,"23-04-2025 06:14"
13267121,"BUKATIRA PS_179",,099008179,"Semuto , Nakaseke","Bukatira PS",18,0,787.51,"23-04-2025 06:13"
13267121,"BUKATIRA PS_179",,099008179,"Semuto , Nakaseke","Bukatira PS",17,0,788.32,"23-04-2025 06:10"
13267121,"BUKATIRA PS_179",,099008179,"Semuto , Nakaseke","Bukatira PS",16,0,789.13,"23-04-2025 06:07"
13267121,"BUKATIRA PS_179",,099008179,"Semuto , Nakaseke","Bukatira PS",15,0.17,789.84,"23-04-2025 06:07"
13267121,"BUKATIRA PS_179",,099008179,"Semuto , Nakaseke","Bukatira PS",13,0,791.69,"23-04-2025 06:06"
13267121,"BUKATIRA PS_179",,099008179,"Semuto , Nakaseke","Bukatira PS",14,0,790.94,"23-04-2025 06:06"
13267121,"BUKATIRA PS_179",,099008179,"Semuto , Nakaseke","Bukatira PS",12,0,792.43,"23-04-2025 06:06"
13267121,"BUKATIRA PS_179",,099008179,"Semuto , Nakaseke","Bukatira PS",12,0,792.43,"23-04-2025 06:06"
13267121,"BUKATIRA PS_179",,099008179,"Semuto , Nakaseke","Bukatira PS",12,21.74,792.43,"23-04-2025 06:03"
13267121,"BUKATIRA PS_179",,099008179,"Semuto , Nakaseke","Bukatira PS",11,13.24,814.17,"23-04-2025 06:01"
13267121,"BUKATIRA PS_179",,099008179,"Semuto , Nakaseke","Bukatira PS",10,0,827.41,"23-04-2025 06:00"
13267121,"BUKATIRA PS_179",,099008179,"Semuto , Nakaseke","Bukatira PS",10,0,827.41,"23-04-2025 05:59"
14116622,"BUKATIRA PS_018",,099008018,"Semuto , Nakaseke","Bukatira PS",179,37.29,800.16,"23-04-2025 05:58"
14116622,"BUKATIRA PS_018",,099008018,"Semuto , Nakaseke","Bukatira PS",178,36.76,837.45,"23-04-2025 05:56"
14116622,"BUKATIRA PS_018",,099008018,"Semuto , Nakaseke","Bukatira PS",177,23.26,874.21,"23-04-2025 05:53"
14116622,"BUKATIRA PS_018",,099008018,"Semuto , Nakaseke","Bukatira PS",176,12.51,897.46,"23-04-2025 05:52"
14116622,"BUKATIRA PS_018",,099008018,"Semuto , Nakaseke","Bukatira PS",175,36.91,909.98,"23-04-2025 05:51"
14116622,"BUKATIRA PS_018",,099008018,"Semuto , Nakaseke","Bukatira PS",174,38.35,946.89,"23-04-2025 05:49"
13267121,"BUKATIRA PS_179",,099008179,"Semuto , Nakaseke","Bukatira PS",10,3.74,827.41,"23-04-2025 05:46"
14116622,"BUKATIRA PS_018",,099008018,"Semuto , Nakaseke","Bukatira PS",173,39.2,985.24,"23-04-2025 05:46"
14116622,"BUKATIRA PS_018",,099008018,"Semuto , Nakaseke","Bukatira PS",172,36.81,1024.44,"23-04-2025 05:43"
14116622,"BUKATIRA PS_018",,099008018,"Semuto , Nakaseke","Bukatira PS",171,38.32,1061.25,"23-04-2025 05:41"
14116622,"BUKATIRA PS_018",,099008018,"Semuto , Nakaseke","Bukatira PS",170,0,1099.56,"23-04-2025 05:39"
36613122,"BUKATIRA PS_183",,099008183,"Semuto , Nakaseke","Bukatira PS",4,42.73,860.28,"23-04-2025 05:35"
36613122,"BUKATIRA PS_183",,099008183,"Semuto , Nakaseke","Bukatira PS",3,0,903,"23-04-2025 05:32"
20132131,"BUKATIRA PS_200",,099008200,"Semuto , Nakaseke","Bukatira PS",16,38.9,331.49,"23-04-2025 05:31"
20132131,"BUKATIRA PS_200",,099008200,"Semuto , Nakaseke","Bukatira PS",15,0,370.39,"23-04-2025 05:28"
13267121,"BUKATIRA PS_179",,099008179,"Semuto , Nakaseke","Bukatira PS",9,0.1,831.15,"23-04-2025 05:27"
13267121,"BUKATIRA PS_179",,099008179,"Semuto , Nakaseke","Bukatira PS",9,8.49,831.15,"23-04-2025 05:27"
13267121,"BUKATIRA PS_179",,099008179,"Semuto , Nakaseke","Bukatira PS",8,0,839.64,"23-04-2025 05:26"
13267121,"BUKATIRA PS_179",,099008179,"Semuto , Nakaseke","Bukatira PS",8,11.44,839.64,"23-04-2025 05:26"
13267121,"BUKATIRA PS_179",,099008179,"Semuto , Nakaseke","Bukatira PS",7,0,851.08,"23-04-2025 05:24"
13267121,"BUKATIRA PS_179",,099008179,"Semuto , Nakaseke","Bukatira PS",7,3.21,851.08,"23-04-2025 05:24"
13267121,"BUKATIRA PS_179",,099008179,"Semuto , Nakaseke","Bukatira PS",6,0,854.29,"23-04-2025 05:23"
13267121,"BUKATIRA PS_179",,099008179,"Semuto , Nakaseke","Bukatira PS",6,4.82,854.29,"23-04-2025 05:23"
13267121,"BUKATIRA PS_179",,099008179,"Semuto , Nakaseke","Bukatira PS",5,0,859.12,"23-04-2025 05:22"
14116622,"BUKATIRA PS_018",,099008018,"Semuto , Nakaseke","Bukatira PS",170,11.61,1099.56,"23-04-2025 05:22"
14116622,"BUKATIRA PS_018",,099008018,"Semuto , Nakaseke","Bukatira PS",169,0,1111.18,"23-04-2025 05:21"
14116622,"BUKATIRA PS_018",,099008018,"Semuto , Nakaseke","Bukatira PS",169,23.54,1111.18,"23-04-2025 05:21"
14116622,"BUKATIRA PS_018",,099008018,"Semuto , Nakaseke","Bukatira PS",168,0,1134.71,"23-04-2025 05:20"
14116622,"BUKATIRA PS_018",,099008018,"Semuto , Nakaseke","Bukatira PS",168,35.88,1134.71,"23-04-2025 05:19"
14116622,"BUKATIRA PS_018",,099008018,"Semuto , Nakaseke","Bukatira PS",167,0,1170.59,"23-04-2025 05:17"
14116622,"BUKATIRA PS_018",,099008018,"Semuto , Nakaseke","Bukatira PS",167,35.61,1170.59,"23-04-2025 05:17"
14116622,"BUKATIRA PS_018",,099008018,"Semuto , Nakaseke","Bukatira PS",166,0,1206.2,"23-04-2025 05:15"
14116622,"BUKATIRA PS_018",,099008018,"Semuto , Nakaseke","Bukatira PS",166,37.66,1206.2,"23-04-2025 05:15"
14116622,"BUKATIRA PS_018",,099008018,"Semuto , Nakaseke","Bukatira PS",165,36.56,1243.86,"23-04-2025 05:12"
14116622,"BUKATIRA PS_018",,099008018,"Semuto , Nakaseke","Bukatira PS",164,19.57,1280.43,"23-04-2025 05:10"
15725223,"BUKATIRA PS_006",,099008006,"Semuto , Nakaseke","Bukatira PS",94,17.01,0.72,"23-04-2025 05:09"
15725223,"BUKATIRA PS_006",,099008006,"Semuto , Nakaseke","Bukatira PS",93,40.08,17.74,"23-04-2025 05:08"
15725223,"BUKATIRA PS_006",,099008006,"Semuto , Nakaseke","Bukatira PS",92,33.67,57.82,"23-04-2025 05:06"
15725223,"BUKATIRA PS_006",,099008006,"Semuto , Nakaseke","Bukatira PS",91,2.22,91.49,"23-04-2025 05:03"
15725223,"BUKATIRA PS_006",,099008006,"Semuto , Nakaseke","Bukatira PS",90,0,93.71,"23-04-2025 05:03"
14116622,"BUKATIRA PS_018",,099008018,"Semuto , Nakaseke","Bukatira PS",163,0,0,"23-04-2025 05:02"
14116622,"BUKATIRA PS_018",,099008018,"Semuto , Nakaseke","Bukatira PS",163,0,0,"23-04-2025 05:02"
20132131,"BUKATIRA PS_200",,099008200,"Semuto , Nakaseke","Bukatira PS",15,63.14,370.39,"23-04-2025 05:01"
20132131,"BUKATIRA PS_200",,099008200,"Semuto , Nakaseke","Bukatira PS",14,0,433.53,"23-04-2025 04:57"
11617612,"BUKATIRA PS_172",,099008172,"Semuto , Nakaseke","Bukatira PS",74,0,156.28,"23-04-2025 04:53"
11617612,"BUKATIRA PS_172",,099008172,"Semuto , Nakaseke","Bukatira PS",74,39.55,156.28,"23-04-2025 04:53"
11617612,"BUKATIRA PS_172",,099008172,"Semuto , Nakaseke","Bukatira PS",73,0,195.83,"23-04-2025 04:48"
11617612,"BUKATIRA PS_172",,099008172,"Semuto , Nakaseke","Bukatira PS",73,40.29,195.83,"23-04-2025 04:48"
11617612,"BUKATIRA PS_172",,099008172,"Semuto , Nakaseke","Bukatira PS",72,0,236.13,"23-04-2025 04:45"
16420512,"BUKATIRA PS_188",,099008188,"Semuto , Nakaseke","Bukatira PS",71,21.67,539.76,"23-04-2025 04:44"
16420512,"BUKATIRA PS_188",,099008188,"Semuto , Nakaseke","Bukatira PS",70,0,561.43,"23-04-2025 04:43"
16420512,"BUKATIRA PS_188",,099008188,"Semuto , Nakaseke","Bukatira PS",70,17.31,561.43,"23-04-2025 04:42"
16420512,"BUKATIRA PS_188",,099008188,"Semuto , Nakaseke","Bukatira PS",69,0,578.74,"23-04-2025 04:41"
15714152,"BUKATIRA PS_002",,099008002,"Semuto , Nakaseke","Bukatira PS",2,19.13,871.71,"23-04-2025 04:40"
16420512,"BUKATIRA PS_188",,099008188,"Semuto , Nakaseke","Bukatira PS",69,60.5,578.74,"23-04-2025 04:39"
16420512,"BUKATIRA PS_188",,099008188,"Semuto , Nakaseke","Bukatira PS",68,0,639.24,"23-04-2025 04:34"
16420512,"BUKATIRA PS_188",,099008188,"Semuto , Nakaseke","Bukatira PS",68,41.26,639.24,"23-04-2025 04:33"
16420512,"BUKATIRA PS_188",,099008188,"Semuto , Nakaseke","Bukatira PS",67,0,680.5,"23-04-2025 04:29"
10010012,"BUKATIRA PS_198",,099008198,"Semuto , Nakaseke","Bukatira PS",147,41.36,958.05,"23-04-2025 03:59"
10010012,"BUKATIRA PS_198",,099008198,"Semuto , Nakaseke","Bukatira PS",146,0,999.41,"23-04-2025 03:56"
10010012,"BUKATIRA PS_198",,099008198,"Semuto , Nakaseke","Bukatira PS",146,38.52,999.41,"23-04-2025 03:56"
10010012,"BUKATIRA PS_198",,099008198,"Semuto , Nakaseke","Bukatira PS",145,0,1037.93,"23-04-2025 03:54"
49412922,"BUKATIRA PS_190",,099008190,"Semuto , Nakaseke","Bukatira PS",16,3.26,535.05,"23-04-2025 03:03"
49412922,"BUKATIRA PS_190",,099008190,"Semuto , Nakaseke","Bukatira PS",15,33.39,538.31,"23-04-2025 03:01"
49412922,"BUKATIRA PS_190",,099008190,"Semuto , Nakaseke","Bukatira PS",14,0,571.7,"23-04-2025 02:57"
14114519,"BUKATIRA PS_015",,099008015,"Semuto , Nakaseke","Bukatira PS",72,39.51,975.77,"22-04-2025 19:21"
14114519,"BUKATIRA PS_015",,099008015,"Semuto , Nakaseke","Bukatira PS",71,0,1015.28,"22-04-2025 19:18"
14114519,"BUKATIRA PS_015",,099008015,"Semuto , Nakaseke","Bukatira PS",71,34.53,1015.28,"22-04-2025 18:17"
14114519,"BUKATIRA PS_015",,099008015,"Semuto , Nakaseke","Bukatira PS",70,0,1049.81,"22-04-2025 18:14"
21811521,"BUKATIRA PS_094",,099008094,"Semuto , Nakaseke","Bukatira PS",5,42.86,760.07,"22-04-2025 17:42"
21811521,"BUKATIRA PS_094",,099008094,"Semuto , Nakaseke","Bukatira PS",4,0,802.93,"22-04-2025 17:41"
10015130,"BUKATIRA PS_152",,099008152,"Semuto , Nakaseke","Bukatira PS",15,78.42,1145.4,"22-04-2025 16:53"
16411412,"BUKATIRA PS_180",,099008180,"Semuto , Nakaseke","Bukatira PS",47,42.92,967.31,"22-04-2025 16:47"
16411412,"BUKATIRA PS_180",,099008180,"Semuto , Nakaseke","Bukatira PS",46,0,1010.23,"22-04-2025 16:45"
16411412,"BUKATIRA PS_180",,099008180,"Semuto , Nakaseke","Bukatira PS",46,0.32,10.23,"22-04-2025 16:44"
16411412,"BUKATIRA PS_180",,099008180,"Semuto , Nakaseke","Bukatira PS",46,0.21,10.23,"22-04-2025 16:44"
14119114,"BUKATIRA PS_009",,099008009,"Semuto , Nakaseke","Bukatira PS",24,34.14,163.07,"22-04-2025 16:44"
14119114,"BUKATIRA PS_009",,099008009,"Semuto , Nakaseke","Bukatira PS",23,0,197.21,"22-04-2025 16:41"
14119114,"BUKATIRA PS_009",,099008009,"Semuto , Nakaseke","Bukatira PS",23,40.58,197.21,"22-04-2025 16:41"
14119114,"BUKATIRA PS_009",,099008009,"Semuto , Nakaseke","Bukatira PS",22,0,237.78,"22-04-2025 16:38"
14118011,"BUKATIRA PS_062",,099008062,"Semuto , Nakaseke","Bukatira PS",9,81.72,697.55,"22-04-2025 16:37"
14118011,"BUKATIRA PS_062",,099008062,"Semuto , Nakaseke","Bukatira PS",8,0,779.27,"22-04-2025 16:31"
15725223,"BUKATIRA PS_006",,099008006,"Semuto , Nakaseke","Bukatira PS",89,277.76,95.23,"22-04-2025 16:30"
15725223,"BUKATIRA PS_006",,099008006,"Semuto , Nakaseke","Bukatira PS",88,27.02,372.98,"22-04-2025 16:14"
15725223,"BUKATIRA PS_006",,099008006,"Semuto , Nakaseke","Bukatira PS",87,0,400,"22-04-2025 16:13"
15725223,"BUKATIRA PS_006",,099008006,"Semuto , Nakaseke","Bukatira PS",87,0,0,"22-04-2025 16:12"
84221162,"BUKATIRA PS_151",,099008151,"Semuto , Nakaseke","Bukatira PS",173,5.58,2973.68,"22-04-2025 16:12"
84221162,"BUKATIRA PS_151",,099008151,"Semuto , Nakaseke","Bukatira PS",172,8.89,2979.26,"22-04-2025 16:11"
15766162,"BUKATIRA PS_049",,099008049,"Semuto , Nakaseke","Bukatira PS",42,7.65,410.32,"22-04-2025 16:11"
15766162,"BUKATIRA PS_049",,099008049,"Semuto , Nakaseke","Bukatira PS",41,3.15,417.97,"22-04-2025 16:10"
15766162,"BUKATIRA PS_049",,099008049,"Semuto , Nakaseke","Bukatira PS",40,15.84,421.12,"22-04-2025 16:10"
15766162,"BUKATIRA PS_049",,099008049,"Semuto , Nakaseke","Bukatira PS",39,18.37,436.96,"22-04-2025 16:09"
15766162,"BUKATIRA PS_049",,099008049,"Semuto , Nakaseke","Bukatira PS",38,0,455.33,"22-04-2025 16:08"
49412922,"BUKATIRA PS_190",,099008190,"Semuto , Nakaseke","Bukatira PS",14,37.63,571.7,"22-04-2025 16:07"
49412922,"BUKATIRA PS_190",,099008190,"Semuto , Nakaseke","Bukatira PS",13,0,609.33,"22-04-2025 16:04"
49412922,"BUKATIRA PS_190",,099008190,"Semuto , Nakaseke","Bukatira PS",13,42.54,609.33,"22-04-2025 16:04"
14114519,"BUKATIRA PS_015",,099008015,"Semuto , Nakaseke","Bukatira PS",70,88.46,1049.81,"22-04-2025 16:01"
84221162,"BUKATIRA PS_151",,099008151,"Semuto , Nakaseke","Bukatira PS",171,45.1,2988.15,"22-04-2025 15:55"
84221162,"BUKATIRA PS_151",,099008151,"Semuto , Nakaseke","Bukatira PS",170,20.93,3033.25,"22-04-2025 15:52"
84221162,"BUKATIRA PS_151",,099008151,"Semuto , Nakaseke","Bukatira PS",169,0,3054.18,"22-04-2025 15:49"
84221162,"BUKATIRA PS_151",,099008151,"Semuto , Nakaseke","Bukatira PS",169,0,3054.18,"22-04-2025 15:49"
84221162,"BUKATIRA PS_151",,099008151,"Semuto , Nakaseke","Bukatira PS",169,30.51,3054.18,"22-04-2025 15:49"
84221162,"BUKATIRA PS_151",,099008151,"Semuto , Nakaseke","Bukatira PS",168,0,3084.68,"22-04-2025 15:44"
84221162,"BUKATIRA PS_151",,099008151,"Semuto , Nakaseke","Bukatira PS",168,11.3,3084.68,"22-04-2025 15:44"
84221162,"BUKATIRA PS_151",,099008151,"Semuto , Nakaseke","Bukatira PS",167,0,3095.99,"22-04-2025 15:42"
84221162,"BUKATIRA PS_151",,099008151,"Semuto , Nakaseke","Bukatira PS",166,0,3097.04,"22-04-2025 15:42"
84221162,"BUKATIRA PS_151",,099008151,"Semuto , Nakaseke","Bukatira PS",166,0,3097.04,"22-04-2025 15:41"
84221162,"BUKATIRA PS_151",,099008151,"Semuto , Nakaseke","Bukatira PS",166,0,3097.04,"22-04-2025 15:41"
13217212,"BUKATIRA PS_195",,099008195,"Semuto , Nakaseke","Bukatira PS",45,0,390.93,"22-04-2025 15:35"
16475126,"BUKATIRA PS_178",,099008178,"Semuto , Nakaseke","Bukatira PS",89,0,399.5,"22-04-2025 15:35"
16475126,"BUKATIRA PS_178",,099008178,"Semuto , Nakaseke","Bukatira PS",89,7.4,399.5,"22-04-2025 15:34"
16475126,"BUKATIRA PS_178",,099008178,"Semuto , Nakaseke","Bukatira PS",87,0,408.03,"22-04-2025 15:33"
16475126,"BUKATIRA PS_178",,099008178,"Semuto , Nakaseke","Bukatira PS",87,19.19,408.03,"22-04-2025 15:32"
11617612,"BUKATIRA PS_172",,099008172,"Semuto , Nakaseke","Bukatira PS",72,63.04,236.13,"22-04-2025 15:31"
84221162,"BUKATIRA PS_151",,099008151,"Semuto , Nakaseke","Bukatira PS",166,20.2,3097.04,"22-04-2025 15:24"
84221162,"BUKATIRA PS_151",,099008151,"Semuto , Nakaseke","Bukatira PS",165,0,3117.24,"22-04-2025 15:22"
84221162,"BUKATIRA PS_151",,099008151,"Semuto , Nakaseke","Bukatira PS",165,0.65,3117.24,"22-04-2025 15:22"
84221162,"BUKATIRA PS_151",,099008151,"Semuto , Nakaseke","Bukatira PS",164,0,3117.9,"22-04-2025 15:22"
14114519,"BUKATIRA PS_015",,099008015,"Semuto , Nakaseke","Bukatira PS",69,45.04,1138.27,"22-04-2025 15:21"
14114519,"BUKATIRA PS_015",,099008015,"Semuto , Nakaseke","Bukatira PS",68,0,1183.31,"22-04-2025 15:18"
11617612,"BUKATIRA PS_172",,099008172,"Semuto , Nakaseke","Bukatira PS",71,1.12,99.17,"22-04-2025 15:18"
13217212,"BUKATIRA PS_195",,099008195,"Semuto , Nakaseke","Bukatira PS",45,20.66,390.93,"22-04-2025 15:18"
16475126,"BUKATIRA PS_178",,099008178,"Semuto , Nakaseke","Bukatira PS",86,0.58,427.21,"22-04-2025 15:13"
16475126,"BUKATIRA PS_178",,099008178,"Semuto , Nakaseke","Bukatira PS",85,0,27.79,"22-04-2025 15:11"
13210132,"BUKATIRA PS_187",,099008187,"Semuto , Nakaseke","Bukatira PS",28,0,497.58,"22-04-2025 15:10"
13210132,"BUKATIRA PS_187",,099008187,"Semuto , Nakaseke","Bukatira PS",28,2.42,497.58,"22-04-2025 15:10"
13210132,"BUKATIRA PS_187",,099008187,"Semuto , Nakaseke","Bukatira PS",27,0,500,"22-04-2025 15:09"
84216121,"BUKATIRA PS_158",,099008158,"Semuto , Nakaseke","Bukatira PS",33,36.6,826.41,"22-04-2025 15:07"
84216121,"BUKATIRA PS_158",,099008158,"Semuto , Nakaseke","Bukatira PS",32,0,863.01,"22-04-2025 14:56"
84221162,"BUKATIRA PS_151",,099008151,"Semuto , Nakaseke","Bukatira PS",163,0,3118.58,"22-04-2025 14:55"
84221162,"BUKATIRA PS_151",,099008151,"Semuto , Nakaseke","Bukatira PS",163,0,3118.58,"22-04-2025 14:54"
84221162,"BUKATIRA PS_151",,099008151,"Semuto , Nakaseke","Bukatira PS",163,5.5,3118.58,"22-04-2025 14:54"
84221162,"BUKATIRA PS_151",,099008151,"Semuto , Nakaseke","Bukatira PS",162,0,3124.08,"22-04-2025 14:53"
84221162,"BUKATIRA PS_151",,099008151,"Semuto , Nakaseke","Bukatira PS",162,10.22,3124.08,"22-04-2025 14:53"
84221162,"BUKATIRA PS_151",,099008151,"Semuto , Nakaseke","Bukatira PS",161,0,3134.3,"22-04-2025 14:52"
16421812,"BUKATIRA PS_197",,099008197,"Semuto , Nakaseke","Bukatira PS",62,24.18,180.16,"22-04-2025 14:51"
16421812,"BUKATIRA PS_197",,099008197,"Semuto , Nakaseke","Bukatira PS",61,0,204.34,"22-04-2025 14:48"
16421812,"BUKATIRA PS_197",,099008197,"Semuto , Nakaseke","Bukatira PS",61,10.13,204.34,"22-04-2025 14:48"
16421812,"BUKATIRA PS_197",,099008197,"Semuto , Nakaseke","Bukatira PS",60,0,214.46,"22-04-2025 14:47"
16421812,"BUKATIRA PS_197",,099008197,"Semuto , Nakaseke","Bukatira PS",60,11.48,214.46,"22-04-2025 14:47"
16421812,"BUKATIRA PS_197",,099008197,"Semuto , Nakaseke","Bukatira PS",59,8.85,225.95,"22-04-2025 14:45"
16421812,"BUKATIRA PS_197",,099008197,"Semuto , Nakaseke","Bukatira PS",58,0,234.8,"22-04-2025 14:43"
14114519,"BUKATIRA PS_015",,099008015,"Semuto , Nakaseke","Bukatira PS",68,38.64,1183.31,"22-04-2025 14:38"
14114519,"BUKATIRA PS_015",,099008015,"Semuto , Nakaseke","Bukatira PS",67,0,1221.95,"22-04-2025 14:34"
84216121,"BUKATIRA PS_158",,099008158,"Semuto , Nakaseke","Bukatira PS",32,36.99,863.01,"22-04-2025 14:34"
84216121,"BUKATIRA PS_158",,099008158,"Semuto , Nakaseke","Bukatira PS",31,0,900,"22-04-2025 14:31"
10010012,"BUKATIRA PS_198",,099008198,"Semuto , Nakaseke","Bukatira PS",145,162.94,1037.93,"22-04-2025 14:31"
10010012,"BUKATIRA PS_198",,099008198,"Semuto , Nakaseke","Bukatira PS",144,0.01,1200.87,"22-04-2025 14:18"
10010012,"BUKATIRA PS_198",,099008198,"Semuto , Nakaseke","Bukatira PS",144,0.05,200.87,"22-04-2025 14:18"
10010012,"BUKATIRA PS_198",,099008198,"Semuto , Nakaseke","Bukatira PS",144,0.46,200.87,"22-04-2025 14:17"
14114519,"BUKATIRA PS_015",,099008015,"Semuto , Nakaseke","Bukatira PS",67,39.18,1221.95,"22-04-2025 14:17"
16420512,"BUKATIRA PS_188",,099008188,"Semuto , Nakaseke","Bukatira PS",67,42.98,680.5,"22-04-2025 14:13"
16420512,"BUKATIRA PS_188",,099008188,"Semuto , Nakaseke","Bukatira PS",66,0,723.48,"22-04-2025 14:10"
16420512,"BUKATIRA PS_188",,099008188,"Semuto , Nakaseke","Bukatira PS",66,80.99,723.48,"22-04-2025 14:09"
16420512,"BUKATIRA PS_188",,099008188,"Semuto , Nakaseke","Bukatira PS",65,0.01,804.47,"22-04-2025 14:02"
16420512,"BUKATIRA PS_188",,099008188,"Semuto , Nakaseke","Bukatira PS",65,0,804.47,"22-04-2025 14:02"
16420512,"BUKATIRA PS_188",,099008188,"Semuto , Nakaseke","Bukatira PS",65,0,804.47,"22-04-2025 14:02"
14819411,"BUKATIRA PS_155",,099008155,"Semuto , Nakaseke","Bukatira PS",42,25.95,53.31,"22-04-2025 14:01"
14819411,"BUKATIRA PS_155",,099008155,"Semuto , Nakaseke","Bukatira PS",41,19.65,79.27,"22-04-2025 13:59"
14819411,"BUKATIRA PS_155",,099008155,"Semuto , Nakaseke","Bukatira PS",40,0,98.91,"22-04-2025 13:57"
14819411,"BUKATIRA PS_155",,099008155,"Semuto , Nakaseke","Bukatira PS",40,0,98.91,"22-04-2025 13:56"
14819411,"BUKATIRA PS_155",,099008155,"Semuto , Nakaseke","Bukatira PS",40,0,98.91,"22-04-2025 13:54"
14819411,"BUKATIRA PS_155",,099008155,"Semuto , Nakaseke","Bukatira PS",40,0,98.91,"22-04-2025 13:53"
14819411,"BUKATIRA PS_155",,099008155,"Semuto , Nakaseke","Bukatira PS",40,0,98.91,"22-04-2025 13:53"
14819411,"BUKATIRA PS_155",,099008155,"Semuto , Nakaseke","Bukatira PS",40,0,98.91,"22-04-2025 13:32"
14819411,"BUKATIRA PS_155",,099008155,"Semuto , Nakaseke","Bukatira PS",40,0,98.91,"22-04-2025 13:32"
14819411,"BUKATIRA PS_155",,099008155,"Semuto , Nakaseke","Bukatira PS",40,1.59,98.91,"22-04-2025 13:32"
14819411,"BUKATIRA PS_155",,099008155,"Semuto , Nakaseke","Bukatira PS",39,0,100.5,"22-04-2025 13:31"
14819411,"BUKATIRA PS_155",,099008155,"Semuto , Nakaseke","Bukatira PS",39,0,100.5,"22-04-2025 13:31"
14819411,"BUKATIRA PS_155",,099008155,"Semuto , Nakaseke","Bukatira PS",39,21.05,100.5,"22-04-2025 13:30"
14819411,"BUKATIRA PS_155",,099008155,"Semuto , Nakaseke","Bukatira PS",38,0,121.55,"22-04-2025 13:28"
14819411,"BUKATIRA PS_155",,099008155,"Semuto , Nakaseke","Bukatira PS",38,0,121.55,"22-04-2025 13:28"
15719913,"BUKATIRA PS_048",,099008048,"Semuto , Nakaseke","Bukatira PS",1,37.5,962.5,"22-04-2025 13:03"
15719913,"BUKATIRA PS_048",,099008048,"Semuto , Nakaseke","Bukatira PS",0,0.16,1000,"22-04-2025 13:00"
15719913,"BUKATIRA PS_048",,099008048,"Semuto , Nakaseke","Bukatira PS",0,0,1000,"22-04-2025 13:00"
36613122,"BUKATIRA PS_183",,099008183,"Semuto , Nakaseke","Bukatira PS",3,0,903,"22-04-2025 12:19"
36613122,"BUKATIRA PS_183",,099008183,"Semuto , Nakaseke","Bukatira PS",3,44.83,903,"22-04-2025 12:19"
36613122,"BUKATIRA PS_183",,099008183,"Semuto , Nakaseke","Bukatira PS",2,0,947.83,"22-04-2025 12:15"
84216121,"BUKATIRA PS_158",,099008158,"Semuto , Nakaseke","Bukatira PS",31,0,900,"22-04-2025 12:07"
84216121,"BUKATIRA PS_158",,099008158,"Semuto , Nakaseke","Bukatira PS",31,0,0,"22-04-2025 12:07"
84216121,"BUKATIRA PS_158",,099008158,"Semuto , Nakaseke","Bukatira PS",31,0,0,"22-04-2025 12:07"
13216411,"BUKATIRA PS_185",,099008185,"Semuto , Nakaseke","Bukatira PS",34,46.81,474.29,"22-04-2025 11:43"
13216411,"BUKATIRA PS_185",,099008185,"Semuto , Nakaseke","Bukatira PS",33,0,521.1,"22-04-2025 11:38"
13216411,"BUKATIRA PS_185",,099008185,"Semuto , Nakaseke","Bukatira PS",33,12.05,521.1,"22-04-2025 11:38"
13216411,"BUKATIRA PS_185",,099008185,"Semuto , Nakaseke","Bukatira PS",32,5.14,533.15,"22-04-2025 11:37"
13216411,"BUKATIRA PS_185",,099008185,"Semuto , Nakaseke","Bukatira PS",31,59.09,538.29,"22-04-2025 11:36"
13216411,"BUKATIRA PS_185",,099008185,"Semuto , Nakaseke","Bukatira PS",30,0,597.37,"22-04-2025 11:32"
15714116,"BUKATIRA PS_039",,099008039,"Semuto , Nakaseke","Bukatira PS",28,0,0,"22-04-2025 10:36"
15714116,"BUKATIRA PS_039",,099008039,"Semuto , Nakaseke","Bukatira PS",28,0,0,"22-04-2025 10:36"
14819411,"BUKATIRA PS_155",,099008155,"Semuto , Nakaseke","Bukatira PS",38,39.45,121.55,"22-04-2025 10:08"
14819411,"BUKATIRA PS_155",,099008155,"Semuto , Nakaseke","Bukatira PS",37,36.96,161,"22-04-2025 10:00"
14819411,"BUKATIRA PS_155",,099008155,"Semuto , Nakaseke","Bukatira PS",36,0,197.96,"22-04-2025 09:57"
14819411,"BUKATIRA PS_155",,099008155,"Semuto , Nakaseke","Bukatira PS",36,38.6,197.96,"22-04-2025 09:56"
14819411,"BUKATIRA PS_155",,099008155,"Semuto , Nakaseke","Bukatira PS",35,0,236.56,"22-04-2025 09:53"
20132131,"BUKATIRA PS_200",,099008200,"Semuto , Nakaseke","Bukatira PS",14,0.11,433.53,"22-04-2025 08:57"
20132131,"BUKATIRA PS_200",,099008200,"Semuto , Nakaseke","Bukatira PS",14,0,433.53,"22-04-2025 08:57"
20132131,"BUKATIRA PS_200",,099008200,"Semuto , Nakaseke","Bukatira PS",14,0,433.53,"22-04-2025 08:56"
20132131,"BUKATIRA PS_200",,099008200,"Semuto , Nakaseke","Bukatira PS",14,37.51,433.53,"22-04-2025 08:56"
20132131,"BUKATIRA PS_200",,099008200,"Semuto , Nakaseke","Bukatira PS",13,0,471.04,"22-04-2025 08:53"
68351162,"BUKATIRA PS_161",,099008161,"Semuto , Nakaseke","Bukatira PS",52,68.16,653.35,"22-04-2025 08:47"
68351162,"BUKATIRA PS_161",,099008161,"Semuto , Nakaseke","Bukatira PS",51,0,721.5,"22-04-2025 08:39"
68351162,"BUKATIRA PS_161",,099008161,"Semuto , Nakaseke","Bukatira PS",51,35.57,721.5,"22-04-2025 08:38"
68351162,"BUKATIRA PS_161",,099008161,"Semuto , Nakaseke","Bukatira PS",50,0,757.08,"22-04-2025 08:34"
68351162,"BUKATIRA PS_161",,099008161,"Semuto , Nakaseke","Bukatira PS",50,0,757.08,"22-04-2025 08:33"
68351162,"BUKATIRA PS_161",,099008161,"Semuto , Nakaseke","Bukatira PS",50,69.11,757.08,"22-04-2025 08:33"
68351162,"BUKATIRA PS_161",,099008161,"Semuto , Nakaseke","Bukatira PS",49,0,826.19,"22-04-2025 08:27"
14112593,"BUKATIRA PS_028",,099008028,"Semuto , Nakaseke","Bukatira PS",5,22.11,880.06,"22-04-2025 08:27"
14112593,"BUKATIRA PS_028",,099008028,"Semuto , Nakaseke","Bukatira PS",4,0,902.16,"22-04-2025 08:24"
14124618,"BUKATIRA PS_017",,099008017,"Semuto , Nakaseke","Bukatira PS",13,20.1,585.19,"22-04-2025 08:20"
14124618,"BUKATIRA PS_017",,099008017,"Semuto , Nakaseke","Bukatira PS",12,20.45,605.29,"22-04-2025 08:18"
14124618,"BUKATIRA PS_017",,099008017,"Semuto , Nakaseke","Bukatira PS",11,0,625.75,"22-04-2025 08:17"
15725223,"BUKATIRA PS_006",,099008006,"Semuto , Nakaseke","Bukatira PS",87,13.19,0.79,"22-04-2025 07:22"
15725223,"BUKATIRA PS_006",,099008006,"Semuto , Nakaseke","Bukatira PS",86,39.91,13.98,"22-04-2025 07:20"
15725223,"BUKATIRA PS_006",,099008006,"Semuto , Nakaseke","Bukatira PS",85,36.93,53.88,"22-04-2025 07:18"
15725223,"BUKATIRA PS_006",,099008006,"Semuto , Nakaseke","Bukatira PS",84,0,90.81,"22-04-2025 07:15"
15725223,"BUKATIRA PS_006",,099008006,"Semuto , Nakaseke","Bukatira PS",84,38.32,90.81,"22-04-2025 07:15"
15725223,"BUKATIRA PS_006",,099008006,"Semuto , Nakaseke","Bukatira PS",83,0,129.14,"22-04-2025 07:12"
15725223,"BUKATIRA PS_006",,099008006,"Semuto , Nakaseke","Bukatira PS",83,77.05,129.14,"22-04-2025 06:58"
15725223,"BUKATIRA PS_006",,099008006,"Semuto , Nakaseke","Bukatira PS",82,0,206.19,"22-04-2025 06:54"
15725223,"BUKATIRA PS_006",,099008006,"Semuto , Nakaseke","Bukatira PS",82,118.03,206.19,"22-04-2025 06:53"
15725223,"BUKATIRA PS_006",,099008006,"Semuto , Nakaseke","Bukatira PS",81,37.31,324.22,"22-04-2025 06:47"
15725223,"BUKATIRA PS_006",,099008006,"Semuto , Nakaseke","Bukatira PS",80,0,361.53,"22-04-2025 06:44"
15725223,"BUKATIRA PS_006",,099008006,"Semuto , Nakaseke","Bukatira PS",80,38.47,361.53,"22-04-2025 06:44"
15725223,"BUKATIRA PS_006",,099008006,"Semuto , Nakaseke","Bukatira PS",79,0,400,"22-04-2025 06:41"
14116622,"BUKATIRA PS_018",,099008018,"Semuto , Nakaseke","Bukatira PS",163,0,0,"22-04-2025 06:20"
14116622,"BUKATIRA PS_018",,099008018,"Semuto , Nakaseke","Bukatira PS",163,0,0,"22-04-2025 06:19"
14116622,"BUKATIRA PS_018",,099008018,"Semuto , Nakaseke","Bukatira PS",163,0,0,"22-04-2025 06:19"
14116622,"BUKATIRA PS_018",,099008018,"Semuto , Nakaseke","Bukatira PS",163,11.3,0,"22-04-2025 06:19"
14116622,"BUKATIRA PS_018",,099008018,"Semuto , Nakaseke","Bukatira PS",162,0,11.2,"22-04-2025 06:17"
14116622,"BUKATIRA PS_018",,099008018,"Semuto , Nakaseke","Bukatira PS",162,37.64,11.2,"22-04-2025 06:17"
14116622,"BUKATIRA PS_018",,099008018,"Semuto , Nakaseke","Bukatira PS",161,0,48.84,"22-04-2025 06:15"
14116622,"BUKATIRA PS_018",,099008018,"Semuto , Nakaseke","Bukatira PS",161,35.98,48.84,"22-04-2025 06:14"
14116622,"BUKATIRA PS_018",,099008018,"Semuto , Nakaseke","Bukatira PS",160,40.61,84.82,"22-04-2025 06:12"
14116622,"BUKATIRA PS_018",,099008018,"Semuto , Nakaseke","Bukatira PS",159,0,125.43,"22-04-2025 06:11"
14116622,"BUKATIRA PS_018",,099008018,"Semuto , Nakaseke","Bukatira PS",159,36.32,125.43,"22-04-2025 06:10"
14116622,"BUKATIRA PS_018",,099008018,"Semuto , Nakaseke","Bukatira PS",158,0,161.75,"22-04-2025 06:08"
14116622,"BUKATIRA PS_018",,099008018,"Semuto , Nakaseke","Bukatira PS",158,39.75,161.75,"22-04-2025 06:07"
14116622,"BUKATIRA PS_018",,099008018,"Semuto , Nakaseke","Bukatira PS",157,0,201.51,"22-04-2025 06:05"
14116622,"BUKATIRA PS_018",,099008018,"Semuto , Nakaseke","Bukatira PS",157,36.82,201.51,"22-04-2025 06:05"
14116622,"BUKATIRA PS_018",,099008018,"Semuto , Nakaseke","Bukatira PS",156,0,238.32,"22-04-2025 06:03"
14116622,"BUKATIRA PS_018",,099008018,"Semuto , Nakaseke","Bukatira PS",156,19.13,238.32,"22-04-2025 06:02"
14116622,"BUKATIRA PS_018",,099008018,"Semuto , Nakaseke","Bukatira PS",155,0,257.45,"22-04-2025 06:01"
14116622,"BUKATIRA PS_018",,099008018,"Semuto , Nakaseke","Bukatira PS",155,32.61,257.45,"22-04-2025 06:01"
14116622,"BUKATIRA PS_018",,099008018,"Semuto , Nakaseke","Bukatira PS",154,0,290.06,"22-04-2025 05:59"
13210132,"BUKATIRA PS_187",,099008187,"Semuto , Nakaseke","Bukatira PS",27,0,0,"22-04-2025 05:58"
15715147,"BUKATIRA PS_060",,099008060,"Semuto , Nakaseke","Bukatira PS",36,38.85,1170.8,"22-04-2025 05:58"
15715147,"BUKATIRA PS_060",,099008060,"Semuto , Nakaseke","Bukatira PS",35,0,1209.64,"22-04-2025 05:55"
15715147,"BUKATIRA PS_060",,099008060,"Semuto , Nakaseke","Bukatira PS",35,36.18,1209.64,"22-04-2025 05:55"
15715147,"BUKATIRA PS_060",,099008060,"Semuto , Nakaseke","Bukatira PS",34,0,1245.82,"22-04-2025 05:53"
15715147,"BUKATIRA PS_060",,099008060,"Semuto , Nakaseke","Bukatira PS",34,79.72,1245.82,"22-04-2025 05:53"
15715147,"BUKATIRA PS_060",,099008060,"Semuto , Nakaseke","Bukatira PS",33,36.53,1325.54,"22-04-2025 05:47"
15715147,"BUKATIRA PS_060",,099008060,"Semuto , Nakaseke","Bukatira PS",32,0,1362.07,"22-04-2025 05:44"
15715147,"BUKATIRA PS_060",,099008060,"Semuto , Nakaseke","Bukatira PS",32,40.54,1362.07,"22-04-2025 05:44"
15715147,"BUKATIRA PS_060",,099008060,"Semuto , Nakaseke","Bukatira PS",31,0,1402.61,"22-04-2025 05:41"
84221162,"BUKATIRA PS_151",,099008151,"Semuto , Nakaseke","Bukatira PS",161,72.38,3134.3,"22-04-2025 05:29"
84221162,"BUKATIRA PS_151",,099008151,"Semuto , Nakaseke","Bukatira PS",160,0,3206.68,"22-04-2025 05:22"
84221162,"BUKATIRA PS_151",,099008151,"Semuto , Nakaseke","Bukatira PS",160,0,3206.68,"22-04-2025 05:21"
36149122,"BUKATIRA PS_166",,099008166,"Semuto , Nakaseke","Bukatira PS",51,36.31,19.91,"22-04-2025 05:09"
36149122,"BUKATIRA PS_166",,099008166,"Semuto , Nakaseke","Bukatira PS",50,0,56.22,"22-04-2025 05:06"
15714116,"BUKATIRA PS_039",,099008039,"Semuto , Nakaseke","Bukatira PS",28,0,0,"22-04-2025 05:05"
15714116,"BUKATIRA PS_039",,099008039,"Semuto , Nakaseke","Bukatira PS",28,0,0,"22-04-2025 05:04"
14123722,"BUKATIRA PS_008",,099008008,"Semuto , Nakaseke","Bukatira PS",56,51.17,0.06,"22-04-2025 05:01"
14123722,"BUKATIRA PS_008",,099008008,"Semuto , Nakaseke","Bukatira PS",55,19.29,51.23,"22-04-2025 04:58"
15714111,"BUKATIRA PS_001",,099008001,"Semuto , Nakaseke","Bukatira PS",143,0,0,"22-04-2025 04:56"
14123722,"BUKATIRA PS_008",,099008008,"Semuto , Nakaseke","Bukatira PS",54,3.87,70.52,"22-04-2025 04:56"
14123722,"BUKATIRA PS_008",,099008008,"Semuto , Nakaseke","Bukatira PS",53,0,74.39,"22-04-2025 04:56"
14123722,"BUKATIRA PS_008",,099008008,"Semuto , Nakaseke","Bukatira PS",53,6.16,74.39,"22-04-2025 04:53"
14123722,"BUKATIRA PS_008",,099008008,"Semuto , Nakaseke","Bukatira PS",52,3.17,80.55,"22-04-2025 04:52"
14123722,"BUKATIRA PS_008",,099008008,"Semuto , Nakaseke","Bukatira PS",51,0,83.72,"22-04-2025 04:52"
14123722,"BUKATIRA PS_008",,099008008,"Semuto , Nakaseke","Bukatira PS",50,0,84.51,"22-04-2025 04:52"
11617612,"BUKATIRA PS_172",,099008172,"Semuto , Nakaseke","Bukatira PS",70,32.07,100.3,"22-04-2025 04:51"
11617612,"BUKATIRA PS_172",,099008172,"Semuto , Nakaseke","Bukatira PS",69,0,132.36,"22-04-2025 04:49"
14123722,"BUKATIRA PS_008",,099008008,"Semuto , Nakaseke","Bukatira PS",50,125.12,84.51,"22-04-2025 04:49"
14123722,"BUKATIRA PS_008",,099008008,"Semuto , Nakaseke","Bukatira PS",49,0,209.63,"22-04-2025 04:39"
13222312,"BUKATIRA PS_191",,099008191,"Semuto , Nakaseke","Bukatira PS",14,79.05,483.66,"22-04-2025 04:39"
13222312,"BUKATIRA PS_191",,099008191,"Semuto , Nakaseke","Bukatira PS",13,0,562.71,"22-04-2025 04:34"
16420512,"BUKATIRA PS_188",,099008188,"Semuto , Nakaseke","Bukatira PS",65,85.03,804.47,"22-04-2025 04:34"
16420512,"BUKATIRA PS_188",,099008188,"Semuto , Nakaseke","Bukatira PS",64,0,889.5,"22-04-2025 04:28"
16420512,"BUKATIRA PS_188",,099008188,"Semuto , Nakaseke","Bukatira PS",64,36.32,889.5,"22-04-2025 04:28"
16420512,"BUKATIRA PS_188",,099008188,"Semuto , Nakaseke","Bukatira PS",63,0,925.82,"22-04-2025 04:21"
16420512,"BUKATIRA PS_188",,099008188,"Semuto , Nakaseke","Bukatira PS",63,40.16,925.82,"22-04-2025 04:20"
16420512,"BUKATIRA PS_188",,099008188,"Semuto , Nakaseke","Bukatira PS",62,34.02,965.98,"22-04-2025 04:15"
16420512,"BUKATIRA PS_188",,099008188,"Semuto , Nakaseke","Bukatira PS",61,0,1000,"22-04-2025 04:11"
16420512,"BUKATIRA PS_188",,099008188,"Semuto , Nakaseke","Bukatira PS",61,0,1000,"22-04-2025 04:07"
16420512,"BUKATIRA PS_188",,099008188,"Semuto , Nakaseke","Bukatira PS",61,0,1000,"22-04-2025 04:07"
14116622,"BUKATIRA PS_018",,099008018,"Semuto , Nakaseke","Bukatira PS",154,20.56,290.06,"22-04-2025 04:00"
14116622,"BUKATIRA PS_018",,099008018,"Semuto , Nakaseke","Bukatira PS",153,0,310.61,"22-04-2025 03:59"
36788322,"BUKATIRA PS_169",,099008169,"Semuto , Nakaseke","Bukatira PS",18,41.03,811.97,"22-04-2025 03:58"
36788322,"BUKATIRA PS_169",,099008169,"Semuto , Nakaseke","Bukatira PS",17,0,852.99,"22-04-2025 03:55"
36788322,"BUKATIRA PS_169",,099008169,"Semuto , Nakaseke","Bukatira PS",17,38.98,852.99,"22-04-2025 03:54"
36788322,"BUKATIRA PS_169",,099008169,"Semuto , Nakaseke","Bukatira PS",16,0,891.98,"22-04-2025 03:50"
36788322,"BUKATIRA PS_169",,099008169,"Semuto , Nakaseke","Bukatira PS",16,41.45,891.98,"22-04-2025 03:50"
36788322,"BUKATIRA PS_169",,099008169,"Semuto , Nakaseke","Bukatira PS",15,0,933.43,"22-04-2025 03:46"
10010012,"BUKATIRA PS_198",,099008198,"Semuto , Nakaseke","Bukatira PS",144,39.6,200.87,"22-04-2025 03:19"
10010012,"BUKATIRA PS_198",,099008198,"Semuto , Nakaseke","Bukatira PS",143,0,240.46,"22-04-2025 03:16"
10010012,"BUKATIRA PS_198",,099008198,"Semuto , Nakaseke","Bukatira PS",143,11.18,240.46,"22-04-2025 03:16"
10010012,"BUKATIRA PS_198",,099008198,"Semuto , Nakaseke","Bukatira PS",142,24.52,251.64,"22-04-2025 03:15"
10010012,"BUKATIRA PS_198",,099008198,"Semuto , Nakaseke","Bukatira PS",141,0,276.16,"22-04-2025 03:13"
10010012,"BUKATIRA PS_198",,099008198,"Semuto , Nakaseke","Bukatira PS",141,38.79,276.16,"22-04-2025 03:13"
10010012,"BUKATIRA PS_198",,099008198,"Semuto , Nakaseke","Bukatira PS",140,0,314.95,"22-04-2025 03:10"
10010012,"BUKATIRA PS_198",,099008198,"Semuto , Nakaseke","Bukatira PS",140,4.18,314.95,"22-04-2025 03:10"
10010012,"BUKATIRA PS_198",,099008198,"Semuto , Nakaseke","Bukatira PS",139,1.8,319.14,"22-04-2025 03:09"
10010012,"BUKATIRA PS_198",,099008198,"Semuto , Nakaseke","Bukatira PS",138,35.47,320.94,"22-04-2025 03:09"
10010012,"BUKATIRA PS_198",,099008198,"Semuto , Nakaseke","Bukatira PS",137,0,356.41,"22-04-2025 03:06"
10010012,"BUKATIRA PS_198",,099008198,"Semuto , Nakaseke","Bukatira PS",137,39.47,356.41,"22-04-2025 02:52"
10010012,"BUKATIRA PS_198",,099008198,"Semuto , Nakaseke","Bukatira PS",136,0,395.88,"22-04-2025 02:49"
10010012,"BUKATIRA PS_198",,099008198,"Semuto , Nakaseke","Bukatira PS",136,40.22,395.88,"22-04-2025 02:49"
10010012,"BUKATIRA PS_198",,099008198,"Semuto , Nakaseke","Bukatira PS",135,0,436.1,"22-04-2025 02:45"
10010012,"BUKATIRA PS_198",,099008198,"Semuto , Nakaseke","Bukatira PS",135,39,436.1,"22-04-2025 02:45"
10010012,"BUKATIRA PS_198",,099008198,"Semuto , Nakaseke","Bukatira PS",134,0,475.1,"22-04-2025 02:42"
10010012,"BUKATIRA PS_198",,099008198,"Semuto , Nakaseke","Bukatira PS",134,41.09,475.1,"22-04-2025 02:40"
10010012,"BUKATIRA PS_198",,099008198,"Semuto , Nakaseke","Bukatira PS",133,0,516.18,"22-04-2025 02:37"
10010012,"BUKATIRA PS_198",,099008198,"Semuto , Nakaseke","Bukatira PS",132,38.41,516.69,"22-04-2025 02:27"
10010012,"BUKATIRA PS_198",,099008198,"Semuto , Nakaseke","Bukatira PS",131,0,555.11,"22-04-2025 02:24"
10010012,"BUKATIRA PS_198",,099008198,"Semuto , Nakaseke","Bukatira PS",131,37.54,555.11,"22-04-2025 02:23"
10010012,"BUKATIRA PS_198",,099008198,"Semuto , Nakaseke","Bukatira PS",130,0,592.65,"22-04-2025 02:20"
10010012,"BUKATIRA PS_198",,099008198,"Semuto , Nakaseke","Bukatira PS",130,39.25,592.65,"22-04-2025 02:20"
10010012,"BUKATIRA PS_198",,099008198,"Semuto , Nakaseke","Bukatira PS",129,0,631.9,"22-04-2025 02:15"
10010012,"BUKATIRA PS_198",,099008198,"Semuto , Nakaseke","Bukatira PS",129,38.8,631.9,"22-04-2025 02:14"
10010012,"BUKATIRA PS_198",,099008198,"Semuto , Nakaseke","Bukatira PS",128,0,670.7,"22-04-2025 02:11"
15725366,"BUKATIRA PS_021",,099008021,"Semuto , Nakaseke","Bukatira PS",24,48.14,385.14,"21-04-2025 19:04"
15725366,"BUKATIRA PS_021",,099008021,"Semuto , Nakaseke","Bukatira PS",23,0,433.28,"21-04-2025 18:59"
10010012,"BUKATIRA PS_198",,099008198,"Semuto , Nakaseke","Bukatira PS",128,38.11,670.7,"21-04-2025 18:35"
10010012,"BUKATIRA PS_198",,099008198,"Semuto , Nakaseke","Bukatira PS",127,0,708.81,"21-04-2025 18:32"
16421812,"BUKATIRA PS_197",,099008197,"Semuto , Nakaseke","Bukatira PS",58,10.03,234.8,"21-04-2025 17:13"
16421812,"BUKATIRA PS_197",,099008197,"Semuto , Nakaseke","Bukatira PS",56,25.34,277.14,"21-04-2025 17:13"
16421812,"BUKATIRA PS_197",,099008197,"Semuto , Nakaseke","Bukatira PS",55,0,302.49,"21-04-2025 17:13"
16420512,"BUKATIRA PS_188",,099008188,"Semuto , Nakaseke","Bukatira PS",61,0,0,"21-04-2025 17:13"
16420512,"BUKATIRA PS_188",,099008188,"Semuto , Nakaseke","Bukatira PS",61,0,0,"21-04-2025 17:12"
19617131,"BUKATIRA PS_159",,099008159,"Semuto , Nakaseke","Bukatira PS",21,0,0,"21-04-2025 17:12"
16420512,"BUKATIRA PS_188",,099008188,"Semuto , Nakaseke","Bukatira PS",61,0,1000,"21-04-2025 17:12"
16420512,"BUKATIRA PS_188",,099008188,"Semuto , Nakaseke","Bukatira PS",61,0,0,"21-04-2025 17:12"
19617131,"BUKATIRA PS_159",,099008159,"Semuto , Nakaseke","Bukatira PS",21,0,0,"21-04-2025 17:06"
19617131,"BUKATIRA PS_159",,099008159,"Semuto , Nakaseke","Bukatira PS",21,4.22,0.09,"21-04-2025 17:06"
19617131,"BUKATIRA PS_159",,099008159,"Semuto , Nakaseke","Bukatira PS",20,129.06,4.31,"21-04-2025 17:05"
19617131,"BUKATIRA PS_159",,099008159,"Semuto , Nakaseke","Bukatira PS",19,45.16,133.37,"21-04-2025 16:53"
19617131,"BUKATIRA PS_159",,099008159,"Semuto , Nakaseke","Bukatira PS",18,39.45,178.53,"21-04-2025 16:49"
19617131,"BUKATIRA PS_159",,099008159,"Semuto , Nakaseke","Bukatira PS",17,0,217.97,"21-04-2025 16:46"
14119114,"BUKATIRA PS_009",,099008009,"Semuto , Nakaseke","Bukatira PS",22,38.15,237.78,"21-04-2025 16:46"
14116622,"BUKATIRA PS_018",,099008018,"Semuto , Nakaseke","Bukatira PS",153,36.15,310.61,"21-04-2025 16:43"
14116622,"BUKATIRA PS_018",,099008018,"Semuto , Nakaseke","Bukatira PS",152,36.56,346.76,"21-04-2025 16:41"
14116622,"BUKATIRA PS_018",,099008018,"Semuto , Nakaseke","Bukatira PS",151,0,383.32,"21-04-2025 16:38"
14116622,"BUKATIRA PS_018",,099008018,"Semuto , Nakaseke","Bukatira PS",151,16.68,383.32,"21-04-2025 16:38"
14116622,"BUKATIRA PS_018",,099008018,"Semuto , Nakaseke","Bukatira PS",150,0,400,"21-04-2025 16:37"
41161292,"BUKATIRA PS_168",,099008168,"Semuto , Nakaseke","Bukatira PS",27,33.75,88.27,"21-04-2025 16:36"
41161292,"BUKATIRA PS_168",,099008168,"Semuto , Nakaseke","Bukatira PS",26,1.25,122.03,"21-04-2025 16:33"
84221162,"BUKATIRA PS_151",,099008151,"Semuto , Nakaseke","Bukatira PS",160,19.01,3206.68,"21-04-2025 16:33"
41161292,"BUKATIRA PS_168",,099008168,"Semuto , Nakaseke","Bukatira PS",25,3.56,123.28,"21-04-2025 16:32"
41161292,"BUKATIRA PS_168",,099008168,"Semuto , Nakaseke","Bukatira PS",24,0,126.85,"21-04-2025 16:31"
84221162,"BUKATIRA PS_151",,099008151,"Semuto , Nakaseke","Bukatira PS",158,0,3226.77,"21-04-2025 16:31"
19617131,"BUKATIRA PS_159",,099008159,"Semuto , Nakaseke","Bukatira PS",17,39.47,217.97,"21-04-2025 16:30"
19617131,"BUKATIRA PS_159",,099008159,"Semuto , Nakaseke","Bukatira PS",16,38.89,257.44,"21-04-2025 16:28"
19617131,"BUKATIRA PS_159",,099008159,"Semuto , Nakaseke","Bukatira PS",15,0,296.33,"21-04-2025 16:24"
14124618,"BUKATIRA PS_017",,099008017,"Semuto , Nakaseke","Bukatira PS",11,45.31,625.75,"21-04-2025 16:24"
14124618,"BUKATIRA PS_017",,099008017,"Semuto , Nakaseke","Bukatira PS",10,0,671.06,"21-04-2025 16:21"
19617131,"BUKATIRA PS_159",,099008159,"Semuto , Nakaseke","Bukatira PS",15,41.34,296.33,"21-04-2025 16:21"
19617131,"BUKATIRA PS_159",,099008159,"Semuto , Nakaseke","Bukatira PS",14,0,337.66,"21-04-2025 16:17"
14111623,"BUKATIRA PS_037",,099008037,"Semuto , Nakaseke","Bukatira PS",16,42.37,753.04,"21-04-2025 16:17"
14111623,"BUKATIRA PS_037",,099008037,"Semuto , Nakaseke","Bukatira PS",15,0,795.41,"21-04-2025 16:13"
15725223,"BUKATIRA PS_006",,099008006,"Semuto , Nakaseke","Bukatira PS",79,0,400,"21-04-2025 16:13"
15725223,"BUKATIRA PS_006",,099008006,"Semuto , Nakaseke","Bukatira PS",79,0,0,"21-04-2025 16:12"
15725223,"BUKATIRA PS_006",,099008006,"Semuto , Nakaseke","Bukatira PS",79,0,0,"21-04-2025 16:12"
14116622,"BUKATIRA PS_018",,099008018,"Semuto , Nakaseke","Bukatira PS",150,0.27,400,"21-04-2025 16:12"
19617131,"BUKATIRA PS_159",,099008159,"Semuto , Nakaseke","Bukatira PS",14,35.72,337.66,"21-04-2025 16:12"
19617131,"BUKATIRA PS_159",,099008159,"Semuto , Nakaseke","Bukatira PS",13,11.59,373.39,"21-04-2025 16:06"
19617131,"BUKATIRA PS_159",,099008159,"Semuto , Nakaseke","Bukatira PS",12,0,384.98,"21-04-2025 16:05"
14116622,"BUKATIRA PS_018",,099008018,"Semuto , Nakaseke","Bukatira PS",150,0,0,"21-04-2025 16:05"
14116622,"BUKATIRA PS_018",,099008018,"Semuto , Nakaseke","Bukatira PS",150,0,0,"21-04-2025 16:05"
19617131,"BUKATIRA PS_159",,099008159,"Semuto , Nakaseke","Bukatira PS",12,26.91,384.98,"21-04-2025 16:05"
19617131,"BUKATIRA PS_159",,099008159,"Semuto , Nakaseke","Bukatira PS",11,0,411.89,"21-04-2025 16:01"
14114519,"BUKATIRA PS_015",,099008015,"Semuto , Nakaseke","Bukatira PS",66,22.41,1261.13,"21-04-2025 16:01"
14114519,"BUKATIRA PS_015",,099008015,"Semuto , Nakaseke","Bukatira PS",65,0,1283.54,"21-04-2025 15:59"
19617131,"BUKATIRA PS_159",,099008159,"Semuto , Nakaseke","Bukatira PS",11,37.83,411.89,"21-04-2025 15:59"
19617131,"BUKATIRA PS_159",,099008159,"Semuto , Nakaseke","Bukatira PS",10,4.32,449.72,"21-04-2025 15:56"
19617131,"BUKATIRA PS_159",,099008159,"Semuto , Nakaseke","Bukatira PS",9,0,454.04,"21-04-2025 15:55"
14114519,"BUKATIRA PS_015",,099008015,"Semuto , Nakaseke","Bukatira PS",65,39.51,1283.54,"21-04-2025 15:55"
14114519,"BUKATIRA PS_015",,099008015,"Semuto , Nakaseke","Bukatira PS",64,0,1323.04,"21-04-2025 15:53"
13217212,"BUKATIRA PS_195",,099008195,"Semuto , Nakaseke","Bukatira PS",44,4.22,411.59,"21-04-2025 15:53"
13217212,"BUKATIRA PS_195",,099008195,"Semuto , Nakaseke","Bukatira PS",43,14.6,415.81,"21-04-2025 15:52"
13217212,"BUKATIRA PS_195",,099008195,"Semuto , Nakaseke","Bukatira PS",42,0,430.42,"21-04-2025 15:50"
13217212,"BUKATIRA PS_195",,099008195,"Semuto , Nakaseke","Bukatira PS",42,14.04,430.42,"21-04-2025 15:50"
13217212,"BUKATIRA PS_195",,099008195,"Semuto , Nakaseke","Bukatira PS",41,5.54,444.46,"21-04-2025 15:49"
13217212,"BUKATIRA PS_195",,099008195,"Semuto , Nakaseke","Bukatira PS",40,0,450,"21-04-2025 15:48"
15714111,"BUKATIRA PS_001",,099008001,"Semuto , Nakaseke","Bukatira PS",143,0,0,"21-04-2025 15:48"
14120410,"BUKATIRA PS_072",,099008072,"Semuto , Nakaseke","Bukatira PS",25,0,0,"21-04-2025 15:48"
14123722,"BUKATIRA PS_008",,099008008,"Semuto , Nakaseke","Bukatira PS",49,12.58,209.63,"21-04-2025 15:48"
14123722,"BUKATIRA PS_008",,099008008,"Semuto , Nakaseke","Bukatira PS",48,0,222.21,"21-04-2025 15:47"
14123722,"BUKATIRA PS_008",,099008008,"Semuto , Nakaseke","Bukatira PS",48,23.84,222.21,"21-04-2025 15:46"
14123722,"BUKATIRA PS_008",,099008008,"Semuto , Nakaseke","Bukatira PS",47,148.18,246.05,"21-04-2025 15:44"
13217212,"BUKATIRA PS_195",,099008195,"Semuto , Nakaseke","Bukatira PS",40,0,450,"21-04-2025 15:32"
14123722,"BUKATIRA PS_008",,099008008,"Semuto , Nakaseke","Bukatira PS",45,0,396.38,"21-04-2025 15:31"
20132131,"BUKATIRA PS_200",,099008200,"Semuto , Nakaseke","Bukatira PS",13,38.44,471.04,"21-04-2025 15:31"
20132131,"BUKATIRA PS_200",,099008200,"Semuto , Nakaseke","Bukatira PS",12,0,509.48,"21-04-2025 15:28"
14123722,"BUKATIRA PS_008",,099008008,"Semuto , Nakaseke","Bukatira PS",45,56.33,396.38,"21-04-2025 15:28"
14120410,"BUKATIRA PS_072",,099008072,"Semuto , Nakaseke","Bukatira PS",25,0,0,"21-04-2025 15:21"
10021412,"BUKATIRA PS_194",,099008194,"Semuto , Nakaseke","Bukatira PS",11,51.46,676.26,"21-04-2025 15:21"
10021412,"BUKATIRA PS_194",,099008194,"Semuto , Nakaseke","Bukatira PS",10,0,727.72,"21-04-2025 15:13"
13217212,"BUKATIRA PS_195",,099008195,"Semuto , Nakaseke","Bukatira PS",40,0,450,"21-04-2025 15:07"
13217212,"BUKATIRA PS_195",,099008195,"Semuto , Nakaseke","Bukatira PS",40,0,450,"21-04-2025 15:07"
13217212,"BUKATIRA PS_195",,099008195,"Semuto , Nakaseke","Bukatira PS",40,0,0,"21-04-2025 15:07"
84221162,"BUKATIRA PS_151",,099008151,"Semuto , Nakaseke","Bukatira PS",158,36.69,3226.77,"21-04-2025 15:06"
84221162,"BUKATIRA PS_151",,099008151,"Semuto , Nakaseke","Bukatira PS",157,0,3263.47,"21-04-2025 15:03"
10010012,"BUKATIRA PS_198",,099008198,"Semuto , Nakaseke","Bukatira PS",127,141.58,708.81,"21-04-2025 14:59"
10010012,"BUKATIRA PS_198",,099008198,"Semuto , Nakaseke","Bukatira PS",126,0,850.39,"21-04-2025 14:45"
14819411,"BUKATIRA PS_155",,099008155,"Semuto , Nakaseke","Bukatira PS",35,22.18,236.56,"21-04-2025 14:43"
14819411,"BUKATIRA PS_155",,099008155,"Semuto , Nakaseke","Bukatira PS",34,38.84,258.73,"21-04-2025 14:41"
14815613,"BUKATIRA PS_182",,099008182,"Semuto , Nakaseke","Bukatira PS",7,34.45,839.34,"21-04-2025 14:36"
14815613,"BUKATIRA PS_182",,099008182,"Semuto , Nakaseke","Bukatira PS",6,0,873.79,"21-04-2025 14:33"
14819411,"BUKATIRA PS_155",,099008155,"Semuto , Nakaseke","Bukatira PS",33,39.25,297.57,"21-04-2025 14:33"
14819411,"BUKATIRA PS_155",,099008155,"Semuto , Nakaseke","Bukatira PS",32,0,336.82,"21-04-2025 14:30"
14123722,"BUKATIRA PS_008",,099008008,"Semuto , Nakaseke","Bukatira PS",44,80.9,452.71,"21-04-2025 14:30"
14123722,"BUKATIRA PS_008",,099008008,"Semuto , Nakaseke","Bukatira PS",43,0,533.62,"21-04-2025 14:23"
14120410,"BUKATIRA PS_072",,099008072,"Semuto , Nakaseke","Bukatira PS",25,0,0,"21-04-2025 14:23"
14120410,"BUKATIRA PS_072",,099008072,"Semuto , Nakaseke","Bukatira PS",25,0,0,"21-04-2025 14:23"
14123722,"BUKATIRA PS_008",,099008008,"Semuto , Nakaseke","Bukatira PS",43,0.57,533.62,"21-04-2025 14:23"
14123722,"BUKATIRA PS_008",,099008008,"Semuto , Nakaseke","Bukatira PS",42,0,534.19,"21-04-2025 14:22"
11617612,"BUKATIRA PS_172",,099008172,"Semuto , Nakaseke","Bukatira PS",69,0,132.36,"21-04-2025 14:21"
11617612,"BUKATIRA PS_172",,099008172,"Semuto , Nakaseke","Bukatira PS",69,30.55,132.36,"21-04-2025 14:21"
11617612,"BUKATIRA PS_172",,099008172,"Semuto , Nakaseke","Bukatira PS",68,0,162.92,"21-04-2025 14:18"
84221162,"BUKATIRA PS_151",,099008151,"Semuto , Nakaseke","Bukatira PS",157,4.8,3263.47,"21-04-2025 14:09"
84221162,"BUKATIRA PS_151",,099008151,"Semuto , Nakaseke","Bukatira PS",156,6.82,3268.27,"21-04-2025 14:08"
84221162,"BUKATIRA PS_151",,099008151,"Semuto , Nakaseke","Bukatira PS",155,8.72,3275.09,"21-04-2025 14:07"
84221162,"BUKATIRA PS_151",,099008151,"Semuto , Nakaseke","Bukatira PS",154,2.23,3283.81,"21-04-2025 14:06"
84221162,"BUKATIRA PS_151",,099008151,"Semuto , Nakaseke","Bukatira PS",153,0.05,3286.03,"21-04-2025 14:06"
84221162,"BUKATIRA PS_151",,099008151,"Semuto , Nakaseke","Bukatira PS",153,0.07,3286.03,"21-04-2025 14:05"
84221162,"BUKATIRA PS_151",,099008151,"Semuto , Nakaseke","Bukatira PS",153,0,3286.03,"21-04-2025 14:05"
84221162,"BUKATIRA PS_151",,099008151,"Semuto , Nakaseke","Bukatira PS",153,0.8,3286.03,"21-04-2025 14:05"
84221162,"BUKATIRA PS_151",,099008151,"Semuto , Nakaseke","Bukatira PS",152,9.37,3286.83,"21-04-2025 14:04"
84221162,"BUKATIRA PS_151",,099008151,"Semuto , Nakaseke","Bukatira PS",151,10.53,3296.2,"21-04-2025 14:03"
84221162,"BUKATIRA PS_151",,099008151,"Semuto , Nakaseke","Bukatira PS",150,9.78,3306.73,"21-04-2025 14:02"
84221162,"BUKATIRA PS_151",,099008151,"Semuto , Nakaseke","Bukatira PS",149,1.21,3316.51,"21-04-2025 14:01"
84221162,"BUKATIRA PS_151",,099008151,"Semuto , Nakaseke","Bukatira PS",148,10.85,3317.73,"21-04-2025 14:01"
84221162,"BUKATIRA PS_151",,099008151,"Semuto , Nakaseke","Bukatira PS",147,0,3328.58,"21-04-2025 14:00"
84221162,"BUKATIRA PS_151",,099008151,"Semuto , Nakaseke","Bukatira PS",147,3.06,3328.58,"21-04-2025 14:00"
84221162,"BUKATIRA PS_151",,099008151,"Semuto , Nakaseke","Bukatira PS",146,6.25,3331.64,"21-04-2025 14:00"
84221162,"BUKATIRA PS_151",,099008151,"Semuto , Nakaseke","Bukatira PS",145,10.43,3337.89,"21-04-2025 13:59"
84221162,"BUKATIRA PS_151",,099008151,"Semuto , Nakaseke","Bukatira PS",144,3.07,3348.31,"21-04-2025 13:58"
84221162,"BUKATIRA PS_151",,099008151,"Semuto , Nakaseke","Bukatira PS",143,0,3351.38,"21-04-2025 13:58"
84221162,"BUKATIRA PS_151",,099008151,"Semuto , Nakaseke","Bukatira PS",143,0,3351.38,"21-04-2025 13:57"
84221162,"BUKATIRA PS_151",,099008151,"Semuto , Nakaseke","Bukatira PS",143,0,3351.38,"21-04-2025 13:57"
84221162,"BUKATIRA PS_151",,099008151,"Semuto , Nakaseke","Bukatira PS",143,0,3351.38,"21-04-2025 13:57"
84221162,"BUKATIRA PS_151",,099008151,"Semuto , Nakaseke","Bukatira PS",143,0,3351.38,"21-04-2025 13:56"
10913620,"BUKATIRA PS_080",,099008080,"Semuto , Nakaseke","Bukatira PS",21,0.07,584.66,"21-04-2025 13:37"
10913620,"BUKATIRA PS_080",,099008080,"Semuto , Nakaseke","Bukatira PS",21,26.99,584.66,"21-04-2025 13:36"
10913620,"BUKATIRA PS_080",,099008080,"Semuto , Nakaseke","Bukatira PS",20,0,611.66,"21-04-2025 13:34"
10913620,"BUKATIRA PS_080",,099008080,"Semuto , Nakaseke","Bukatira PS",20,33.64,611.66,"21-04-2025 13:32"
10913620,"BUKATIRA PS_080",,099008080,"Semuto , Nakaseke","Bukatira PS",19,1.49,645.3,"21-04-2025 13:30"
10913620,"BUKATIRA PS_080",,099008080,"Semuto , Nakaseke","Bukatira PS",18,33.78,646.79,"21-04-2025 13:29"
68351162,"BUKATIRA PS_161",,099008161,"Semuto , Nakaseke","Bukatira PS",49,34.36,826.19,"21-04-2025 13:26"
68351162,"BUKATIRA PS_161",,099008161,"Semuto , Nakaseke","Bukatira PS",48,0,860.54,"21-04-2025 13:23"
68351162,"BUKATIRA PS_161",,099008161,"Semuto , Nakaseke","Bukatira PS",47,0,863.12,"21-04-2025 13:22"
68351162,"BUKATIRA PS_161",,099008161,"Semuto , Nakaseke","Bukatira PS",46,30.81,863.93,"21-04-2025 13:22"
68351162,"BUKATIRA PS_161",,099008161,"Semuto , Nakaseke","Bukatira PS",45,34.07,894.74,"21-04-2025 13:19"
68351162,"BUKATIRA PS_161",,099008161,"Semuto , Nakaseke","Bukatira PS",44,71.19,928.81,"21-04-2025 13:17"
68351162,"BUKATIRA PS_161",,099008161,"Semuto , Nakaseke","Bukatira PS",43,0,1000,"21-04-2025 13:11"
68351162,"BUKATIRA PS_161",,099008161,"Semuto , Nakaseke","Bukatira PS",43,0,0,"21-04-2025 13:10"
36149122,"BUKATIRA PS_166",,099008166,"Semuto , Nakaseke","Bukatira PS",50,6.52,56.22,"21-04-2025 13:10"
36149122,"BUKATIRA PS_166",,099008166,"Semuto , Nakaseke","Bukatira PS",49,21.02,62.75,"21-04-2025 13:10"
36149122,"BUKATIRA PS_166",,099008166,"Semuto , Nakaseke","Bukatira PS",48,10.42,83.76,"21-04-2025 13:07"
36149122,"BUKATIRA PS_166",,099008166,"Semuto , Nakaseke","Bukatira PS",47,0,94.18,"21-04-2025 13:06"
36149122,"BUKATIRA PS_166",,099008166,"Semuto , Nakaseke","Bukatira PS",47,22.22,94.18,"21-04-2025 13:06"
36149122,"BUKATIRA PS_166",,099008166,"Semuto , Nakaseke","Bukatira PS",46,0,116.41,"21-04-2025 13:03"
16421812,"BUKATIRA PS_197",,099008197,"Semuto , Nakaseke","Bukatira PS",55,8.83,302.49,"21-04-2025 13:03"
16421812,"BUKATIRA PS_197",,099008197,"Semuto , Nakaseke","Bukatira PS",54,0,311.32,"21-04-2025 13:02"
16421812,"BUKATIRA PS_197",,099008197,"Semuto , Nakaseke","Bukatira PS",54,8.42,311.32,"21-04-2025 13:01"
16421812,"BUKATIRA PS_197",,099008197,"Semuto , Nakaseke","Bukatira PS",53,0,319.74,"21-04-2025 13:01"
16421812,"BUKATIRA PS_197",,099008197,"Semuto , Nakaseke","Bukatira PS",53,17.03,319.74,"21-04-2025 13:00"
16421812,"BUKATIRA PS_197",,099008197,"Semuto , Nakaseke","Bukatira PS",52,0,336.77,"21-04-2025 12:59"
16421812,"BUKATIRA PS_197",,099008197,"Semuto , Nakaseke","Bukatira PS",52,20.04,336.77,"21-04-2025 12:58"
16421812,"BUKATIRA PS_197",,099008197,"Semuto , Nakaseke","Bukatira PS",51,5.27,356.81,"21-04-2025 12:56"
16421812,"BUKATIRA PS_197",,099008197,"Semuto , Nakaseke","Bukatira PS",50,0,362.08,"21-04-2025 12:55"
14114519,"BUKATIRA PS_015",,099008015,"Semuto , Nakaseke","Bukatira PS",64,37.56,1323.04,"21-04-2025 12:54"
14114519,"BUKATIRA PS_015",,099008015,"Semuto , Nakaseke","Bukatira PS",63,3.37,1360.61,"21-04-2025 12:51"
14114519,"BUKATIRA PS_015",,099008015,"Semuto , Nakaseke","Bukatira PS",62,0,1363.98,"21-04-2025 12:51"
14114519,"BUKATIRA PS_015",,099008015,"Semuto , Nakaseke","Bukatira PS",62,38.47,1363.98,"21-04-2025 12:50"
10913620,"BUKATIRA PS_080",,099008080,"Semuto , Nakaseke","Bukatira PS",17,31.22,680.57,"21-04-2025 12:47"
10913620,"BUKATIRA PS_080",,099008080,"Semuto , Nakaseke","Bukatira PS",16,0,711.79,"21-04-2025 12:43"
10913620,"BUKATIRA PS_080",,099008080,"Semuto , Nakaseke","Bukatira PS",16,35.4,711.79,"21-04-2025 12:43"
10913620,"BUKATIRA PS_080",,099008080,"Semuto , Nakaseke","Bukatira PS",15,0,747.19,"21-04-2025 12:41"
10913620,"BUKATIRA PS_080",,099008080,"Semuto , Nakaseke","Bukatira PS",15,38.34,747.19,"21-04-2025 12:40"
10913620,"BUKATIRA PS_080",,099008080,"Semuto , Nakaseke","Bukatira PS",14,0,785.53,"21-04-2025 12:37"
14114519,"BUKATIRA PS_015",,099008015,"Semuto , Nakaseke","Bukatira PS",61,39.68,1402.45,"21-04-2025 12:37"
14114519,"BUKATIRA PS_015",,099008015,"Semuto , Nakaseke","Bukatira PS",60,0,1442.13,"21-04-2025 12:33"
14114519,"BUKATIRA PS_015",,099008015,"Semuto , Nakaseke","Bukatira PS",60,16.21,1442.13,"21-04-2025 12:32"
14114519,"BUKATIRA PS_015",,099008015,"Semuto , Nakaseke","Bukatira PS",59,26.23,1458.34,"21-04-2025 12:31"
16411412,"BUKATIRA PS_180",,099008180,"Semuto , Nakaseke","Bukatira PS",46,36.67,10.23,"21-04-2025 12:31"
16411412,"BUKATIRA PS_180",,099008180,"Semuto , Nakaseke","Bukatira PS",45,0,46.9,"21-04-2025 12:26"
16411412,"BUKATIRA PS_180",,099008180,"Semuto , Nakaseke","Bukatira PS",45,0.7,46.9,"21-04-2025 12:26"
16411412,"BUKATIRA PS_180",,099008180,"Semuto , Nakaseke","Bukatira PS",44,0,47.6,"21-04-2025 12:26"
16411412,"BUKATIRA PS_180",,099008180,"Semuto , Nakaseke","Bukatira PS",44,0,47.6,"21-04-2025 12:26"
16411412,"BUKATIRA PS_180",,099008180,"Semuto , Nakaseke","Bukatira PS",44,0,47.6,"21-04-2025 12:25"
16411412,"BUKATIRA PS_180",,099008180,"Semuto , Nakaseke","Bukatira PS",44,0,47.6,"21-04-2025 12:25"
10913620,"BUKATIRA PS_080",,099008080,"Semuto , Nakaseke","Bukatira PS",14,39.36,785.53,"21-04-2025 12:11"
10913620,"BUKATIRA PS_080",,099008080,"Semuto , Nakaseke","Bukatira PS",13,0,824.89,"21-04-2025 12:10"
10913620,"BUKATIRA PS_080",,099008080,"Semuto , Nakaseke","Bukatira PS",13,55.37,824.89,"21-04-2025 12:09"
10913620,"BUKATIRA PS_080",,099008080,"Semuto , Nakaseke","Bukatira PS",12,0,880.27,"21-04-2025 12:03"
16475126,"BUKATIRA PS_178",,099008178,"Semuto , Nakaseke","Bukatira PS",85,19.71,27.79,"21-04-2025 11:15"
16475126,"BUKATIRA PS_178",,099008178,"Semuto , Nakaseke","Bukatira PS",84,0,47.5,"21-04-2025 11:13"
16475126,"BUKATIRA PS_178",,099008178,"Semuto , Nakaseke","Bukatira PS",84,26.69,47.5,"21-04-2025 11:13"
16475126,"BUKATIRA PS_178",,099008178,"Semuto , Nakaseke","Bukatira PS",83,12.43,74.19,"21-04-2025 11:10"
16475126,"BUKATIRA PS_178",,099008178,"Semuto , Nakaseke","Bukatira PS",82,0,86.62,"21-04-2025 11:08"
16475126,"BUKATIRA PS_178",,099008178,"Semuto , Nakaseke","Bukatira PS",82,18.39,86.62,"21-04-2025 11:07"
16475126,"BUKATIRA PS_178",,099008178,"Semuto , Nakaseke","Bukatira PS",81,2.89,105.01,"21-04-2025 11:02"
10913620,"BUKATIRA PS_080",,099008080,"Semuto , Nakaseke","Bukatira PS",12,19.49,880.27,"21-04-2025 11:01"
10913620,"BUKATIRA PS_080",,099008080,"Semuto , Nakaseke","Bukatira PS",11,0,899.76,"21-04-2025 10:54"
10913620,"BUKATIRA PS_080",,099008080,"Semuto , Nakaseke","Bukatira PS",11,3.56,899.76,"21-04-2025 10:54"
10913620,"BUKATIRA PS_080",,099008080,"Semuto , Nakaseke","Bukatira PS",10,0,903.31,"21-04-2025 10:54"
10913620,"BUKATIRA PS_080",,099008080,"Semuto , Nakaseke","Bukatira PS",10,0,903.31,"21-04-2025 10:53"
10913620,"BUKATIRA PS_080",,099008080,"Semuto , Nakaseke","Bukatira PS",10,0,903.31,"21-04-2025 10:53"
10913620,"BUKATIRA PS_080",,099008080,"Semuto , Nakaseke","Bukatira PS",10,0.61,903.31,"21-04-2025 10:53"
10913620,"BUKATIRA PS_080",,099008080,"Semuto , Nakaseke","Bukatira PS",9,0.47,903.92,"21-04-2025 10:52"
10913620,"BUKATIRA PS_080",,099008080,"Semuto , Nakaseke","Bukatira PS",9,8.53,903.92,"21-04-2025 10:52"
10913620,"BUKATIRA PS_080",,099008080,"Semuto , Nakaseke","Bukatira PS",8,0,912.45,"21-04-2025 10:50"
11617612,"BUKATIRA PS_172",,099008172,"Semuto , Nakaseke","Bukatira PS",68,24.25,162.92,"21-04-2025 10:50"
11617612,"BUKATIRA PS_172",,099008172,"Semuto , Nakaseke","Bukatira PS",67,1.99,187.17,"21-04-2025 10:46"
11617612,"BUKATIRA PS_172",,099008172,"Semuto , Nakaseke","Bukatira PS",66,0.47,189.16,"21-04-2025 10:46"
11617612,"BUKATIRA PS_172",,099008172,"Semuto , Nakaseke","Bukatira PS",65,4.87,190.14,"21-04-2025 10:46"
36613122,"BUKATIRA PS_183",,099008183,"Semuto , Nakaseke","Bukatira PS",2,45.53,947.83,"21-04-2025 10:44"
10913620,"BUKATIRA PS_080",,099008080,"Semuto , Nakaseke","Bukatira PS",8,17.26,912.45,"21-04-2025 10:41"
10913620,"BUKATIRA PS_080",,099008080,"Semuto , Nakaseke","Bukatira PS",7,11.5,929.71,"21-04-2025 10:36"
10913620,"BUKATIRA PS_080",,099008080,"Semuto , Nakaseke","Bukatira PS",6,0,941.21,"21-04-2025 10:31"
15725366,"BUKATIRA PS_021",,099008021,"Semuto , Nakaseke","Bukatira PS",23,45.72,433.28,"21-04-2025 10:30"
15725366,"BUKATIRA PS_021",,099008021,"Semuto , Nakaseke","Bukatira PS",22,0,479,"21-04-2025 10:25"
15725366,"BUKATIRA PS_021",,099008021,"Semuto , Nakaseke","Bukatira PS",22,22.16,479,"21-04-2025 10:24"
15725366,"BUKATIRA PS_021",,099008021,"Semuto , Nakaseke","Bukatira PS",21,21.38,501.16,"21-04-2025 10:22"
15725366,"BUKATIRA PS_021",,099008021,"Semuto , Nakaseke","Bukatira PS",20,0,522.53,"21-04-2025 10:21"
15725366,"BUKATIRA PS_021",,099008021,"Semuto , Nakaseke","Bukatira PS",20,41.05,522.53,"21-04-2025 10:19"
16475126,"BUKATIRA PS_178",,099008178,"Semuto , Nakaseke","Bukatira PS",80,0,107.91,"21-04-2025 10:16"
16475126,"BUKATIRA PS_178",,099008178,"Semuto , Nakaseke","Bukatira PS",80,0.07,107.91,"21-04-2025 10:15"
16475126,"BUKATIRA PS_178",,099008178,"Semuto , Nakaseke","Bukatira PS",80,0,107.91,"21-04-2025 10:15"
15725366,"BUKATIRA PS_021",,099008021,"Semuto , Nakaseke","Bukatira PS",19,2.14,563.58,"21-04-2025 10:15"
15725366,"BUKATIRA PS_021",,099008021,"Semuto , Nakaseke","Bukatira PS",18,0,565.72,"21-04-2025 10:14"
13216411,"BUKATIRA PS_185",,099008185,"Semuto , Nakaseke","Bukatira PS",30,12.11,597.37,"21-04-2025 10:13"
13216411,"BUKATIRA PS_185",,099008185,"Semuto , Nakaseke","Bukatira PS",29,8.49,609.49,"21-04-2025 10:12"
13216411,"BUKATIRA PS_185",,099008185,"Semuto , Nakaseke","Bukatira PS",28,51.79,617.98,"21-04-2025 10:11"
13216411,"BUKATIRA PS_185",,099008185,"Semuto , Nakaseke","Bukatira PS",27,0,669.77,"21-04-2025 10:05"
16475126,"BUKATIRA PS_178",,099008178,"Semuto , Nakaseke","Bukatira PS",80,0,107.91,"21-04-2025 10:03"
16475126,"BUKATIRA PS_178",,099008178,"Semuto , Nakaseke","Bukatira PS",80,1.83,107.91,"21-04-2025 10:03"
16475126,"BUKATIRA PS_178",,099008178,"Semuto , Nakaseke","Bukatira PS",79,0,109.74,"21-04-2025 10:03"
16475126,"BUKATIRA PS_178",,099008178,"Semuto , Nakaseke","Bukatira PS",79,0,109.74,"21-04-2025 10:02"
16475126,"BUKATIRA PS_178",,099008178,"Semuto , Nakaseke","Bukatira PS",79,0,109.74,"21-04-2025 10:02"
16475126,"BUKATIRA PS_178",,099008178,"Semuto , Nakaseke","Bukatira PS",79,0.01,109.74,"21-04-2025 10:02"
16475126,"BUKATIRA PS_178",,099008178,"Semuto , Nakaseke","Bukatira PS",79,1.6,109.74,"21-04-2025 10:01"
16475126,"BUKATIRA PS_178",,099008178,"Semuto , Nakaseke","Bukatira PS",78,11.97,111.34,"21-04-2025 10:00"
16475126,"BUKATIRA PS_178",,099008178,"Semuto , Nakaseke","Bukatira PS",77,2.74,123.31,"21-04-2025 09:54"
16475126,"BUKATIRA PS_178",,099008178,"Semuto , Nakaseke","Bukatira PS",76,0,126.05,"21-04-2025 09:53"
10010012,"BUKATIRA PS_198",,099008198,"Semuto , Nakaseke","Bukatira PS",126,8.33,850.39,"21-04-2025 09:48"
10010012,"BUKATIRA PS_198",,099008198,"Semuto , Nakaseke","Bukatira PS",125,29.4,858.72,"21-04-2025 09:47"
10913620,"BUKATIRA PS_080",,099008080,"Semuto , Nakaseke","Bukatira PS",6,34.7,941.21,"21-04-2025 09:44"
10913620,"BUKATIRA PS_080",,099008080,"Semuto , Nakaseke","Bukatira PS",5,2.43,975.91,"21-04-2025 09:41"
10913620,"BUKATIRA PS_080",,099008080,"Semuto , Nakaseke","Bukatira PS",4,0,978.34,"21-04-2025 09:37"
16420512,"BUKATIRA PS_188",,099008188,"Semuto , Nakaseke","Bukatira PS",61,0,0,"21-04-2025 09:00"
16420512,"BUKATIRA PS_188",,099008188,"Semuto , Nakaseke","Bukatira PS",61,0,0,"21-04-2025 09:00"
16420512,"BUKATIRA PS_188",,099008188,"Semuto , Nakaseke","Bukatira PS",61,0,0,"21-04-2025 09:00"
16420512,"BUKATIRA PS_188",,099008188,"Semuto , Nakaseke","Bukatira PS",61,0,0,"21-04-2025 08:59"
16420512,"BUKATIRA PS_188",,099008188,"Semuto , Nakaseke","Bukatira PS",61,23.16,0.21,"21-04-2025 08:59"
16420512,"BUKATIRA PS_188",,099008188,"Semuto , Nakaseke","Bukatira PS",60,0,23.37,"21-04-2025 08:55"
15766162,"BUKATIRA PS_049",,099008049,"Semuto , Nakaseke","Bukatira PS",38,0,455.33,"21-04-2025 08:48"
15766162,"BUKATIRA PS_049",,099008049,"Semuto , Nakaseke","Bukatira PS",38,0.65,455.33,"21-04-2025 08:48"
15766162,"BUKATIRA PS_049",,099008049,"Semuto , Nakaseke","Bukatira PS",37,0.04,455.98,"21-04-2025 08:47"
15766162,"BUKATIRA PS_049",,099008049,"Semuto , Nakaseke","Bukatira PS",37,0.11,455.98,"21-04-2025 08:47"
15766162,"BUKATIRA PS_049",,099008049,"Semuto , Nakaseke","Bukatira PS",37,0,455.98,"21-04-2025 08:47"
67236128,"BUKATIRA PS_084",,099008084,"Semuto , Nakaseke","Bukatira PS",16,0.64,647.55,"21-04-2025 08:32"
67236128,"BUKATIRA PS_084",,099008084,"Semuto , Nakaseke","Bukatira PS",15,40.51,648.19,"21-04-2025 08:32"
67236128,"BUKATIRA PS_084",,099008084,"Semuto , Nakaseke","Bukatira PS",14,0,688.7,"21-04-2025 08:28"
15766162,"BUKATIRA PS_049",,099008049,"Semuto , Nakaseke","Bukatira PS",37,15.51,455.98,"21-04-2025 08:27"
15766162,"BUKATIRA PS_049",,099008049,"Semuto , Nakaseke","Bukatira PS",36,0,471.49,"21-04-2025 08:26"
15766162,"BUKATIRA PS_049",,099008049,"Semuto , Nakaseke","Bukatira PS",35,0,472.6,"21-04-2025 08:25"
15766162,"BUKATIRA PS_049",,099008049,"Semuto , Nakaseke","Bukatira PS",35,17.41,472.6,"21-04-2025 08:25"
15766162,"BUKATIRA PS_049",,099008049,"Semuto , Nakaseke","Bukatira PS",34,0,490.01,"21-04-2025 08:22"
15766162,"BUKATIRA PS_049",,099008049,"Semuto , Nakaseke","Bukatira PS",34,20.5,490.01,"21-04-2025 08:21"
15766162,"BUKATIRA PS_049",,099008049,"Semuto , Nakaseke","Bukatira PS",33,0,510.51,"21-04-2025 08:19"
16420512,"BUKATIRA PS_188",,099008188,"Semuto , Nakaseke","Bukatira PS",60,8.23,23.37,"21-04-2025 07:57"
16420512,"BUKATIRA PS_188",,099008188,"Semuto , Nakaseke","Bukatira PS",59,0,31.6,"21-04-2025 07:56"
16420512,"BUKATIRA PS_188",,099008188,"Semuto , Nakaseke","Bukatira PS",59,0,31.6,"21-04-2025 07:55"
16420512,"BUKATIRA PS_188",,099008188,"Semuto , Nakaseke","Bukatira PS",59,0,31.6,"21-04-2025 07:55"
16420512,"BUKATIRA PS_188",,099008188,"Semuto , Nakaseke","Bukatira PS",59,28.67,31.6,"21-04-2025 07:54"
16420512,"BUKATIRA PS_188",,099008188,"Semuto , Nakaseke","Bukatira PS",58,0,60.26,"21-04-2025 07:48"
16420512,"BUKATIRA PS_188",,099008188,"Semuto , Nakaseke","Bukatira PS",58,37.03,60.26,"21-04-2025 07:48"
16420512,"BUKATIRA PS_188",,099008188,"Semuto , Nakaseke","Bukatira PS",57,0,97.29,"21-04-2025 07:43"
16420512,"BUKATIRA PS_188",,099008188,"Semuto , Nakaseke","Bukatira PS",57,0,97.29,"21-04-2025 07:43"
84216121,"BUKATIRA PS_158",,099008158,"Semuto , Nakaseke","Bukatira PS",31,5.05,0.48,"21-04-2025 07:08"
84216121,"BUKATIRA PS_158",,099008158,"Semuto , Nakaseke","Bukatira PS",30,0,5.53,"21-04-2025 07:08"
14116622,"BUKATIRA PS_018",,099008018,"Semuto , Nakaseke","Bukatira PS",150,0,0,"21-04-2025 07:08"
84216121,"BUKATIRA PS_158",,099008158,"Semuto , Nakaseke","Bukatira PS",30,0,5.53,"21-04-2025 07:07"
10010012,"BUKATIRA PS_198",,099008198,"Semuto , Nakaseke","Bukatira PS",124,0,888.12,"21-04-2025 07:06"
10010012,"BUKATIRA PS_198",,099008198,"Semuto , Nakaseke","Bukatira PS",124,0,888.12,"21-04-2025 07:05"
14116622,"BUKATIRA PS_018",,099008018,"Semuto , Nakaseke","Bukatira PS",150,12.35,0.45,"21-04-2025 07:03"
14116622,"BUKATIRA PS_018",,099008018,"Semuto , Nakaseke","Bukatira PS",149,0,12.79,"21-04-2025 07:02"
14116622,"BUKATIRA PS_018",,099008018,"Semuto , Nakaseke","Bukatira PS",149,0,12.79,"21-04-2025 07:01"
14116622,"BUKATIRA PS_018",,099008018,"Semuto , Nakaseke","Bukatira PS",149,15.84,12.79,"21-04-2025 07:01"
14116622,"BUKATIRA PS_018",,099008018,"Semuto , Nakaseke","Bukatira PS",148,0,28.63,"21-04-2025 06:57"
15710323,"BUKATIRA PS_011",,099008011,"Semuto , Nakaseke","Bukatira PS",12,0,679,"21-04-2025 06:56"
13217212,"BUKATIRA PS_195",,099008195,"Semuto , Nakaseke","Bukatira PS",40,7.24,0.37,"21-04-2025 06:56"
13217212,"BUKATIRA PS_195",,099008195,"Semuto , Nakaseke","Bukatira PS",39,0,7.61,"21-04-2025 06:56"
15710323,"BUKATIRA PS_011",,099008011,"Semuto , Nakaseke","Bukatira PS",12,3.94,679,"21-04-2025 06:55"
15710323,"BUKATIRA PS_011",,099008011,"Semuto , Nakaseke","Bukatira PS",11,0,682.94,"21-04-2025 06:55"
15710323,"BUKATIRA PS_011",,099008011,"Semuto , Nakaseke","Bukatira PS",11,20.98,682.94,"21-04-2025 06:54"
15710323,"BUKATIRA PS_011",,099008011,"Semuto , Nakaseke","Bukatira PS",10,0,703.92,"21-04-2025 06:53"
10010012,"BUKATIRA PS_198",,099008198,"Semuto , Nakaseke","Bukatira PS",124,42.01,888.12,"21-04-2025 06:53"
10010012,"BUKATIRA PS_198",,099008198,"Semuto , Nakaseke","Bukatira PS",123,0.85,930.14,"21-04-2025 06:52"
10010012,"BUKATIRA PS_198",,099008198,"Semuto , Nakaseke","Bukatira PS",122,0,930.99,"21-04-2025 06:52"
10010012,"BUKATIRA PS_198",,099008198,"Semuto , Nakaseke","Bukatira PS",121,0,972.95,"21-04-2025 06:52"
10010012,"BUKATIRA PS_198",,099008198,"Semuto , Nakaseke","Bukatira PS",122,41.96,930.99,"21-04-2025 06:50"
10010012,"BUKATIRA PS_198",,099008198,"Semuto , Nakaseke","Bukatira PS",121,0,972.95,"21-04-2025 06:47"
10010012,"BUKATIRA PS_198",,099008198,"Semuto , Nakaseke","Bukatira PS",121,38.34,972.95,"21-04-2025 06:45"
10010012,"BUKATIRA PS_198",,099008198,"Semuto , Nakaseke","Bukatira PS",120,0,1011.29,"21-04-2025 06:42"
10010012,"BUKATIRA PS_198",,099008198,"Semuto , Nakaseke","Bukatira PS",120,44.04,1011.29,"21-04-2025 06:42"
10010012,"BUKATIRA PS_198",,099008198,"Semuto , Nakaseke","Bukatira PS",119,0,1055.33,"21-04-2025 06:41"
10010012,"BUKATIRA PS_198",,099008198,"Semuto , Nakaseke","Bukatira PS",119,0,1055.33,"21-04-2025 06:39"
10010012,"BUKATIRA PS_198",,099008198,"Semuto , Nakaseke","Bukatira PS",119,27.32,1055.33,"21-04-2025 06:39"
10010012,"BUKATIRA PS_198",,099008198,"Semuto , Nakaseke","Bukatira PS",118,5.32,1082.65,"21-04-2025 06:37"
13217212,"BUKATIRA PS_195",,099008195,"Semuto , Nakaseke","Bukatira PS",39,0,7.61,"21-04-2025 06:35"
10010012,"BUKATIRA PS_198",,099008198,"Semuto , Nakaseke","Bukatira PS",116,0,1089.49,"21-04-2025 06:34"
10010012,"BUKATIRA PS_198",,099008198,"Semuto , Nakaseke","Bukatira PS",116,30.97,1089.49,"21-04-2025 06:34"
19626117,"BUKATIRA PS_184",,099008184,"Semuto , Nakaseke","Bukatira PS",10,20.05,634.51,"21-04-2025 06:30"
10010012,"BUKATIRA PS_198",,099008198,"Semuto , Nakaseke","Bukatira PS",115,3.69,1120.46,"21-04-2025 06:28"
10010012,"BUKATIRA PS_198",,099008198,"Semuto , Nakaseke","Bukatira PS",114,0,1124.14,"21-04-2025 06:27"
14819411,"BUKATIRA PS_155",,099008155,"Semuto , Nakaseke","Bukatira PS",32,0,336.82,"21-04-2025 06:27"
14819411,"BUKATIRA PS_155",,099008155,"Semuto , Nakaseke","Bukatira PS",32,25.02,336.82,"21-04-2025 06:26"
10010012,"BUKATIRA PS_198",,099008198,"Semuto , Nakaseke","Bukatira PS",114,0.06,1124.14,"21-04-2025 06:26"
19626117,"BUKATIRA PS_184",,099008184,"Semuto , Nakaseke","Bukatira PS",9,44.87,654.56,"21-04-2025 06:23"
84221162,"BUKATIRA PS_151",,099008151,"Semuto , Nakaseke","Bukatira PS",143,98.01,3351.38,"21-04-2025 06:19"
49412922,"BUKATIRA PS_190",,099008190,"Semuto , Nakaseke","Bukatira PS",11,0,694.55,"21-04-2025 06:14"
10010012,"BUKATIRA PS_198",,099008198,"Semuto , Nakaseke","Bukatira PS",114,34.81,1124.14,"21-04-2025 06:13"
10010012,"BUKATIRA PS_198",,099008198,"Semuto , Nakaseke","Bukatira PS",113,0,1158.95,"21-04-2025 06:13"
10010012,"BUKATIRA PS_198",,099008198,"Semuto , Nakaseke","Bukatira PS",111,0,1241.24,"21-04-2025 06:13"
19635125,"BUKATIRA PS_165",,099008165,"Semuto , Nakaseke","Bukatira PS",40,30.42,1948.68,"21-04-2025 06:12"
10010012,"BUKATIRA PS_198",,099008198,"Semuto , Nakaseke","Bukatira PS",112,0,1203.63,"21-04-2025 06:12"
10010012,"BUKATIRA PS_198",,099008198,"Semuto , Nakaseke","Bukatira PS",113,44.68,1158.95,"21-04-2025 06:10"
10010012,"BUKATIRA PS_198",,099008198,"Semuto , Nakaseke","Bukatira PS",112,0,1203.63,"21-04-2025 05:55"
10010012,"BUKATIRA PS_198",,099008198,"Semuto , Nakaseke","Bukatira PS",112,37.6,1203.63,"21-04-2025 05:54"
10010012,"BUKATIRA PS_198",,099008198,"Semuto , Nakaseke","Bukatira PS",111,0,1241.24,"21-04-2025 05:52"
10010012,"BUKATIRA PS_198",,099008198,"Semuto , Nakaseke","Bukatira PS",111,42.17,1241.24,"21-04-2025 05:52"
10010012,"BUKATIRA PS_198",,099008198,"Semuto , Nakaseke","Bukatira PS",110,0,1283.4,"21-04-2025 05:51"
10010012,"BUKATIRA PS_198",,099008198,"Semuto , Nakaseke","Bukatira PS",110,0,1283.4,"21-04-2025 05:49"
10010012,"BUKATIRA PS_198",,099008198,"Semuto , Nakaseke","Bukatira PS",110,36.86,1283.4,"21-04-2025 05:48"
36788322,"BUKATIRA PS_169",,099008169,"Semuto , Nakaseke","Bukatira PS",15,40,933.43,"21-04-2025 05:46"
36788322,"BUKATIRA PS_169",,099008169,"Semuto , Nakaseke","Bukatira PS",14,0,973.42,"21-04-2025 05:43"
10913620,"BUKATIRA PS_080",,099008080,"Semuto , Nakaseke","Bukatira PS",4,18.54,978.34,"21-04-2025 05:43"
10010012,"BUKATIRA PS_198",,099008198,"Semuto , Nakaseke","Bukatira PS",108,6.4,1333.39,"21-04-2025 05:42"
10010012,"BUKATIRA PS_198",,099008198,"Semuto , Nakaseke","Bukatira PS",107,6.27,1339.8,"21-04-2025 05:42"
10913620,"BUKATIRA PS_080",,099008080,"Semuto , Nakaseke","Bukatira PS",2,1.37,997.8,"21-04-2025 05:41"
10010012,"BUKATIRA PS_198",,099008198,"Semuto , Nakaseke","Bukatira PS",105,20.54,1356.19,"21-04-2025 05:41"
10010012,"BUKATIRA PS_198",,099008198,"Semuto , Nakaseke","Bukatira PS",103,3.51,1388.7,"21-04-2025 05:41"
10010012,"BUKATIRA PS_198",,099008198,"Semuto , Nakaseke","Bukatira PS",109,13.13,1320.26,"21-04-2025 05:41"
10010012,"BUKATIRA PS_198",,099008198,"Semuto , Nakaseke","Bukatira PS",106,10.12,1346.07,"21-04-2025 05:37"
10010012,"BUKATIRA PS_198",,099008198,"Semuto , Nakaseke","Bukatira PS",104,11.96,1376.73,"21-04-2025 05:35"
10010012,"BUKATIRA PS_198",,099008198,"Semuto , Nakaseke","Bukatira PS",103,3.51,1388.7,"21-04-2025 05:33"
10010012,"BUKATIRA PS_198",,099008198,"Semuto , Nakaseke","Bukatira PS",102,7.8,1392.2,"21-04-2025 05:33"
10010012,"BUKATIRA PS_198",,099008198,"Semuto , Nakaseke","Bukatira PS",101,0,1400,"21-04-2025 05:32"
14819411,"BUKATIRA PS_155",,099008155,"Semuto , Nakaseke","Bukatira PS",31,19.88,361.84,"21-04-2025 05:32"
49412922,"BUKATIRA PS_190",,099008190,"Semuto , Nakaseke","Bukatira PS",11,36.64,694.55,"21-04-2025 05:30"
49412922,"BUKATIRA PS_190",,099008190,"Semuto , Nakaseke","Bukatira PS",10,0,731.19,"21-04-2025 05:26"
10010012,"BUKATIRA PS_198",,099008198,"Semuto , Nakaseke","Bukatira PS",101,0,0,"21-04-2025 05:26"
14819411,"BUKATIRA PS_155",,099008155,"Semuto , Nakaseke","Bukatira PS",30,0.03,381.72,"21-04-2025 05:26"
49412922,"BUKATIRA PS_190",,099008190,"Semuto , Nakaseke","Bukatira PS",10,19.05,731.19,"21-04-2025 05:25"
49412922,"BUKATIRA PS_190",,099008190,"Semuto , Nakaseke","Bukatira PS",9,1.37,750.24,"21-04-2025 05:23"
49412922,"BUKATIRA PS_190",,099008190,"Semuto , Nakaseke","Bukatira PS",8,6.02,751.62,"21-04-2025 05:23"
49412922,"BUKATIRA PS_190",,099008190,"Semuto , Nakaseke","Bukatira PS",7,3.35,757.64,"21-04-2025 05:22"
49412922,"BUKATIRA PS_190",,099008190,"Semuto , Nakaseke","Bukatira PS",6,5.36,760.99,"21-04-2025 05:21"
49412922,"BUKATIRA PS_190",,099008190,"Semuto , Nakaseke","Bukatira PS",5,0,766.35,"21-04-2025 05:20"
36149122,"BUKATIRA PS_166",,099008166,"Semuto , Nakaseke","Bukatira PS",46,10.5,116.41,"21-04-2025 05:20"
36149122,"BUKATIRA PS_166",,099008166,"Semuto , Nakaseke","Bukatira PS",45,0,126.91,"21-04-2025 05:19"
36149122,"BUKATIRA PS_166",,099008166,"Semuto , Nakaseke","Bukatira PS",45,6.21,126.91,"21-04-2025 05:19"
36149122,"BUKATIRA PS_166",,099008166,"Semuto , Nakaseke","Bukatira PS",44,0,133.12,"21-04-2025 05:18"
36149122,"BUKATIRA PS_166",,099008166,"Semuto , Nakaseke","Bukatira PS",44,19.82,133.12,"21-04-2025 05:17"
36149122,"BUKATIRA PS_166",,099008166,"Semuto , Nakaseke","Bukatira PS",43,0,152.94,"21-04-2025 05:16"
36149122,"BUKATIRA PS_166",,099008166,"Semuto , Nakaseke","Bukatira PS",43,19.56,152.94,"21-04-2025 05:16"
36149122,"BUKATIRA PS_166",,099008166,"Semuto , Nakaseke","Bukatira PS",42,0,172.5,"21-04-2025 05:13"
14116622,"BUKATIRA PS_018",,099008018,"Semuto , Nakaseke","Bukatira PS",148,0,28.63,"21-04-2025 05:13"
14116622,"BUKATIRA PS_018",,099008018,"Semuto , Nakaseke","Bukatira PS",148,0,28.63,"21-04-2025 05:12"
14116622,"BUKATIRA PS_018",,099008018,"Semuto , Nakaseke","Bukatira PS",148,0,28.63,"21-04-2025 05:12"
14116622,"BUKATIRA PS_018",,099008018,"Semuto , Nakaseke","Bukatira PS",148,34.57,28.63,"21-04-2025 05:12"
14116622,"BUKATIRA PS_018",,099008018,"Semuto , Nakaseke","Bukatira PS",147,0,63.2,"21-04-2025 05:06"
14116622,"BUKATIRA PS_018",,099008018,"Semuto , Nakaseke","Bukatira PS",147,0.55,63.2,"21-04-2025 05:06"
14116622,"BUKATIRA PS_018",,099008018,"Semuto , Nakaseke","Bukatira PS",146,34.98,63.75,"21-04-2025 05:06"
14116622,"BUKATIRA PS_018",,099008018,"Semuto , Nakaseke","Bukatira PS",145,0,98.73,"21-04-2025 05:03"
13217212,"BUKATIRA PS_195",,099008195,"Semuto , Nakaseke","Bukatira PS",39,20.96,7.61,"21-04-2025 04:39"
13217212,"BUKATIRA PS_195",,099008195,"Semuto , Nakaseke","Bukatira PS",38,0,28.57,"21-04-2025 04:37"
13217212,"BUKATIRA PS_195",,099008195,"Semuto , Nakaseke","Bukatira PS",38,18.27,28.57,"21-04-2025 04:37"
13217212,"BUKATIRA PS_195",,099008195,"Semuto , Nakaseke","Bukatira PS",37,0,46.84,"21-04-2025 04:36"
14123722,"BUKATIRA PS_008",,099008008,"Semuto , Nakaseke","Bukatira PS",42,19.5,534.19,"21-04-2025 04:36"
14123722,"BUKATIRA PS_008",,099008008,"Semuto , Nakaseke","Bukatira PS",41,0,553.69,"21-04-2025 04:34"
14116622,"BUKATIRA PS_018",,099008018,"Semuto , Nakaseke","Bukatira PS",145,36.42,98.73,"21-04-2025 04:34"
14116622,"BUKATIRA PS_018",,099008018,"Semuto , Nakaseke","Bukatira PS",144,0,135.15,"21-04-2025 04:30"
14116622,"BUKATIRA PS_018",,099008018,"Semuto , Nakaseke","Bukatira PS",144,5.07,135.15,"21-04-2025 04:29"
14116622,"BUKATIRA PS_018",,099008018,"Semuto , Nakaseke","Bukatira PS",143,0,140.22,"21-04-2025 04:29"
14116622,"BUKATIRA PS_018",,099008018,"Semuto , Nakaseke","Bukatira PS",143,2.7,140.22,"21-04-2025 04:29"
14116622,"BUKATIRA PS_018",,099008018,"Semuto , Nakaseke","Bukatira PS",142,0,142.92,"21-04-2025 04:28"
14116622,"BUKATIRA PS_018",,099008018,"Semuto , Nakaseke","Bukatira PS",142,19.77,142.92,"21-04-2025 04:26"
14116622,"BUKATIRA PS_018",,099008018,"Semuto , Nakaseke","Bukatira PS",141,0,162.69,"21-04-2025 04:23"
14116622,"BUKATIRA PS_018",,099008018,"Semuto , Nakaseke","Bukatira PS",141,1.24,162.69,"21-04-2025 04:23"
14116622,"BUKATIRA PS_018",,099008018,"Semuto , Nakaseke","Bukatira PS",139,0,165.22,"21-04-2025 04:23"
14116622,"BUKATIRA PS_018",,099008018,"Semuto , Nakaseke","Bukatira PS",139,2.29,165.22,"21-04-2025 04:21"
14116622,"BUKATIRA PS_018",,099008018,"Semuto , Nakaseke","Bukatira PS",138,0,167.51,"21-04-2025 04:20"
14116622,"BUKATIRA PS_018",,099008018,"Semuto , Nakaseke","Bukatira PS",138,19.95,167.51,"21-04-2025 04:20"
14116622,"BUKATIRA PS_018",,099008018,"Semuto , Nakaseke","Bukatira PS",137,0,187.46,"21-04-2025 04:19"
15725223,"BUKATIRA PS_006",,099008006,"Semuto , Nakaseke","Bukatira PS",79,15.2,0,"21-04-2025 04:18"
15725223,"BUKATIRA PS_006",,099008006,"Semuto , Nakaseke","Bukatira PS",78,0,15.06,"21-04-2025 04:16"
41161292,"BUKATIRA PS_168",,099008168,"Semuto , Nakaseke","Bukatira PS",24,34.07,126.85,"21-04-2025 04:16"
41161292,"BUKATIRA PS_168",,099008168,"Semuto , Nakaseke","Bukatira PS",23,0,160.91,"21-04-2025 04:13"
19626117,"BUKATIRA PS_184",,099008184,"Semuto , Nakaseke","Bukatira PS",8,19.33,699.43,"21-04-2025 04:12"
19626117,"BUKATIRA PS_184",,099008184,"Semuto , Nakaseke","Bukatira PS",7,0,718.76,"21-04-2025 04:10"
19626117,"BUKATIRA PS_184",,099008184,"Semuto , Nakaseke","Bukatira PS",7,20.89,718.76,"21-04-2025 04:09"
19626117,"BUKATIRA PS_184",,099008184,"Semuto , Nakaseke","Bukatira PS",6,0,739.65,"21-04-2025 04:07"
16411412,"BUKATIRA PS_180",,099008180,"Semuto , Nakaseke","Bukatira PS",44,3.38,47.6,"21-04-2025 03:48"
16411412,"BUKATIRA PS_180",,099008180,"Semuto , Nakaseke","Bukatira PS",43,0,50.98,"21-04-2025 03:46"
14815613,"BUKATIRA PS_182",,099008182,"Semuto , Nakaseke","Bukatira PS",6,19.95,873.79,"21-04-2025 03:36"
14815613,"BUKATIRA PS_182",,099008182,"Semuto , Nakaseke","Bukatira PS",5,0,893.74,"21-04-2025 03:33"
10025513,"BUKATIRA PS_154",,099008154,"Semuto , Nakaseke","Bukatira PS",6,2.19,820.38,"21-04-2025 03:15"
10025513,"BUKATIRA PS_154",,099008154,"Semuto , Nakaseke","Bukatira PS",5,30.72,822.56,"21-04-2025 03:14"
10025513,"BUKATIRA PS_154",,099008154,"Semuto , Nakaseke","Bukatira PS",4,0,853.28,"21-04-2025 03:10"
10025513,"BUKATIRA PS_154",,099008154,"Semuto , Nakaseke","Bukatira PS",4,32.72,853.28,"21-04-2025 03:09"
10025513,"BUKATIRA PS_154",,099008154,"Semuto , Nakaseke","Bukatira PS",3,0,886,"21-04-2025 03:05"
14815613,"BUKATIRA PS_182",,099008182,"Semuto , Nakaseke","Bukatira PS",5,33.27,893.74,"21-04-2025 03:04"
14815613,"BUKATIRA PS_182",,099008182,"Semuto , Nakaseke","Bukatira PS",4,0,927.01,"21-04-2025 03:00"
84221162,"BUKATIRA PS_151",,099008151,"Semuto , Nakaseke","Bukatira PS",138,61.19,3482.75,"20-04-2025 17:30"
84221162,"BUKATIRA PS_151",,099008151,"Semuto , Nakaseke","Bukatira PS",137,0,3543.95,"20-04-2025 17:28"
84221162,"BUKATIRA PS_151",,099008151,"Semuto , Nakaseke","Bukatira PS",137,0,3543.95,"20-04-2025 17:27"
41161292,"BUKATIRA PS_168",,099008168,"Semuto , Nakaseke","Bukatira PS",23,34.06,160.91,"20-04-2025 17:23"
41161292,"BUKATIRA PS_168",,099008168,"Semuto , Nakaseke","Bukatira PS",22,0,194.97,"20-04-2025 17:18"
41161292,"BUKATIRA PS_168",,099008168,"Semuto , Nakaseke","Bukatira PS",22,0,194.97,"20-04-2025 17:17"
14114519,"BUKATIRA PS_015",,099008015,"Semuto , Nakaseke","Bukatira PS",58,0,1484.57,"20-04-2025 17:13"
14114519,"BUKATIRA PS_015",,099008015,"Semuto , Nakaseke","Bukatira PS",58,42.22,1484.57,"20-04-2025 17:13"
14114519,"BUKATIRA PS_015",,099008015,"Semuto , Nakaseke","Bukatira PS",57,0,1526.79,"20-04-2025 17:10"
13217212,"BUKATIRA PS_195",,099008195,"Semuto , Nakaseke","Bukatira PS",37,60.16,46.84,"20-04-2025 15:54"
14114519,"BUKATIRA PS_015",,099008015,"Semuto , Nakaseke","Bukatira PS",57,78.31,1526.79,"20-04-2025 15:49"
14114519,"BUKATIRA PS_015",,099008015,"Semuto , Nakaseke","Bukatira PS",56,0,1605.1,"20-04-2025 15:44"
14819411,"BUKATIRA PS_155",,099008155,"Semuto , Nakaseke","Bukatira PS",30,51.98,381.72,"20-04-2025 15:44"
14819411,"BUKATIRA PS_155",,099008155,"Semuto , Nakaseke","Bukatira PS",29,0,433.7,"20-04-2025 15:39"
14819411,"BUKATIRA PS_155",,099008155,"Semuto , Nakaseke","Bukatira PS",29,58.93,433.7,"20-04-2025 15:39"
14819411,"BUKATIRA PS_155",,099008155,"Semuto , Nakaseke","Bukatira PS",28,0,492.63,"20-04-2025 15:33"
16420512,"BUKATIRA PS_188",,099008188,"Semuto , Nakaseke","Bukatira PS",57,39.89,97.29,"20-04-2025 15:17"
16420512,"BUKATIRA PS_188",,099008188,"Semuto , Nakaseke","Bukatira PS",56,0,137.18,"20-04-2025 15:13"
16420512,"BUKATIRA PS_188",,099008188,"Semuto , Nakaseke","Bukatira PS",56,38.67,137.18,"20-04-2025 15:13"
14114519,"BUKATIRA PS_015",,099008015,"Semuto , Nakaseke","Bukatira PS",56,43.01,1605.1,"20-04-2025 15:08"
16420512,"BUKATIRA PS_188",,099008188,"Semuto , Nakaseke","Bukatira PS",55,75.04,175.84,"20-04-2025 15:05"
10010012,"BUKATIRA PS_198",,099008198,"Semuto , Nakaseke","Bukatira PS",101,105.04,0.92,"20-04-2025 15:00"
10010012,"BUKATIRA PS_198",,099008198,"Semuto , Nakaseke","Bukatira PS",100,0,105.96,"20-04-2025 14:51"
14819411,"BUKATIRA PS_155",,099008155,"Semuto , Nakaseke","Bukatira PS",28,23.47,492.63,"20-04-2025 14:51"
14819411,"BUKATIRA PS_155",,099008155,"Semuto , Nakaseke","Bukatira PS",27,0,516.11,"20-04-2025 14:49"
11617612,"BUKATIRA PS_172",,099008172,"Semuto , Nakaseke","Bukatira PS",64,37.58,195.01,"20-04-2025 14:48"
15715147,"BUKATIRA PS_060",,099008060,"Semuto , Nakaseke","Bukatira PS",31,6.94,1402.61,"20-04-2025 14:44"
11617612,"BUKATIRA PS_172",,099008172,"Semuto , Nakaseke","Bukatira PS",63,3.62,232.59,"20-04-2025 14:44"
13210132,"BUKATIRA PS_187",,099008187,"Semuto , Nakaseke","Bukatira PS",27,0,0,"20-04-2025 14:43"
13210132,"BUKATIRA PS_187",,099008187,"Semuto , Nakaseke","Bukatira PS",27,0,0,"20-04-2025 14:43"
13210132,"BUKATIRA PS_187",,099008187,"Semuto , Nakaseke","Bukatira PS",27,1.04,0.25,"20-04-2025 14:43"
13210132,"BUKATIRA PS_187",,099008187,"Semuto , Nakaseke","Bukatira PS",26,13.05,1.28,"20-04-2025 14:42"
13210132,"BUKATIRA PS_187",,099008187,"Semuto , Nakaseke","Bukatira PS",25,2.15,14.33,"20-04-2025 14:41"
13210132,"BUKATIRA PS_187",,099008187,"Semuto , Nakaseke","Bukatira PS",24,43.9,16.48,"20-04-2025 14:40"
13210132,"BUKATIRA PS_187",,099008187,"Semuto , Nakaseke","Bukatira PS",23,74.46,60.38,"20-04-2025 14:36"
13210132,"BUKATIRA PS_187",,099008187,"Semuto , Nakaseke","Bukatira PS",22,2.44,134.85,"20-04-2025 14:29"
13210132,"BUKATIRA PS_187",,099008187,"Semuto , Nakaseke","Bukatira PS",21,0,137.28,"20-04-2025 14:29"
15715147,"BUKATIRA PS_060",,099008060,"Semuto , Nakaseke","Bukatira PS",30,40.18,1409.55,"20-04-2025 14:29"
15715147,"BUKATIRA PS_060",,099008060,"Semuto , Nakaseke","Bukatira PS",29,39.42,1449.73,"20-04-2025 14:26"
15715147,"BUKATIRA PS_060",,099008060,"Semuto , Nakaseke","Bukatira PS",28,0,1489.15,"20-04-2025 14:23"
10010012,"BUKATIRA PS_198",,099008198,"Semuto , Nakaseke","Bukatira PS",99,39.8,106.47,"20-04-2025 14:22"
10010012,"BUKATIRA PS_198",,099008198,"Semuto , Nakaseke","Bukatira PS",98,0,146.27,"20-04-2025 14:19"
10010012,"BUKATIRA PS_198",,099008198,"Semuto , Nakaseke","Bukatira PS",98,36.7,146.27,"20-04-2025 14:19"
10010012,"BUKATIRA PS_198",,099008198,"Semuto , Nakaseke","Bukatira PS",97,0,182.96,"20-04-2025 14:16"
10010012,"BUKATIRA PS_198",,099008198,"Semuto , Nakaseke","Bukatira PS",97,12.93,182.96,"20-04-2025 14:16"
10010012,"BUKATIRA PS_198",,099008198,"Semuto , Nakaseke","Bukatira PS",96,40.83,195.89,"20-04-2025 14:15"
10010012,"BUKATIRA PS_198",,099008198,"Semuto , Nakaseke","Bukatira PS",95,0,236.72,"20-04-2025 14:13"
10010012,"BUKATIRA PS_198",,099008198,"Semuto , Nakaseke","Bukatira PS",95,38.79,236.72,"20-04-2025 14:12"
10010012,"BUKATIRA PS_198",,099008198,"Semuto , Nakaseke","Bukatira PS",94,0,275.51,"20-04-2025 14:07"
84216121,"BUKATIRA PS_158",,099008158,"Semuto , Nakaseke","Bukatira PS",30,0,5.53,"20-04-2025 14:02"
84216121,"BUKATIRA PS_158",,099008158,"Semuto , Nakaseke","Bukatira PS",30,0,5.53,"20-04-2025 14:02"
84216121,"BUKATIRA PS_158",,099008158,"Semuto , Nakaseke","Bukatira PS",30,0,5.53,"20-04-2025 14:02"
84216121,"BUKATIRA PS_158",,099008158,"Semuto , Nakaseke","Bukatira PS",30,43.19,5.53,"20-04-2025 14:01"
84216121,"BUKATIRA PS_158",,099008158,"Semuto , Nakaseke","Bukatira PS",29,0,48.73,"20-04-2025 13:58"
10015130,"BUKATIRA PS_152",,099008152,"Semuto , Nakaseke","Bukatira PS",14,77.94,1223.82,"20-04-2025 13:57"
10015130,"BUKATIRA PS_152",,099008152,"Semuto , Nakaseke","Bukatira PS",13,0,1301.76,"20-04-2025 13:51"
14114519,"BUKATIRA PS_015",,099008015,"Semuto , Nakaseke","Bukatira PS",55,0.55,1648.11,"20-04-2025 13:49"
14114519,"BUKATIRA PS_015",,099008015,"Semuto , Nakaseke","Bukatira PS",54,0,1648.66,"20-04-2025 13:48"
14114519,"BUKATIRA PS_015",,099008015,"Semuto , Nakaseke","Bukatira PS",54,0,1648.66,"20-04-2025 13:48"
14114519,"BUKATIRA PS_015",,099008015,"Semuto , Nakaseke","Bukatira PS",54,42.31,1648.66,"20-04-2025 13:48"
68351162,"BUKATIRA PS_161",,099008161,"Semuto , Nakaseke","Bukatira PS",43,0,0,"20-04-2025 13:45"
68351162,"BUKATIRA PS_161",,099008161,"Semuto , Nakaseke","Bukatira PS",43,11.26,0.63,"20-04-2025 13:45"
68351162,"BUKATIRA PS_161",,099008161,"Semuto , Nakaseke","Bukatira PS",42,0.28,11.89,"20-04-2025 13:43"
68351162,"BUKATIRA PS_161",,099008161,"Semuto , Nakaseke","Bukatira PS",42,6.81,11.89,"20-04-2025 13:43"
68351162,"BUKATIRA PS_161",,099008161,"Semuto , Nakaseke","Bukatira PS",41,14.37,18.7,"20-04-2025 13:42"
68351162,"BUKATIRA PS_161",,099008161,"Semuto , Nakaseke","Bukatira PS",39,13.39,33.58,"20-04-2025 13:41"
68351162,"BUKATIRA PS_161",,099008161,"Semuto , Nakaseke","Bukatira PS",38,0,46.97,"20-04-2025 13:40"
14114519,"BUKATIRA PS_015",,099008015,"Semuto , Nakaseke","Bukatira PS",53,39.97,1690.96,"20-04-2025 13:27"
14114519,"BUKATIRA PS_015",,099008015,"Semuto , Nakaseke","Bukatira PS",52,0,1730.93,"20-04-2025 13:24"
10010012,"BUKATIRA PS_198",,099008198,"Semuto , Nakaseke","Bukatira PS",94,40.16,275.51,"20-04-2025 13:21"
10010012,"BUKATIRA PS_198",,099008198,"Semuto , Nakaseke","Bukatira PS",93,0,315.67,"20-04-2025 13:15"
10010012,"BUKATIRA PS_198",,099008198,"Semuto , Nakaseke","Bukatira PS",93,23.61,315.67,"20-04-2025 13:14"
10010012,"BUKATIRA PS_198",,099008198,"Semuto , Nakaseke","Bukatira PS",92,0,339.29,"20-04-2025 13:07"
10010012,"BUKATIRA PS_198",,099008198,"Semuto , Nakaseke","Bukatira PS",92,14.9,339.29,"20-04-2025 13:07"
10010012,"BUKATIRA PS_198",,099008198,"Semuto , Nakaseke","Bukatira PS",91,0,354.18,"20-04-2025 13:05"
42071232,"BUKATIRA PS_176",,099008176,"Semuto , Nakaseke","Bukatira PS",56,0,0,"20-04-2025 12:57"
42071232,"BUKATIRA PS_176",,099008176,"Semuto , Nakaseke","Bukatira PS",56,0,0,"20-04-2025 12:56"
42071232,"BUKATIRA PS_176",,099008176,"Semuto , Nakaseke","Bukatira PS",56,0,0,"20-04-2025 12:55"
42071232,"BUKATIRA PS_176",,099008176,"Semuto , Nakaseke","Bukatira PS",56,0,0,"20-04-2025 12:55"
42071232,"BUKATIRA PS_176",,099008176,"Semuto , Nakaseke","Bukatira PS",56,30.25,0,"20-04-2025 12:55"
42071232,"BUKATIRA PS_176",,099008176,"Semuto , Nakaseke","Bukatira PS",55,0,30.06,"20-04-2025 12:53"
10010012,"BUKATIRA PS_198",,099008198,"Semuto , Nakaseke","Bukatira PS",91,36.18,354.18,"20-04-2025 12:50"
10010012,"BUKATIRA PS_198",,099008198,"Semuto , Nakaseke","Bukatira PS",90,36.79,390.36,"20-04-2025 12:43"
10010012,"BUKATIRA PS_198",,099008198,"Semuto , Nakaseke","Bukatira PS",89,0,427.15,"20-04-2025 12:39"
10010012,"BUKATIRA PS_198",,099008198,"Semuto , Nakaseke","Bukatira PS",89,20.27,427.15,"20-04-2025 12:39"
10010012,"BUKATIRA PS_198",,099008198,"Semuto , Nakaseke","Bukatira PS",88,12.23,447.42,"20-04-2025 12:36"
10010012,"BUKATIRA PS_198",,099008198,"Semuto , Nakaseke","Bukatira PS",87,0,459.65,"20-04-2025 12:33"
84221162,"BUKATIRA PS_151",,099008151,"Semuto , Nakaseke","Bukatira PS",137,19.42,3543.95,"20-04-2025 12:16"
84221162,"BUKATIRA PS_151",,099008151,"Semuto , Nakaseke","Bukatira PS",136,3.13,3563.36,"20-04-2025 12:13"
84221162,"BUKATIRA PS_151",,099008151,"Semuto , Nakaseke","Bukatira PS",136,0,3563.36,"20-04-2025 12:13"
84221162,"BUKATIRA PS_151",,099008151,"Semuto , Nakaseke","Bukatira PS",135,11.6,3566.5,"20-04-2025 12:12"
84221162,"BUKATIRA PS_151",,099008151,"Semuto , Nakaseke","Bukatira PS",134,5.59,3578.09,"20-04-2025 12:11"
84221162,"BUKATIRA PS_151",,099008151,"Semuto , Nakaseke","Bukatira PS",133,0,3583.68,"20-04-2025 12:10"
84221162,"BUKATIRA PS_151",,099008151,"Semuto , Nakaseke","Bukatira PS",133,20.68,3583.68,"20-04-2025 11:53"
84221162,"BUKATIRA PS_151",,099008151,"Semuto , Nakaseke","Bukatira PS",132,0.91,3604.36,"20-04-2025 11:51"
84221162,"BUKATIRA PS_151",,099008151,"Semuto , Nakaseke","Bukatira PS",131,0,3605.28,"20-04-2025 11:51"
14114519,"BUKATIRA PS_015",,099008015,"Semuto , Nakaseke","Bukatira PS",52,26.28,1730.93,"20-04-2025 11:49"
15725366,"BUKATIRA PS_021",,099008021,"Semuto , Nakaseke","Bukatira PS",18,38.33,565.72,"20-04-2025 11:47"
10010012,"BUKATIRA PS_198",,099008198,"Semuto , Nakaseke","Bukatira PS",87,39.57,459.65,"20-04-2025 11:44"
10010012,"BUKATIRA PS_198",,099008198,"Semuto , Nakaseke","Bukatira PS",86,0,499.23,"20-04-2025 11:41"
10010012,"BUKATIRA PS_198",,099008198,"Semuto , Nakaseke","Bukatira PS",86,34.12,499.23,"20-04-2025 11:41"
10010012,"BUKATIRA PS_198",,099008198,"Semuto , Nakaseke","Bukatira PS",85,0,533.34,"20-04-2025 11:38"
84221162,"BUKATIRA PS_151",,099008151,"Semuto , Nakaseke","Bukatira PS",131,7.58,3605.28,"20-04-2025 11:33"
84221162,"BUKATIRA PS_151",,099008151,"Semuto , Nakaseke","Bukatira PS",130,0,3612.85,"20-04-2025 11:32"
84221162,"BUKATIRA PS_151",,099008151,"Semuto , Nakaseke","Bukatira PS",130,12,3612.85,"20-04-2025 11:31"
84221162,"BUKATIRA PS_151",,099008151,"Semuto , Nakaseke","Bukatira PS",129,0,3624.86,"20-04-2025 11:29"
14114519,"BUKATIRA PS_015",,099008015,"Semuto , Nakaseke","Bukatira PS",51,83.36,1757.22,"20-04-2025 10:29"
14114519,"BUKATIRA PS_015",,099008015,"Semuto , Nakaseke","Bukatira PS",50,0,1840.57,"20-04-2025 10:23"
10010012,"BUKATIRA PS_198",,099008198,"Semuto , Nakaseke","Bukatira PS",85,1.54,533.34,"20-04-2025 09:55"
10010012,"BUKATIRA PS_198",,099008198,"Semuto , Nakaseke","Bukatira PS",84,0,534.88,"20-04-2025 09:54"
10010012,"BUKATIRA PS_198",,099008198,"Semuto , Nakaseke","Bukatira PS",84,38.16,534.88,"20-04-2025 09:54"
10010012,"BUKATIRA PS_198",,099008198,"Semuto , Nakaseke","Bukatira PS",83,0,573.04,"20-04-2025 09:51"
10010012,"BUKATIRA PS_198",,099008198,"Semuto , Nakaseke","Bukatira PS",83,34.33,573.04,"20-04-2025 09:50"
10010012,"BUKATIRA PS_198",,099008198,"Semuto , Nakaseke","Bukatira PS",82,0,607.37,"20-04-2025 09:48"
14114519,"BUKATIRA PS_015",,099008015,"Semuto , Nakaseke","Bukatira PS",50,39.23,1840.57,"20-04-2025 09:42"
14114519,"BUKATIRA PS_015",,099008015,"Semuto , Nakaseke","Bukatira PS",49,0,1879.8,"20-04-2025 09:40"
11617612,"BUKATIRA PS_172",,099008172,"Semuto , Nakaseke","Bukatira PS",62,51.47,236.22,"20-04-2025 09:08"
11617612,"BUKATIRA PS_172",,099008172,"Semuto , Nakaseke","Bukatira PS",61,0,287.69,"20-04-2025 09:05"
11617612,"BUKATIRA PS_172",,099008172,"Semuto , Nakaseke","Bukatira PS",61,40.92,287.69,"20-04-2025 09:04"
11617612,"BUKATIRA PS_172",,099008172,"Semuto , Nakaseke","Bukatira PS",60,11.3,328.61,"20-04-2025 09:01"
11617612,"BUKATIRA PS_172",,099008172,"Semuto , Nakaseke","Bukatira PS",59,14.37,339.91,"20-04-2025 09:01"
11617612,"BUKATIRA PS_172",,099008172,"Semuto , Nakaseke","Bukatira PS",58,14.02,354.28,"20-04-2025 08:59"
11617612,"BUKATIRA PS_172",,099008172,"Semuto , Nakaseke","Bukatira PS",57,0,368.29,"20-04-2025 08:58"
11617612,"BUKATIRA PS_172",,099008172,"Semuto , Nakaseke","Bukatira PS",57,16.01,368.29,"20-04-2025 08:58"
11617612,"BUKATIRA PS_172",,099008172,"Semuto , Nakaseke","Bukatira PS",56,15.69,384.31,"20-04-2025 08:57"
11617612,"BUKATIRA PS_172",,099008172,"Semuto , Nakaseke","Bukatira PS",55,0,400,"20-04-2025 08:56"
11617612,"BUKATIRA PS_172",,099008172,"Semuto , Nakaseke","Bukatira PS",55,0,0,"20-04-2025 08:55"
14819411,"BUKATIRA PS_155",,099008155,"Semuto , Nakaseke","Bukatira PS",27,0,516.11,"20-04-2025 08:50"
14819411,"BUKATIRA PS_155",,099008155,"Semuto , Nakaseke","Bukatira PS",27,61.33,516.11,"20-04-2025 08:49"
14819411,"BUKATIRA PS_155",,099008155,"Semuto , Nakaseke","Bukatira PS",26,0,577.44,"20-04-2025 08:43"
14819411,"BUKATIRA PS_155",,099008155,"Semuto , Nakaseke","Bukatira PS",26,0,577.44,"20-04-2025 08:43"
84221162,"BUKATIRA PS_151",,099008151,"Semuto , Nakaseke","Bukatira PS",129,19.49,3624.86,"20-04-2025 08:11"
84221162,"BUKATIRA PS_151",,099008151,"Semuto , Nakaseke","Bukatira PS",128,0,3644.35,"20-04-2025 08:10"
10010012,"BUKATIRA PS_198",,099008198,"Semuto , Nakaseke","Bukatira PS",82,44.38,607.37,"20-04-2025 08:09"
10010012,"BUKATIRA PS_198",,099008198,"Semuto , Nakaseke","Bukatira PS",81,0,651.75,"20-04-2025 08:09"
10010012,"BUKATIRA PS_198",,099008198,"Semuto , Nakaseke","Bukatira PS",81,0,651.75,"20-04-2025 08:09"
10010012,"BUKATIRA PS_198",,099008198,"Semuto , Nakaseke","Bukatira PS",81,0,651.75,"20-04-2025 08:08"
10010012,"BUKATIRA PS_198",,099008198,"Semuto , Nakaseke","Bukatira PS",81,0,651.75,"20-04-2025 08:07"
10010012,"BUKATIRA PS_198",,099008198,"Semuto , Nakaseke","Bukatira PS",81,39.8,651.75,"20-04-2025 08:06"
10010012,"BUKATIRA PS_198",,099008198,"Semuto , Nakaseke","Bukatira PS",80,0,691.55,"20-04-2025 08:04"
10010012,"BUKATIRA PS_198",,099008198,"Semuto , Nakaseke","Bukatira PS",80,38.98,691.55,"20-04-2025 08:03"
10010012,"BUKATIRA PS_198",,099008198,"Semuto , Nakaseke","Bukatira PS",79,0,730.53,"20-04-2025 08:01"
10010012,"BUKATIRA PS_198",,099008198,"Semuto , Nakaseke","Bukatira PS",79,34.03,730.53,"20-04-2025 08:01"
10010012,"BUKATIRA PS_198",,099008198,"Semuto , Nakaseke","Bukatira PS",78,0,764.56,"20-04-2025 07:58"
84221162,"BUKATIRA PS_151",,099008151,"Semuto , Nakaseke","Bukatira PS",128,38.76,3644.35,"20-04-2025 07:58"
84221162,"BUKATIRA PS_151",,099008151,"Semuto , Nakaseke","Bukatira PS",127,0,3683.1,"20-04-2025 07:55"
84221162,"BUKATIRA PS_151",,099008151,"Semuto , Nakaseke","Bukatira PS",127,5.78,3683.1,"20-04-2025 07:55"
84221162,"BUKATIRA PS_151",,099008151,"Semuto , Nakaseke","Bukatira PS",126,0,3688.89,"20-04-2025 07:54"
84221162,"BUKATIRA PS_151",,099008151,"Semuto , Nakaseke","Bukatira PS",126,10.76,3688.89,"20-04-2025 07:54"
84221162,"BUKATIRA PS_151",,099008151,"Semuto , Nakaseke","Bukatira PS",125,0,3699.65,"20-04-2025 07:54"
84221162,"BUKATIRA PS_151",,099008151,"Semuto , Nakaseke","Bukatira PS",125,38.76,3699.65,"20-04-2025 07:53"
84221162,"BUKATIRA PS_151",,099008151,"Semuto , Nakaseke","Bukatira PS",124,0,3738.41,"20-04-2025 07:50"
84221162,"BUKATIRA PS_151",,099008151,"Semuto , Nakaseke","Bukatira PS",123,0.15,3740.37,"20-04-2025 07:49"
84221162,"BUKATIRA PS_151",,099008151,"Semuto , Nakaseke","Bukatira PS",122,0,3742.19,"20-04-2025 07:49"
84221162,"BUKATIRA PS_151",,099008151,"Semuto , Nakaseke","Bukatira PS",121,8.14,3744.02,"20-04-2025 07:49"
84221162,"BUKATIRA PS_151",,099008151,"Semuto , Nakaseke","Bukatira PS",120,0,3752.16,"20-04-2025 07:48"
84221162,"BUKATIRA PS_151",,099008151,"Semuto , Nakaseke","Bukatira PS",119,0,3754.27,"20-04-2025 07:48"
84221162,"BUKATIRA PS_151",,099008151,"Semuto , Nakaseke","Bukatira PS",117,0,3755.9,"20-04-2025 07:48"
14116622,"BUKATIRA PS_018",,099008018,"Semuto , Nakaseke","Bukatira PS",137,15.62,187.46,"20-04-2025 07:47"
14116622,"BUKATIRA PS_018",,099008018,"Semuto , Nakaseke","Bukatira PS",136,0,203.08,"20-04-2025 07:45"
14116622,"BUKATIRA PS_018",,099008018,"Semuto , Nakaseke","Bukatira PS",136,7.04,203.08,"20-04-2025 07:45"
14116622,"BUKATIRA PS_018",,099008018,"Semuto , Nakaseke","Bukatira PS",135,0,210.12,"20-04-2025 07:44"
14116622,"BUKATIRA PS_018",,099008018,"Semuto , Nakaseke","Bukatira PS",135,28.49,210.12,"20-04-2025 07:43"
84221162,"BUKATIRA PS_151",,099008151,"Semuto , Nakaseke","Bukatira PS",117,0,3755.9,"20-04-2025 07:40"
14116622,"BUKATIRA PS_018",,099008018,"Semuto , Nakaseke","Bukatira PS",134,29.87,238.6,"20-04-2025 07:39"
14116622,"BUKATIRA PS_018",,099008018,"Semuto , Nakaseke","Bukatira PS",133,0,268.47,"20-04-2025 07:32"
14116622,"BUKATIRA PS_018",,099008018,"Semuto , Nakaseke","Bukatira PS",133,0,268.47,"20-04-2025 07:32"
14116622,"BUKATIRA PS_018",,099008018,"Semuto , Nakaseke","Bukatira PS",133,2.64,268.47,"20-04-2025 07:31"
14116622,"BUKATIRA PS_018",,099008018,"Semuto , Nakaseke","Bukatira PS",132,0,271.1,"20-04-2025 07:29"
10010012,"BUKATIRA PS_198",,099008198,"Semuto , Nakaseke","Bukatira PS",78,38.56,764.56,"20-04-2025 07:21"
10010012,"BUKATIRA PS_198",,099008198,"Semuto , Nakaseke","Bukatira PS",77,0,803.12,"20-04-2025 07:18"
10010012,"BUKATIRA PS_198",,099008198,"Semuto , Nakaseke","Bukatira PS",77,33.66,803.12,"20-04-2025 07:18"
10010012,"BUKATIRA PS_198",,099008198,"Semuto , Nakaseke","Bukatira PS",76,0,836.78,"20-04-2025 07:16"
10010012,"BUKATIRA PS_198",,099008198,"Semuto , Nakaseke","Bukatira PS",76,82.65,836.78,"20-04-2025 07:16"
10010012,"BUKATIRA PS_198",,099008198,"Semuto , Nakaseke","Bukatira PS",75,0,919.43,"20-04-2025 07:11"
10010012,"BUKATIRA PS_198",,099008198,"Semuto , Nakaseke","Bukatira PS",75,0,919.43,"20-04-2025 07:10"
10010012,"BUKATIRA PS_198",,099008198,"Semuto , Nakaseke","Bukatira PS",75,6.07,919.43,"20-04-2025 06:53"
10010012,"BUKATIRA PS_198",,099008198,"Semuto , Nakaseke","Bukatira PS",74,0,925.5,"20-04-2025 06:53"
13216411,"BUKATIRA PS_185",,099008185,"Semuto , Nakaseke","Bukatira PS",27,120.32,669.77,"20-04-2025 06:27"
13216411,"BUKATIRA PS_185",,099008185,"Semuto , Nakaseke","Bukatira PS",26,0,790.09,"20-04-2025 06:20"
10010012,"BUKATIRA PS_198",,099008198,"Semuto , Nakaseke","Bukatira PS",74,39.17,925.5,"20-04-2025 06:20"
10010012,"BUKATIRA PS_198",,099008198,"Semuto , Nakaseke","Bukatira PS",73,0,964.67,"20-04-2025 06:17"
10010012,"BUKATIRA PS_198",,099008198,"Semuto , Nakaseke","Bukatira PS",73,4.86,964.67,"20-04-2025 06:17"
10010012,"BUKATIRA PS_198",,099008198,"Semuto , Nakaseke","Bukatira PS",72,34.16,969.54,"20-04-2025 06:16"
10010012,"BUKATIRA PS_198",,099008198,"Semuto , Nakaseke","Bukatira PS",71,0,1003.7,"20-04-2025 06:14"
10010012,"BUKATIRA PS_198",,099008198,"Semuto , Nakaseke","Bukatira PS",71,10.89,1003.7,"20-04-2025 06:13"
10010012,"BUKATIRA PS_198",,099008198,"Semuto , Nakaseke","Bukatira PS",70,27.62,1014.6,"20-04-2025 06:12"
10010012,"BUKATIRA PS_198",,099008198,"Semuto , Nakaseke","Bukatira PS",69,0,1042.22,"20-04-2025 06:10"
10010012,"BUKATIRA PS_198",,099008198,"Semuto , Nakaseke","Bukatira PS",69,34.67,1042.22,"20-04-2025 06:09"
10010012,"BUKATIRA PS_198",,099008198,"Semuto , Nakaseke","Bukatira PS",68,0,1076.89,"20-04-2025 06:06"
16411412,"BUKATIRA PS_180",,099008180,"Semuto , Nakaseke","Bukatira PS",43,9.17,50.98,"20-04-2025 06:06"
16411412,"BUKATIRA PS_180",,099008180,"Semuto , Nakaseke","Bukatira PS",42,0,60.15,"20-04-2025 06:05"
16420512,"BUKATIRA PS_188",,099008188,"Semuto , Nakaseke","Bukatira PS",54,65.6,250.88,"20-04-2025 06:04"
20132131,"BUKATIRA PS_200",,099008200,"Semuto , Nakaseke","Bukatira PS",12,36.88,509.48,"20-04-2025 06:00"
20132131,"BUKATIRA PS_200",,099008200,"Semuto , Nakaseke","Bukatira PS",11,0,546.37,"20-04-2025 05:58"
16420512,"BUKATIRA PS_188",,099008188,"Semuto , Nakaseke","Bukatira PS",53,39.63,316.49,"20-04-2025 05:57"
84216121,"BUKATIRA PS_158",,099008158,"Semuto , Nakaseke","Bukatira PS",29,84.23,48.73,"20-04-2025 05:54"
10010012,"BUKATIRA PS_198",,099008198,"Semuto , Nakaseke","Bukatira PS",68,71.47,1076.89,"20-04-2025 05:49"
14114519,"BUKATIRA PS_015",,099008015,"Semuto , Nakaseke","Bukatira PS",49,40.61,1879.8,"20-04-2025 05:45"
14114519,"BUKATIRA PS_015",,099008015,"Semuto , Nakaseke","Bukatira PS",48,0,1920.41,"20-04-2025 05:42"
84216121,"BUKATIRA PS_158",,099008158,"Semuto , Nakaseke","Bukatira PS",27,0,133.48,"20-04-2025 05:42"
20132131,"BUKATIRA PS_200",,099008200,"Semuto , Nakaseke","Bukatira PS",11,0,546.37,"20-04-2025 05:41"
10010012,"BUKATIRA PS_198",,099008198,"Semuto , Nakaseke","Bukatira PS",67,39.39,1148.36,"20-04-2025 05:39"
10010012,"BUKATIRA PS_198",,099008198,"Semuto , Nakaseke","Bukatira PS",66,0,1187.76,"20-04-2025 05:37"
10010012,"BUKATIRA PS_198",,099008198,"Semuto , Nakaseke","Bukatira PS",66,39.72,1187.76,"20-04-2025 05:37"
10010012,"BUKATIRA PS_198",,099008198,"Semuto , Nakaseke","Bukatira PS",65,0,1227.47,"20-04-2025 05:34"
10010012,"BUKATIRA PS_198",,099008198,"Semuto , Nakaseke","Bukatira PS",65,39.73,1227.47,"20-04-2025 05:34"
10010012,"BUKATIRA PS_198",,099008198,"Semuto , Nakaseke","Bukatira PS",64,0,1267.21,"20-04-2025 05:32"
10010012,"BUKATIRA PS_198",,099008198,"Semuto , Nakaseke","Bukatira PS",64,33.32,367.21,"20-04-2025 05:31"
10010012,"BUKATIRA PS_198",,099008198,"Semuto , Nakaseke","Bukatira PS",63,0,400.52,"20-04-2025 05:29"
84221162,"BUKATIRA PS_151",,099008151,"Semuto , Nakaseke","Bukatira PS",117,5.02,3755.9,"20-04-2025 05:28"
84221162,"BUKATIRA PS_151",,099008151,"Semuto , Nakaseke","Bukatira PS",116,0,3760.92,"20-04-2025 05:28"
84221162,"BUKATIRA PS_151",,099008151,"Semuto , Nakaseke","Bukatira PS",116,10.25,3760.92,"20-04-2025 05:28"
84221162,"BUKATIRA PS_151",,099008151,"Semuto , Nakaseke","Bukatira PS",115,0,3771.17,"20-04-2025 05:27"
15715147,"BUKATIRA PS_060",,099008060,"Semuto , Nakaseke","Bukatira PS",28,35.76,1489.15,"20-04-2025 05:27"
15715147,"BUKATIRA PS_060",,099008060,"Semuto , Nakaseke","Bukatira PS",27,0,1524.91,"20-04-2025 05:25"
15715147,"BUKATIRA PS_060",,099008060,"Semuto , Nakaseke","Bukatira PS",27,39,1524.91,"20-04-2025 05:24"
16421812,"BUKATIRA PS_197",,099008197,"Semuto , Nakaseke","Bukatira PS",50,37.47,362.08,"20-04-2025 05:22"
16421812,"BUKATIRA PS_197",,099008197,"Semuto , Nakaseke","Bukatira PS",49,2.77,399.54,"20-04-2025 05:19"
16421812,"BUKATIRA PS_197",,099008197,"Semuto , Nakaseke","Bukatira PS",48,43.91,402.31,"20-04-2025 05:18"
16421812,"BUKATIRA PS_197",,099008197,"Semuto , Nakaseke","Bukatira PS",47,0,446.21,"20-04-2025 05:16"
16421812,"BUKATIRA PS_197",,099008197,"Semuto , Nakaseke","Bukatira PS",47,22.24,446.21,"20-04-2025 05:14"
16421812,"BUKATIRA PS_197",,099008197,"Semuto , Nakaseke","Bukatira PS",46,16.1,468.46,"20-04-2025 05:12"
16421812,"BUKATIRA PS_197",,099008197,"Semuto , Nakaseke","Bukatira PS",45,0,484.55,"20-04-2025 05:11"
16421812,"BUKATIRA PS_197",,099008197,"Semuto , Nakaseke","Bukatira PS",45,24.63,484.55,"20-04-2025 05:10"
16421812,"BUKATIRA PS_197",,099008197,"Semuto , Nakaseke","Bukatira PS",44,0,509.18,"20-04-2025 05:08"
36149122,"BUKATIRA PS_166",,099008166,"Semuto , Nakaseke","Bukatira PS",42,9.99,172.5,"20-04-2025 05:07"
36149122,"BUKATIRA PS_166",,099008166,"Semuto , Nakaseke","Bukatira PS",41,0,182.49,"20-04-2025 05:07"
36149122,"BUKATIRA PS_166",,099008166,"Semuto , Nakaseke","Bukatira PS",41,7.35,182.49,"20-04-2025 05:06"
36149122,"BUKATIRA PS_166",,099008166,"Semuto , Nakaseke","Bukatira PS",40,0,189.84,"20-04-2025 05:06"
84221162,"BUKATIRA PS_151",,099008151,"Semuto , Nakaseke","Bukatira PS",115,20.28,3771.17,"20-04-2025 05:05"
84221162,"BUKATIRA PS_151",,099008151,"Semuto , Nakaseke","Bukatira PS",114,0,3791.45,"20-04-2025 05:04"
84221162,"BUKATIRA PS_151",,099008151,"Semuto , Nakaseke","Bukatira PS",114,7.88,3791.45,"20-04-2025 05:04"
84221162,"BUKATIRA PS_151",,099008151,"Semuto , Nakaseke","Bukatira PS",113,9.44,3799.32,"20-04-2025 05:03"
84221162,"BUKATIRA PS_151",,099008151,"Semuto , Nakaseke","Bukatira PS",112,2.65,3808.77,"20-04-2025 05:03"
84221162,"BUKATIRA PS_151",,099008151,"Semuto , Nakaseke","Bukatira PS",111,0,3811.42,"20-04-2025 05:03"
84221162,"BUKATIRA PS_151",,099008151,"Semuto , Nakaseke","Bukatira PS",111,19.24,3811.42,"20-04-2025 05:02"
84221162,"BUKATIRA PS_151",,099008151,"Semuto , Nakaseke","Bukatira PS",110,7.91,3830.66,"20-04-2025 05:00"
84221162,"BUKATIRA PS_151",,099008151,"Semuto , Nakaseke","Bukatira PS",109,8.27,3838.57,"20-04-2025 05:00"
67236128,"BUKATIRA PS_084",,099008084,"Semuto , Nakaseke","Bukatira PS",14,40.16,688.7,"20-04-2025 04:59"
67236128,"BUKATIRA PS_084",,099008084,"Semuto , Nakaseke","Bukatira PS",13,0,728.86,"20-04-2025 04:57"
22813132,"BUKATIRA PS_175",,099008175,"Semuto , Nakaseke","Bukatira PS",2,79.58,879.67,"20-04-2025 04:56"
36149122,"BUKATIRA PS_166",,099008166,"Semuto , Nakaseke","Bukatira PS",40,19.16,189.84,"20-04-2025 04:51"
36149122,"BUKATIRA PS_166",,099008166,"Semuto , Nakaseke","Bukatira PS",39,0,209,"20-04-2025 04:49"
36149122,"BUKATIRA PS_166",,099008166,"Semuto , Nakaseke","Bukatira PS",39,20.73,209,"20-04-2025 04:49"
36149122,"BUKATIRA PS_166",,099008166,"Semuto , Nakaseke","Bukatira PS",38,0,229.74,"20-04-2025 04:47"
68351162,"BUKATIRA PS_161",,099008161,"Semuto , Nakaseke","Bukatira PS",38,1.08,46.97,"20-04-2025 04:46"
68351162,"BUKATIRA PS_161",,099008161,"Semuto , Nakaseke","Bukatira PS",37,69.82,48.05,"20-04-2025 04:46"
68351162,"BUKATIRA PS_161",,099008161,"Semuto , Nakaseke","Bukatira PS",36,0,117.87,"20-04-2025 04:40"
68351162,"BUKATIRA PS_161",,099008161,"Semuto , Nakaseke","Bukatira PS",36,2.03,117.87,"20-04-2025 04:40"
68351162,"BUKATIRA PS_161",,099008161,"Semuto , Nakaseke","Bukatira PS",35,33.01,119.9,"20-04-2025 04:40"
68351162,"BUKATIRA PS_161",,099008161,"Semuto , Nakaseke","Bukatira PS",34,0,152.91,"20-04-2025 04:37"
68351162,"BUKATIRA PS_161",,099008161,"Semuto , Nakaseke","Bukatira PS",34,35.53,152.91,"20-04-2025 04:36"
68351162,"BUKATIRA PS_161",,099008161,"Semuto , Nakaseke","Bukatira PS",33,0,188.44,"20-04-2025 04:34"
15710323,"BUKATIRA PS_011",,099008011,"Semuto , Nakaseke","Bukatira PS",10,62.47,703.92,"20-04-2025 04:33"
15710323,"BUKATIRA PS_011",,099008011,"Semuto , Nakaseke","Bukatira PS",9,0,766.39,"20-04-2025 04:29"
13217212,"BUKATIRA PS_195",,099008195,"Semuto , Nakaseke","Bukatira PS",36,41.74,107,"20-04-2025 04:28"
13217212,"BUKATIRA PS_195",,099008195,"Semuto , Nakaseke","Bukatira PS",35,0,148.73,"20-04-2025 04:26"
14114519,"BUKATIRA PS_015",,099008015,"Semuto , Nakaseke","Bukatira PS",48,40.54,1920.41,"20-04-2025 04:25"
14114519,"BUKATIRA PS_015",,099008015,"Semuto , Nakaseke","Bukatira PS",47,0,1960.95,"20-04-2025 04:23"
11617612,"BUKATIRA PS_172",,099008172,"Semuto , Nakaseke","Bukatira PS",55,0,0,"20-04-2025 04:23"
11617612,"BUKATIRA PS_172",,099008172,"Semuto , Nakaseke","Bukatira PS",55,0,0,"20-04-2025 04:22"
36788322,"BUKATIRA PS_169",,099008169,"Semuto , Nakaseke","Bukatira PS",14,84.16,973.42,"20-04-2025 04:22"
36788322,"BUKATIRA PS_169",,099008169,"Semuto , Nakaseke","Bukatira PS",13,0,1057.58,"20-04-2025 04:17"
14116622,"BUKATIRA PS_018",,099008018,"Semuto , Nakaseke","Bukatira PS",132,38.72,271.1,"20-04-2025 04:17"
14116622,"BUKATIRA PS_018",,099008018,"Semuto , Nakaseke","Bukatira PS",131,0,309.82,"20-04-2025 04:14"
14116622,"BUKATIRA PS_018",,099008018,"Semuto , Nakaseke","Bukatira PS",131,39.01,309.82,"20-04-2025 04:14"
14116622,"BUKATIRA PS_018",,099008018,"Semuto , Nakaseke","Bukatira PS",130,0,348.83,"20-04-2025 04:11"
14116622,"BUKATIRA PS_018",,099008018,"Semuto , Nakaseke","Bukatira PS",130,36.41,348.83,"20-04-2025 04:11"
14116622,"BUKATIRA PS_018",,099008018,"Semuto , Nakaseke","Bukatira PS",129,0,385.24,"20-04-2025 04:09"
14116622,"BUKATIRA PS_018",,099008018,"Semuto , Nakaseke","Bukatira PS",129,35.98,385.24,"20-04-2025 04:08"
14116622,"BUKATIRA PS_018",,099008018,"Semuto , Nakaseke","Bukatira PS",128,0,421.22,"20-04-2025 04:05"
36149122,"BUKATIRA PS_166",,099008166,"Semuto , Nakaseke","Bukatira PS",38,7.03,229.74,"20-04-2025 04:05"
36149122,"BUKATIRA PS_166",,099008166,"Semuto , Nakaseke","Bukatira PS",37,0,236.77,"20-04-2025 04:04"
36149122,"BUKATIRA PS_166",,099008166,"Semuto , Nakaseke","Bukatira PS",37,12.77,236.77,"20-04-2025 04:04"
36149122,"BUKATIRA PS_166",,099008166,"Semuto , Nakaseke","Bukatira PS",36,0,249.55,"20-04-2025 04:03"
36149122,"BUKATIRA PS_166",,099008166,"Semuto , Nakaseke","Bukatira PS",36,18.55,249.55,"20-04-2025 04:02"
36149122,"BUKATIRA PS_166",,099008166,"Semuto , Nakaseke","Bukatira PS",35,0,268.09,"20-04-2025 04:00"
36149122,"BUKATIRA PS_166",,099008166,"Semuto , Nakaseke","Bukatira PS",35,19.26,268.09,"20-04-2025 04:00"
36149122,"BUKATIRA PS_166",,099008166,"Semuto , Nakaseke","Bukatira PS",34,0,287.35,"20-04-2025 03:56"
14114519,"BUKATIRA PS_015",,099008015,"Semuto , Nakaseke","Bukatira PS",47,36.58,1960.95,"19-04-2025 18:44"
14114519,"BUKATIRA PS_015",,099008015,"Semuto , Nakaseke","Bukatira PS",46,0,1997.54,"19-04-2025 18:42"
16420512,"BUKATIRA PS_188",,099008188,"Semuto , Nakaseke","Bukatira PS",52,0.02,356.11,"19-04-2025 17:49"
16420512,"BUKATIRA PS_188",,099008188,"Semuto , Nakaseke","Bukatira PS",52,0,356.11,"19-04-2025 17:49"
16420512,"BUKATIRA PS_188",,099008188,"Semuto , Nakaseke","Bukatira PS",52,37.25,356.11,"19-04-2025 17:48"
16420512,"BUKATIRA PS_188",,099008188,"Semuto , Nakaseke","Bukatira PS",51,0,393.36,"19-04-2025 17:45"
42111722,"BUKATIRA PS_173",,099008173,"Semuto , Nakaseke","Bukatira PS",46,48.23,700.36,"19-04-2025 17:34"
42111722,"BUKATIRA PS_173",,099008173,"Semuto , Nakaseke","Bukatira PS",45,0,748.59,"19-04-2025 17:31"
42111722,"BUKATIRA PS_173",,099008173,"Semuto , Nakaseke","Bukatira PS",45,10.99,748.59,"19-04-2025 17:28"
42111722,"BUKATIRA PS_173",,099008173,"Semuto , Nakaseke","Bukatira PS",44,5.86,759.59,"19-04-2025 17:27"
42111722,"BUKATIRA PS_173",,099008173,"Semuto , Nakaseke","Bukatira PS",43,10.52,765.45,"19-04-2025 17:27"
42111722,"BUKATIRA PS_173",,099008173,"Semuto , Nakaseke","Bukatira PS",42,18.26,775.97,"19-04-2025 17:25"
42111722,"BUKATIRA PS_173",,099008173,"Semuto , Nakaseke","Bukatira PS",41,0,794.22,"19-04-2025 17:22"
84913122,"BUKATIRA PS_171",,099008171,"Semuto , Nakaseke","Bukatira PS",20,2.62,427.28,"19-04-2025 17:17"
84913122,"BUKATIRA PS_171",,099008171,"Semuto , Nakaseke","Bukatira PS",19,0,429.89,"19-04-2025 17:17"
84913122,"BUKATIRA PS_171",,099008171,"Semuto , Nakaseke","Bukatira PS",19,14.85,429.89,"19-04-2025 17:16"
84913122,"BUKATIRA PS_171",,099008171,"Semuto , Nakaseke","Bukatira PS",18,0,444.74,"19-04-2025 17:15"
84913122,"BUKATIRA PS_171",,099008171,"Semuto , Nakaseke","Bukatira PS",18,2.47,444.74,"19-04-2025 17:14"
84913122,"BUKATIRA PS_171",,099008171,"Semuto , Nakaseke","Bukatira PS",17,46.16,447.22,"19-04-2025 17:14"
84913122,"BUKATIRA PS_171",,099008171,"Semuto , Nakaseke","Bukatira PS",16,0,493.38,"19-04-2025 17:11"
84913122,"BUKATIRA PS_171",,099008171,"Semuto , Nakaseke","Bukatira PS",16,50.06,493.38,"19-04-2025 17:11"
84913122,"BUKATIRA PS_171",,099008171,"Semuto , Nakaseke","Bukatira PS",15,0,543.44,"19-04-2025 17:06"
14114519,"BUKATIRA PS_015",,099008015,"Semuto , Nakaseke","Bukatira PS",46,70.39,1997.54,"19-04-2025 16:46"
14114519,"BUKATIRA PS_015",,099008015,"Semuto , Nakaseke","Bukatira PS",45,0,2067.92,"19-04-2025 16:38"
14114519,"BUKATIRA PS_015",,099008015,"Semuto , Nakaseke","Bukatira PS",45,37.86,2067.92,"19-04-2025 16:38"
14114519,"BUKATIRA PS_015",,099008015,"Semuto , Nakaseke","Bukatira PS",44,0,2105.79,"19-04-2025 16:33"
14119114,"BUKATIRA PS_009",,099008009,"Semuto , Nakaseke","Bukatira PS",21,38.16,275.94,"19-04-2025 16:24"
14119114,"BUKATIRA PS_009",,099008009,"Semuto , Nakaseke","Bukatira PS",20,0,314.1,"19-04-2025 16:21"
14114519,"BUKATIRA PS_015",,099008015,"Semuto , Nakaseke","Bukatira PS",44,40.79,2105.79,"19-04-2025 16:21"
14114519,"BUKATIRA PS_015",,099008015,"Semuto , Nakaseke","Bukatira PS",43,0,2146.58,"19-04-2025 16:17"
42111722,"BUKATIRA PS_173",,099008173,"Semuto , Nakaseke","Bukatira PS",41,32.31,794.22,"19-04-2025 16:17"
42111722,"BUKATIRA PS_173",,099008173,"Semuto , Nakaseke","Bukatira PS",40,0,826.53,"19-04-2025 16:15"
42111722,"BUKATIRA PS_173",,099008173,"Semuto , Nakaseke","Bukatira PS",40,37.1,826.53,"19-04-2025 16:15"
42111722,"BUKATIRA PS_173",,099008173,"Semuto , Nakaseke","Bukatira PS",39,0,863.63,"19-04-2025 16:12"
16420512,"BUKATIRA PS_188",,099008188,"Semuto , Nakaseke","Bukatira PS",51,39.4,393.36,"19-04-2025 16:12"
16420512,"BUKATIRA PS_188",,099008188,"Semuto , Nakaseke","Bukatira PS",50,0,432.76,"19-04-2025 16:10"
16420512,"BUKATIRA PS_188",,099008188,"Semuto , Nakaseke","Bukatira PS",50,40.89,432.76,"19-04-2025 16:09"
16420512,"BUKATIRA PS_188",,099008188,"Semuto , Nakaseke","Bukatira PS",49,0,473.65,"19-04-2025 16:06"
19626117,"BUKATIRA PS_184",,099008184,"Semuto , Nakaseke","Bukatira PS",6,20.02,739.65,"19-04-2025 16:06"
19626117,"BUKATIRA PS_184",,099008184,"Semuto , Nakaseke","Bukatira PS",5,0,759.67,"19-04-2025 16:04"
19626117,"BUKATIRA PS_184",,099008184,"Semuto , Nakaseke","Bukatira PS",4,0,761.95,"19-04-2025 16:04"
19626117,"BUKATIRA PS_184",,099008184,"Semuto , Nakaseke","Bukatira PS",4,17.33,761.95,"19-04-2025 16:04"
19626117,"BUKATIRA PS_184",,099008184,"Semuto , Nakaseke","Bukatira PS",3,0,779.28,"19-04-2025 16:03"
15715147,"BUKATIRA PS_060",,099008060,"Semuto , Nakaseke","Bukatira PS",26,40.2,63.91,"19-04-2025 16:02"
15715147,"BUKATIRA PS_060",,099008060,"Semuto , Nakaseke","Bukatira PS",25,0,104.11,"19-04-2025 16:00"
15715147,"BUKATIRA PS_060",,099008060,"Semuto , Nakaseke","Bukatira PS",25,79.16,104.11,"19-04-2025 16:00"
15715147,"BUKATIRA PS_060",,099008060,"Semuto , Nakaseke","Bukatira PS",24,0,183.28,"19-04-2025 15:55"
13210132,"BUKATIRA PS_187",,099008187,"Semuto , Nakaseke","Bukatira PS",21,36.74,137.28,"19-04-2025 15:55"
13210132,"BUKATIRA PS_187",,099008187,"Semuto , Nakaseke","Bukatira PS",20,40.08,174.02,"19-04-2025 15:52"
13210132,"BUKATIRA PS_187",,099008187,"Semuto , Nakaseke","Bukatira PS",19,36.23,214.1,"19-04-2025 15:49"
13210132,"BUKATIRA PS_187",,099008187,"Semuto , Nakaseke","Bukatira PS",18,0,250.32,"19-04-2025 15:47"
13210132,"BUKATIRA PS_187",,099008187,"Semuto , Nakaseke","Bukatira PS",18,1.27,250.32,"19-04-2025 15:46"
13210132,"BUKATIRA PS_187",,099008187,"Semuto , Nakaseke","Bukatira PS",17,23.76,1.6,"19-04-2025 15:46"
13210132,"BUKATIRA PS_187",,099008187,"Semuto , Nakaseke","Bukatira PS",16,3.04,25.35,"19-04-2025 15:43"
13210132,"BUKATIRA PS_187",,099008187,"Semuto , Nakaseke","Bukatira PS",15,11.9,28.39,"19-04-2025 15:42"
13210132,"BUKATIRA PS_187",,099008187,"Semuto , Nakaseke","Bukatira PS",14,0,40.29,"19-04-2025 15:42"
13210132,"BUKATIRA PS_187",,099008187,"Semuto , Nakaseke","Bukatira PS",13,0,41.92,"19-04-2025 15:41"
13217212,"BUKATIRA PS_195",,099008195,"Semuto , Nakaseke","Bukatira PS",35,15.82,148.73,"19-04-2025 15:41"
13217212,"BUKATIRA PS_195",,099008195,"Semuto , Nakaseke","Bukatira PS",34,26.63,164.55,"19-04-2025 15:40"
13217212,"BUKATIRA PS_195",,099008195,"Semuto , Nakaseke","Bukatira PS",33,0,191.18,"19-04-2025 15:38"
84221162,"BUKATIRA PS_151",,099008151,"Semuto , Nakaseke","Bukatira PS",107,54.47,3847.49,"19-04-2025 15:37"
84221162,"BUKATIRA PS_151",,099008151,"Semuto , Nakaseke","Bukatira PS",106,0,3901.96,"19-04-2025 15:33"
41161292,"BUKATIRA PS_168",,099008168,"Semuto , Nakaseke","Bukatira PS",22,40.16,194.97,"19-04-2025 15:32"
41161292,"BUKATIRA PS_168",,099008168,"Semuto , Nakaseke","Bukatira PS",21,0,235.14,"19-04-2025 15:29"
41161292,"BUKATIRA PS_168",,099008168,"Semuto , Nakaseke","Bukatira PS",21,20.2,235.14,"19-04-2025 15:29"
41161292,"BUKATIRA PS_168",,099008168,"Semuto , Nakaseke","Bukatira PS",20,0,255.34,"19-04-2025 15:28"
41161292,"BUKATIRA PS_168",,099008168,"Semuto , Nakaseke","Bukatira PS",19,0,256.33,"19-04-2025 15:27"
41161292,"BUKATIRA PS_168",,099008168,"Semuto , Nakaseke","Bukatira PS",19,16.68,256.33,"19-04-2025 15:27"
41161292,"BUKATIRA PS_168",,099008168,"Semuto , Nakaseke","Bukatira PS",18,0,273.01,"19-04-2025 15:26"
41161292,"BUKATIRA PS_168",,099008168,"Semuto , Nakaseke","Bukatira PS",18,37.69,273.01,"19-04-2025 15:26"
41161292,"BUKATIRA PS_168",,099008168,"Semuto , Nakaseke","Bukatira PS",17,0,310.7,"19-04-2025 15:23"
84221162,"BUKATIRA PS_151",,099008151,"Semuto , Nakaseke","Bukatira PS",106,7.88,3901.96,"19-04-2025 15:23"
84221162,"BUKATIRA PS_151",,099008151,"Semuto , Nakaseke","Bukatira PS",105,4.54,3909.85,"19-04-2025 15:22"
84221162,"BUKATIRA PS_151",,099008151,"Semuto , Nakaseke","Bukatira PS",104,1.08,3914.39,"19-04-2025 15:21"
84221162,"BUKATIRA PS_151",,099008151,"Semuto , Nakaseke","Bukatira PS",103,6.05,3915.47,"19-04-2025 15:21"
84221162,"BUKATIRA PS_151",,099008151,"Semuto , Nakaseke","Bukatira PS",102,1.24,3921.52,"19-04-2025 15:20"
84221162,"BUKATIRA PS_151",,099008151,"Semuto , Nakaseke","Bukatira PS",101,0,3922.76,"19-04-2025 15:20"
10015130,"BUKATIRA PS_152",,099008152,"Semuto , Nakaseke","Bukatira PS",13,40.03,1301.76,"19-04-2025 15:20"
10015130,"BUKATIRA PS_152",,099008152,"Semuto , Nakaseke","Bukatira PS",12,0,1341.79,"19-04-2025 15:17"
10015130,"BUKATIRA PS_152",,099008152,"Semuto , Nakaseke","Bukatira PS",12,40.78,1341.79,"19-04-2025 15:17"
10015130,"BUKATIRA PS_152",,099008152,"Semuto , Nakaseke","Bukatira PS",11,0.13,1382.57,"19-04-2025 15:13"
10015130,"BUKATIRA PS_152",,099008152,"Semuto , Nakaseke","Bukatira PS",11,0.4,482.57,"19-04-2025 15:13"
10015130,"BUKATIRA PS_152",,099008152,"Semuto , Nakaseke","Bukatira PS",11,0,482.57,"19-04-2025 15:13"
42111722,"BUKATIRA PS_173",,099008173,"Semuto , Nakaseke","Bukatira PS",38,1.98,864.34,"19-04-2025 15:11"
42111722,"BUKATIRA PS_173",,099008173,"Semuto , Nakaseke","Bukatira PS",37,0,866.32,"19-04-2025 15:11"
42111722,"BUKATIRA PS_173",,099008173,"Semuto , Nakaseke","Bukatira PS",37,0,866.32,"19-04-2025 15:11"
16475126,"BUKATIRA PS_178",,099008178,"Semuto , Nakaseke","Bukatira PS",76,0,126.05,"19-04-2025 15:10"
16475126,"BUKATIRA PS_178",,099008178,"Semuto , Nakaseke","Bukatira PS",76,19.26,126.05,"19-04-2025 15:10"
16475126,"BUKATIRA PS_178",,099008178,"Semuto , Nakaseke","Bukatira PS",75,0,145.31,"19-04-2025 15:08"
42111722,"BUKATIRA PS_173",,099008173,"Semuto , Nakaseke","Bukatira PS",37,0.02,866.32,"19-04-2025 15:04"
42111722,"BUKATIRA PS_173",,099008173,"Semuto , Nakaseke","Bukatira PS",37,0,866.32,"19-04-2025 15:04"
42111722,"BUKATIRA PS_173",,099008173,"Semuto , Nakaseke","Bukatira PS",37,33.68,866.32,"19-04-2025 15:04"
42111722,"BUKATIRA PS_173",,099008173,"Semuto , Nakaseke","Bukatira PS",36,0,500,"19-04-2025 15:00"
14116622,"BUKATIRA PS_018",,099008018,"Semuto , Nakaseke","Bukatira PS",128,2.21,421.22,"19-04-2025 14:59"
14116622,"BUKATIRA PS_018",,099008018,"Semuto , Nakaseke","Bukatira PS",127,0,423.43,"19-04-2025 14:58"
14116622,"BUKATIRA PS_018",,099008018,"Semuto , Nakaseke","Bukatira PS",127,11.78,423.43,"19-04-2025 14:58"
14116622,"BUKATIRA PS_018",,099008018,"Semuto , Nakaseke","Bukatira PS",126,0,435.21,"19-04-2025 14:57"
14116622,"BUKATIRA PS_018",,099008018,"Semuto , Nakaseke","Bukatira PS",126,13.39,435.21,"19-04-2025 14:57"
14116622,"BUKATIRA PS_018",,099008018,"Semuto , Nakaseke","Bukatira PS",125,0,448.6,"19-04-2025 14:56"
18017123,"BUKATIRA PS_160",,099008160,"Semuto , Nakaseke","Bukatira PS",91,0,12.41,"19-04-2025 14:53"
18017123,"BUKATIRA PS_160",,099008160,"Semuto , Nakaseke","Bukatira PS",91,0,12.41,"19-04-2025 14:52"
18017123,"BUKATIRA PS_160",,099008160,"Semuto , Nakaseke","Bukatira PS",91,0.19,12.41,"19-04-2025 14:52"
18017123,"BUKATIRA PS_160",,099008160,"Semuto , Nakaseke","Bukatira PS",91,0,12.41,"19-04-2025 14:51"
18017123,"BUKATIRA PS_160",,099008160,"Semuto , Nakaseke","Bukatira PS",91,0,12.41,"19-04-2025 14:51"
18017123,"BUKATIRA PS_160",,099008160,"Semuto , Nakaseke","Bukatira PS",91,0.01,12.41,"19-04-2025 14:51"
18017123,"BUKATIRA PS_160",,099008160,"Semuto , Nakaseke","Bukatira PS",91,0,12.41,"19-04-2025 14:51"
18017123,"BUKATIRA PS_160",,099008160,"Semuto , Nakaseke","Bukatira PS",91,19.41,12.41,"19-04-2025 14:50"
18017123,"BUKATIRA PS_160",,099008160,"Semuto , Nakaseke","Bukatira PS",90,0,31.82,"19-04-2025 14:47"
18017123,"BUKATIRA PS_160",,099008160,"Semuto , Nakaseke","Bukatira PS",90,0,31.82,"19-04-2025 14:47"
18017123,"BUKATIRA PS_160",,099008160,"Semuto , Nakaseke","Bukatira PS",90,17.37,31.82,"19-04-2025 14:46"
18017123,"BUKATIRA PS_160",,099008160,"Semuto , Nakaseke","Bukatira PS",89,0,49.19,"19-04-2025 14:44"
14114519,"BUKATIRA PS_015",,099008015,"Semuto , Nakaseke","Bukatira PS",43,35.81,2146.58,"19-04-2025 14:43"
14114519,"BUKATIRA PS_015",,099008015,"Semuto , Nakaseke","Bukatira PS",42,0.32,2182.39,"19-04-2025 14:40"
14114519,"BUKATIRA PS_015",,099008015,"Semuto , Nakaseke","Bukatira PS",42,0,2182.39,"19-04-2025 14:40"
14111623,"BUKATIRA PS_037",,099008037,"Semuto , Nakaseke","Bukatira PS",15,36.52,795.41,"19-04-2025 14:39"
14111623,"BUKATIRA PS_037",,099008037,"Semuto , Nakaseke","Bukatira PS",14,0,831.93,"19-04-2025 14:37"
84221162,"BUKATIRA PS_151",,099008151,"Semuto , Nakaseke","Bukatira PS",101,22.56,3922.76,"19-04-2025 14:36"
84221162,"BUKATIRA PS_151",,099008151,"Semuto , Nakaseke","Bukatira PS",100,0.33,3945.33,"19-04-2025 14:33"
84221162,"BUKATIRA PS_151",,099008151,"Semuto , Nakaseke","Bukatira PS",100,13.74,3945.33,"19-04-2025 14:33"
84221162,"BUKATIRA PS_151",,099008151,"Semuto , Nakaseke","Bukatira PS",99,1.71,3959.07,"19-04-2025 14:31"
84221162,"BUKATIRA PS_151",,099008151,"Semuto , Nakaseke","Bukatira PS",98,6.56,3960.78,"19-04-2025 14:31"
84221162,"BUKATIRA PS_151",,099008151,"Semuto , Nakaseke","Bukatira PS",97,0,3967.34,"19-04-2025 14:29"
84221162,"BUKATIRA PS_151",,099008151,"Semuto , Nakaseke","Bukatira PS",97,0,3967.34,"19-04-2025 14:29"
14819411,"BUKATIRA PS_155",,099008155,"Semuto , Nakaseke","Bukatira PS",26,19.58,577.44,"19-04-2025 14:27"
14819411,"BUKATIRA PS_155",,099008155,"Semuto , Nakaseke","Bukatira PS",25,0,597.02,"19-04-2025 14:25"
42071232,"BUKATIRA PS_176",,099008176,"Semuto , Nakaseke","Bukatira PS",55,29.9,30.06,"19-04-2025 14:25"
14819411,"BUKATIRA PS_155",,099008155,"Semuto , Nakaseke","Bukatira PS",25,0.26,597.02,"19-04-2025 14:22"
14819411,"BUKATIRA PS_155",,099008155,"Semuto , Nakaseke","Bukatira PS",25,0,597.02,"19-04-2025 14:21"
14819411,"BUKATIRA PS_155",,099008155,"Semuto , Nakaseke","Bukatira PS",25,0,597.02,"19-04-2025 14:20"
42071232,"BUKATIRA PS_176",,099008176,"Semuto , Nakaseke","Bukatira PS",54,2.36,59.96,"19-04-2025 14:20"
42071232,"BUKATIRA PS_176",,099008176,"Semuto , Nakaseke","Bukatira PS",53,0,62.32,"19-04-2025 14:19"
14111623,"BUKATIRA PS_037",,099008037,"Semuto , Nakaseke","Bukatira PS",14,0.86,831.93,"19-04-2025 14:18"
14111623,"BUKATIRA PS_037",,099008037,"Semuto , Nakaseke","Bukatira PS",13,0,832.79,"19-04-2025 14:18"
14111623,"BUKATIRA PS_037",,099008037,"Semuto , Nakaseke","Bukatira PS",13,19.53,832.79,"19-04-2025 14:17"
14111623,"BUKATIRA PS_037",,099008037,"Semuto , Nakaseke","Bukatira PS",12,0,852.32,"19-04-2025 14:15"
14111623,"BUKATIRA PS_037",,099008037,"Semuto , Nakaseke","Bukatira PS",12,18.54,852.32,"19-04-2025 14:15"
14111623,"BUKATIRA PS_037",,099008037,"Semuto , Nakaseke","Bukatira PS",11,0,870.86,"19-04-2025 14:13"
14114519,"BUKATIRA PS_015",,099008015,"Semuto , Nakaseke","Bukatira PS",42,37.04,2182.39,"19-04-2025 14:12"
14114519,"BUKATIRA PS_015",,099008015,"Semuto , Nakaseke","Bukatira PS",41,0,2219.44,"19-04-2025 14:10"
14114519,"BUKATIRA PS_015",,099008015,"Semuto , Nakaseke","Bukatira PS",41,36.46,2219.44,"19-04-2025 14:09"
14114519,"BUKATIRA PS_015",,099008015,"Semuto , Nakaseke","Bukatira PS",40,0,2255.9,"19-04-2025 14:07"
14114519,"BUKATIRA PS_015",,099008015,"Semuto , Nakaseke","Bukatira PS",40,38.66,2255.9,"19-04-2025 14:07"
14819411,"BUKATIRA PS_155",,099008155,"Semuto , Nakaseke","Bukatira PS",25,5.28,597.02,"19-04-2025 14:04"
14819411,"BUKATIRA PS_155",,099008155,"Semuto , Nakaseke","Bukatira PS",24,17.62,602.3,"19-04-2025 14:04"
14819411,"BUKATIRA PS_155",,099008155,"Semuto , Nakaseke","Bukatira PS",23,0,619.92,"19-04-2025 14:02"
99146164,"BUKATIRA PS_092",,099008092,"Semuto , Nakaseke","Bukatira PS",11,28.54,770.61,"19-04-2025 14:01"
99146164,"BUKATIRA PS_092",,099008092,"Semuto , Nakaseke","Bukatira PS",10,0,799.15,"19-04-2025 13:59"
99146164,"BUKATIRA PS_092",,099008092,"Semuto , Nakaseke","Bukatira PS",10,5.3,799.15,"19-04-2025 13:59"
99146164,"BUKATIRA PS_092",,099008092,"Semuto , Nakaseke","Bukatira PS",9,0,804.45,"19-04-2025 13:58"
99146164,"BUKATIRA PS_092",,099008092,"Semuto , Nakaseke","Bukatira PS",9,40.16,804.45,"19-04-2025 13:58"
99146164,"BUKATIRA PS_092",,099008092,"Semuto , Nakaseke","Bukatira PS",8,0,844.62,"19-04-2025 13:55"
18017123,"BUKATIRA PS_160",,099008160,"Semuto , Nakaseke","Bukatira PS",89,35.68,49.19,"19-04-2025 13:54"
18017123,"BUKATIRA PS_160",,099008160,"Semuto , Nakaseke","Bukatira PS",88,0,84.87,"19-04-2025 13:51"
16411412,"BUKATIRA PS_180",,099008180,"Semuto , Nakaseke","Bukatira PS",42,15.19,60.15,"19-04-2025 13:50"
16411412,"BUKATIRA PS_180",,099008180,"Semuto , Nakaseke","Bukatira PS",41,0,75.34,"19-04-2025 13:49"
18017123,"BUKATIRA PS_160",,099008160,"Semuto , Nakaseke","Bukatira PS",88,35.76,84.87,"19-04-2025 13:49"
18017123,"BUKATIRA PS_160",,099008160,"Semuto , Nakaseke","Bukatira PS",87,0,120.63,"19-04-2025 13:45"
18017123,"BUKATIRA PS_160",,099008160,"Semuto , Nakaseke","Bukatira PS",87,37.74,120.63,"19-04-2025 13:44"
18017123,"BUKATIRA PS_160",,099008160,"Semuto , Nakaseke","Bukatira PS",86,0,158.37,"19-04-2025 13:40"
14116622,"BUKATIRA PS_018",,099008018,"Semuto , Nakaseke","Bukatira PS",125,10.04,448.6,"19-04-2025 13:40"
14116622,"BUKATIRA PS_018",,099008018,"Semuto , Nakaseke","Bukatira PS",124,0,458.64,"19-04-2025 13:39"
14116622,"BUKATIRA PS_018",,099008018,"Semuto , Nakaseke","Bukatira PS",124,15.76,458.64,"19-04-2025 13:39"
14116622,"BUKATIRA PS_018",,099008018,"Semuto , Nakaseke","Bukatira PS",123,0,474.4,"19-04-2025 13:37"
14116622,"BUKATIRA PS_018",,099008018,"Semuto , Nakaseke","Bukatira PS",123,13.84,474.4,"19-04-2025 13:37"
14116622,"BUKATIRA PS_018",,099008018,"Semuto , Nakaseke","Bukatira PS",122,8.92,488.25,"19-04-2025 13:35"
14116622,"BUKATIRA PS_018",,099008018,"Semuto , Nakaseke","Bukatira PS",121,0,497.17,"19-04-2025 13:33"
18017123,"BUKATIRA PS_160",,099008160,"Semuto , Nakaseke","Bukatira PS",86,0,158.37,"19-04-2025 13:33"
14116622,"BUKATIRA PS_018",,099008018,"Semuto , Nakaseke","Bukatira PS",121,0.35,497.17,"19-04-2025 13:32"
14116622,"BUKATIRA PS_018",,099008018,"Semuto , Nakaseke","Bukatira PS",121,1.01,497.17,"19-04-2025 13:32"
14116622,"BUKATIRA PS_018",,099008018,"Semuto , Nakaseke","Bukatira PS",120,0,498.18,"19-04-2025 13:31"
14116622,"BUKATIRA PS_018",,099008018,"Semuto , Nakaseke","Bukatira PS",120,35.24,498.18,"19-04-2025 13:31"
14116622,"BUKATIRA PS_018",,099008018,"Semuto , Nakaseke","Bukatira PS",119,0,533.42,"19-04-2025 13:27"
14116622,"BUKATIRA PS_018",,099008018,"Semuto , Nakaseke","Bukatira PS",119,2.49,533.42,"19-04-2025 13:26"
14116622,"BUKATIRA PS_018",,099008018,"Semuto , Nakaseke","Bukatira PS",118,0,535.91,"19-04-2025 13:26"
14116622,"BUKATIRA PS_018",,099008018,"Semuto , Nakaseke","Bukatira PS",118,28.57,535.91,"19-04-2025 13:26"
14116622,"BUKATIRA PS_018",,099008018,"Semuto , Nakaseke","Bukatira PS",117,0,564.47,"19-04-2025 13:23"
16411412,"BUKATIRA PS_180",,099008180,"Semuto , Nakaseke","Bukatira PS",41,27.97,75.34,"19-04-2025 13:23"
16411412,"BUKATIRA PS_180",,099008180,"Semuto , Nakaseke","Bukatira PS",40,0,103.31,"19-04-2025 13:21"
14116622,"BUKATIRA PS_018",,099008018,"Semuto , Nakaseke","Bukatira PS",117,8.58,564.47,"19-04-2025 13:21"
14116622,"BUKATIRA PS_018",,099008018,"Semuto , Nakaseke","Bukatira PS",116,0,573.05,"19-04-2025 13:20"
14116622,"BUKATIRA PS_018",,099008018,"Semuto , Nakaseke","Bukatira PS",116,36.06,573.05,"19-04-2025 13:19"
14116622,"BUKATIRA PS_018",,099008018,"Semuto , Nakaseke","Bukatira PS",115,0,609.12,"19-04-2025 13:17"
14116622,"BUKATIRA PS_018",,099008018,"Semuto , Nakaseke","Bukatira PS",115,18.92,609.12,"19-04-2025 13:16"
14116622,"BUKATIRA PS_018",,099008018,"Semuto , Nakaseke","Bukatira PS",114,16.28,628.03,"19-04-2025 13:15"
14116622,"BUKATIRA PS_018",,099008018,"Semuto , Nakaseke","Bukatira PS",113,0,644.31,"19-04-2025 13:13"
14116622,"BUKATIRA PS_018",,099008018,"Semuto , Nakaseke","Bukatira PS",113,25.69,644.31,"19-04-2025 13:12"
14116622,"BUKATIRA PS_018",,099008018,"Semuto , Nakaseke","Bukatira PS",111,6.47,670.87,"19-04-2025 13:06"
14116622,"BUKATIRA PS_018",,099008018,"Semuto , Nakaseke","Bukatira PS",110,0,677.34,"19-04-2025 13:05"
21217311,"BUKATIRA PS_164",,099008164,"Semuto , Nakaseke","Bukatira PS",7,3.56,840.9,"19-04-2025 13:05"
21217311,"BUKATIRA PS_164",,099008164,"Semuto , Nakaseke","Bukatira PS",6,38.11,844.46,"19-04-2025 13:04"
21217311,"BUKATIRA PS_164",,099008164,"Semuto , Nakaseke","Bukatira PS",5,0,882.57,"19-04-2025 13:02"
21217311,"BUKATIRA PS_164",,099008164,"Semuto , Nakaseke","Bukatira PS",5,38.49,882.57,"19-04-2025 13:01"
14116622,"BUKATIRA PS_018",,099008018,"Semuto , Nakaseke","Bukatira PS",110,38.13,677.34,"19-04-2025 12:59"
14116622,"BUKATIRA PS_018",,099008018,"Semuto , Nakaseke","Bukatira PS",109,0,715.47,"19-04-2025 12:54"
14119114,"BUKATIRA PS_009",,099008009,"Semuto , Nakaseke","Bukatira PS",20,40.89,314.1,"19-04-2025 12:54"
14119114,"BUKATIRA PS_009",,099008009,"Semuto , Nakaseke","Bukatira PS",19,0,354.98,"19-04-2025 12:50"
16411412,"BUKATIRA PS_180",,099008180,"Semuto , Nakaseke","Bukatira PS",40,70.24,103.31,"19-04-2025 12:45"
16411412,"BUKATIRA PS_180",,099008180,"Semuto , Nakaseke","Bukatira PS",39,0,173.54,"19-04-2025 12:39"
16411412,"BUKATIRA PS_180",,099008180,"Semuto , Nakaseke","Bukatira PS",39,0,173.54,"19-04-2025 12:38"
16411412,"BUKATIRA PS_180",,099008180,"Semuto , Nakaseke","Bukatira PS",39,0,173.54,"19-04-2025 12:38"
16411412,"BUKATIRA PS_180",,099008180,"Semuto , Nakaseke","Bukatira PS",39,0,173.54,"19-04-2025 12:38"
16411412,"BUKATIRA PS_180",,099008180,"Semuto , Nakaseke","Bukatira PS",39,3.77,173.54,"19-04-2025 12:29"
16411412,"BUKATIRA PS_180",,099008180,"Semuto , Nakaseke","Bukatira PS",38,6.16,177.31,"19-04-2025 12:28"
16411412,"BUKATIRA PS_180",,099008180,"Semuto , Nakaseke","Bukatira PS",37,7.77,183.47,"19-04-2025 12:27"
16411412,"BUKATIRA PS_180",,099008180,"Semuto , Nakaseke","Bukatira PS",36,0,191.25,"19-04-2025 12:27"
84221162,"BUKATIRA PS_151",,099008151,"Semuto , Nakaseke","Bukatira PS",97,2.53,3967.34,"19-04-2025 12:23"
84221162,"BUKATIRA PS_151",,099008151,"Semuto , Nakaseke","Bukatira PS",96,0,3969.87,"19-04-2025 12:23"
84221162,"BUKATIRA PS_151",,099008151,"Semuto , Nakaseke","Bukatira PS",96,18.85,3969.87,"19-04-2025 12:20"
84221162,"BUKATIRA PS_151",,099008151,"Semuto , Nakaseke","Bukatira PS",95,0,3988.72,"19-04-2025 12:18"
84221162,"BUKATIRA PS_151",,099008151,"Semuto , Nakaseke","Bukatira PS",95,1.29,3988.72,"19-04-2025 12:18"
84221162,"BUKATIRA PS_151",,099008151,"Semuto , Nakaseke","Bukatira PS",94,0,3990.01,"19-04-2025 12:18"
16411412,"BUKATIRA PS_180",,099008180,"Semuto , Nakaseke","Bukatira PS",36,1,191.25,"19-04-2025 12:17"
16411412,"BUKATIRA PS_180",,099008180,"Semuto , Nakaseke","Bukatira PS",35,4.72,192.25,"19-04-2025 12:16"
16411412,"BUKATIRA PS_180",,099008180,"Semuto , Nakaseke","Bukatira PS",34,18,196.97,"19-04-2025 12:15"
16411412,"BUKATIRA PS_180",,099008180,"Semuto , Nakaseke","Bukatira PS",33,0,214.97,"19-04-2025 12:13"
20132131,"BUKATIRA PS_200",,099008200,"Semuto , Nakaseke","Bukatira PS",11,37.47,546.37,"19-04-2025 12:09"
20132131,"BUKATIRA PS_200",,099008200,"Semuto , Nakaseke","Bukatira PS",10,0,583.84,"19-04-2025 12:05"
16411412,"BUKATIRA PS_180",,099008180,"Semuto , Nakaseke","Bukatira PS",33,0.03,214.97,"19-04-2025 12:05"
16411412,"BUKATIRA PS_180",,099008180,"Semuto , Nakaseke","Bukatira PS",33,0.13,214.97,"19-04-2025 12:05"
16411412,"BUKATIRA PS_180",,099008180,"Semuto , Nakaseke","Bukatira PS",33,1.13,214.97,"19-04-2025 12:04"
16411412,"BUKATIRA PS_180",,099008180,"Semuto , Nakaseke","Bukatira PS",32,0,216.11,"19-04-2025 12:03"
16411412,"BUKATIRA PS_180",,099008180,"Semuto , Nakaseke","Bukatira PS",32,0.13,216.11,"19-04-2025 12:02"
16411412,"BUKATIRA PS_180",,099008180,"Semuto , Nakaseke","Bukatira PS",32,0,216.11,"19-04-2025 12:02"
16411412,"BUKATIRA PS_180",,099008180,"Semuto , Nakaseke","Bukatira PS",32,0,216.11,"19-04-2025 12:02"
16411412,"BUKATIRA PS_180",,099008180,"Semuto , Nakaseke","Bukatira PS",32,1.34,216.11,"19-04-2025 12:01"
16411412,"BUKATIRA PS_180",,099008180,"Semuto , Nakaseke","Bukatira PS",31,0,217.45,"19-04-2025 12:00"
16411412,"BUKATIRA PS_180",,099008180,"Semuto , Nakaseke","Bukatira PS",31,5.18,217.45,"19-04-2025 11:59"
16411412,"BUKATIRA PS_180",,099008180,"Semuto , Nakaseke","Bukatira PS",30,0,222.63,"19-04-2025 11:58"
16411412,"BUKATIRA PS_180",,099008180,"Semuto , Nakaseke","Bukatira PS",29,0.29,223.69,"19-04-2025 11:58"
16411412,"BUKATIRA PS_180",,099008180,"Semuto , Nakaseke","Bukatira PS",29,1.52,223.69,"19-04-2025 11:58"
16411412,"BUKATIRA PS_180",,099008180,"Semuto , Nakaseke","Bukatira PS",28,2.5,225.21,"19-04-2025 11:57"
16411412,"BUKATIRA PS_180",,099008180,"Semuto , Nakaseke","Bukatira PS",27,0,227.71,"19-04-2025 11:57"
16411412,"BUKATIRA PS_180",,099008180,"Semuto , Nakaseke","Bukatira PS",27,4.3,227.71,"19-04-2025 11:57"
16411412,"BUKATIRA PS_180",,099008180,"Semuto , Nakaseke","Bukatira PS",26,0,232.01,"19-04-2025 11:54"
84221162,"BUKATIRA PS_151",,099008151,"Semuto , Nakaseke","Bukatira PS",94,6.39,3990.01,"19-04-2025 11:53"
84221162,"BUKATIRA PS_151",,099008151,"Semuto , Nakaseke","Bukatira PS",93,19.6,3996.4,"19-04-2025 11:52"
84221162,"BUKATIRA PS_151",,099008151,"Semuto , Nakaseke","Bukatira PS",92,0,4016,"19-04-2025 11:51"
84221162,"BUKATIRA PS_151",,099008151,"Semuto , Nakaseke","Bukatira PS",92,0,4016,"19-04-2025 11:50"
10021412,"BUKATIRA PS_194",,099008194,"Semuto , Nakaseke","Bukatira PS",10,9.21,727.72,"19-04-2025 11:30"
10021412,"BUKATIRA PS_194",,099008194,"Semuto , Nakaseke","Bukatira PS",9,0,736.93,"19-04-2025 11:28"
15714152,"BUKATIRA PS_002",,099008002,"Semuto , Nakaseke","Bukatira PS",1,109.17,890.83,"19-04-2025 11:27"
15714152,"BUKATIRA PS_002",,099008002,"Semuto , Nakaseke","Bukatira PS",0,0,1000,"19-04-2025 11:19"
24422412,"BUKATIRA PS_157",,099008157,"Semuto , Nakaseke","Bukatira PS",10,41.71,552.37,"19-04-2025 11:19"
24422412,"BUKATIRA PS_157",,099008157,"Semuto , Nakaseke","Bukatira PS",9,0,594.08,"19-04-2025 11:16"
68351162,"BUKATIRA PS_161",,099008161,"Semuto , Nakaseke","Bukatira PS",33,37.31,188.44,"19-04-2025 11:15"
68351162,"BUKATIRA PS_161",,099008161,"Semuto , Nakaseke","Bukatira PS",32,0,225.75,"19-04-2025 11:11"
68351162,"BUKATIRA PS_161",,099008161,"Semuto , Nakaseke","Bukatira PS",31,0,226.46,"19-04-2025 11:10"
68351162,"BUKATIRA PS_161",,099008161,"Semuto , Nakaseke","Bukatira PS",30,0,227.21,"19-04-2025 11:10"
68351162,"BUKATIRA PS_161",,099008161,"Semuto , Nakaseke","Bukatira PS",29,27.96,228.2,"19-04-2025 11:10"
68351162,"BUKATIRA PS_161",,099008161,"Semuto , Nakaseke","Bukatira PS",28,1.13,256.16,"19-04-2025 11:06"
68351162,"BUKATIRA PS_161",,099008161,"Semuto , Nakaseke","Bukatira PS",27,34.38,257.29,"19-04-2025 11:05"
68351162,"BUKATIRA PS_161",,099008161,"Semuto , Nakaseke","Bukatira PS",26,0,291.66,"19-04-2025 10:55"
68351162,"BUKATIRA PS_161",,099008161,"Semuto , Nakaseke","Bukatira PS",26,0,291.66,"19-04-2025 10:55"
68351162,"BUKATIRA PS_161",,099008161,"Semuto , Nakaseke","Bukatira PS",26,33.07,291.66,"19-04-2025 10:54"
68351162,"BUKATIRA PS_161",,099008161,"Semuto , Nakaseke","Bukatira PS",25,0,324.74,"19-04-2025 10:47"
10030117,"BUKATIRA PS_163",,099008163,"Semuto , Nakaseke","Bukatira PS",21,81.13,233.54,"19-04-2025 10:46"
84221162,"BUKATIRA PS_151",,099008151,"Semuto , Nakaseke","Bukatira PS",90,26.04,4048.04,"19-04-2025 10:40"
84221162,"BUKATIRA PS_151",,099008151,"Semuto , Nakaseke","Bukatira PS",89,0,4074.08,"19-04-2025 10:39"
84221162,"BUKATIRA PS_151",,099008151,"Semuto , Nakaseke","Bukatira PS",89,11.52,4074.08,"19-04-2025 10:39"
84221162,"BUKATIRA PS_151",,099008151,"Semuto , Nakaseke","Bukatira PS",88,0,4085.59,"19-04-2025 10:39"
84221162,"BUKATIRA PS_151",,099008151,"Semuto , Nakaseke","Bukatira PS",87,0,4092.3,"19-04-2025 10:38"
84221162,"BUKATIRA PS_151",,099008151,"Semuto , Nakaseke","Bukatira PS",88,6.7,4085.59,"19-04-2025 10:38"
84221162,"BUKATIRA PS_151",,099008151,"Semuto , Nakaseke","Bukatira PS",87,0,4092.3,"19-04-2025 10:15"
84221162,"BUKATIRA PS_151",,099008151,"Semuto , Nakaseke","Bukatira PS",87,17.92,4092.3,"19-04-2025 10:15"
84221162,"BUKATIRA PS_151",,099008151,"Semuto , Nakaseke","Bukatira PS",86,0,4110.22,"19-04-2025 10:13"
84221162,"BUKATIRA PS_151",,099008151,"Semuto , Nakaseke","Bukatira PS",86,1.01,4110.22,"19-04-2025 10:13"
84221162,"BUKATIRA PS_151",,099008151,"Semuto , Nakaseke","Bukatira PS",85,1.35,4111.23,"19-04-2025 10:13"
84221162,"BUKATIRA PS_151",,099008151,"Semuto , Nakaseke","Bukatira PS",84,6.39,4112.58,"19-04-2025 10:13"
84221162,"BUKATIRA PS_151",,099008151,"Semuto , Nakaseke","Bukatira PS",83,0,4118.98,"19-04-2025 10:12"
84221162,"BUKATIRA PS_151",,099008151,"Semuto , Nakaseke","Bukatira PS",82,10.36,4119.66,"19-04-2025 10:12"
84221162,"BUKATIRA PS_151",,099008151,"Semuto , Nakaseke","Bukatira PS",81,0,4130.02,"19-04-2025 10:10"
84221162,"BUKATIRA PS_151",,099008151,"Semuto , Nakaseke","Bukatira PS",81,0,4130.02,"19-04-2025 10:10"
24422412,"BUKATIRA PS_157",,099008157,"Semuto , Nakaseke","Bukatira PS",8,42.62,642.77,"19-04-2025 10:09"
24422412,"BUKATIRA PS_157",,099008157,"Semuto , Nakaseke","Bukatira PS",7,0,685.39,"19-04-2025 10:07"
14116622,"BUKATIRA PS_018",,099008018,"Semuto , Nakaseke","Bukatira PS",109,37.56,715.47,"19-04-2025 10:06"
14116622,"BUKATIRA PS_018",,099008018,"Semuto , Nakaseke","Bukatira PS",108,0,753.03,"19-04-2025 10:03"
14116622,"BUKATIRA PS_018",,099008018,"Semuto , Nakaseke","Bukatira PS",108,10.62,753.03,"19-04-2025 10:03"
14116622,"BUKATIRA PS_018",,099008018,"Semuto , Nakaseke","Bukatira PS",107,26.91,763.64,"19-04-2025 10:02"
14116622,"BUKATIRA PS_018",,099008018,"Semuto , Nakaseke","Bukatira PS",106,0,790.55,"19-04-2025 10:00"
14116622,"BUKATIRA PS_018",,099008018,"Semuto , Nakaseke","Bukatira PS",106,0,790.55,"19-04-2025 09:59"
15725366,"BUKATIRA PS_021",,099008021,"Semuto , Nakaseke","Bukatira PS",17,18.51,604.05,"19-04-2025 09:59"
15725366,"BUKATIRA PS_021",,099008021,"Semuto , Nakaseke","Bukatira PS",16,22.91,622.56,"19-04-2025 09:58"
15725366,"BUKATIRA PS_021",,099008021,"Semuto , Nakaseke","Bukatira PS",15,0,645.47,"19-04-2025 09:57"
15725366,"BUKATIRA PS_021",,099008021,"Semuto , Nakaseke","Bukatira PS",15,40.42,645.47,"19-04-2025 09:56"
15725366,"BUKATIRA PS_021",,099008021,"Semuto , Nakaseke","Bukatira PS",14,0,685.89,"19-04-2025 09:54"
15725366,"BUKATIRA PS_021",,099008021,"Semuto , Nakaseke","Bukatira PS",14,22.45,685.89,"19-04-2025 09:54"
15725366,"BUKATIRA PS_021",,099008021,"Semuto , Nakaseke","Bukatira PS",13,1.41,708.34,"19-04-2025 09:54"
15725366,"BUKATIRA PS_021",,099008021,"Semuto , Nakaseke","Bukatira PS",11,2.57,711.02,"19-04-2025 09:52"
15725366,"BUKATIRA PS_021",,099008021,"Semuto , Nakaseke","Bukatira PS",9,0.11,714.42,"19-04-2025 09:52"
15725366,"BUKATIRA PS_021",,099008021,"Semuto , Nakaseke","Bukatira PS",9,10.28,714.42,"19-04-2025 09:51"
15725366,"BUKATIRA PS_021",,099008021,"Semuto , Nakaseke","Bukatira PS",8,0,724.71,"19-04-2025 09:51"
14116622,"BUKATIRA PS_018",,099008018,"Semuto , Nakaseke","Bukatira PS",106,32.67,790.55,"19-04-2025 09:51"
14116622,"BUKATIRA PS_018",,099008018,"Semuto , Nakaseke","Bukatira PS",105,0,823.22,"19-04-2025 09:49"
14116622,"BUKATIRA PS_018",,099008018,"Semuto , Nakaseke","Bukatira PS",105,6.78,823.22,"19-04-2025 09:48"
14116622,"BUKATIRA PS_018",,099008018,"Semuto , Nakaseke","Bukatira PS",104,0,830,"19-04-2025 09:48"
14116622,"BUKATIRA PS_018",,099008018,"Semuto , Nakaseke","Bukatira PS",104,11.15,830,"19-04-2025 09:47"
14116622,"BUKATIRA PS_018",,099008018,"Semuto , Nakaseke","Bukatira PS",103,23.75,841.15,"19-04-2025 09:46"
14116622,"BUKATIRA PS_018",,099008018,"Semuto , Nakaseke","Bukatira PS",102,0,864.9,"19-04-2025 09:45"
14116622,"BUKATIRA PS_018",,099008018,"Semuto , Nakaseke","Bukatira PS",102,35.01,864.9,"19-04-2025 09:44"
14116622,"BUKATIRA PS_018",,099008018,"Semuto , Nakaseke","Bukatira PS",101,0,899.91,"19-04-2025 09:40"
14116622,"BUKATIRA PS_018",,099008018,"Semuto , Nakaseke","Bukatira PS",101,4.14,899.91,"19-04-2025 09:39"
14116622,"BUKATIRA PS_018",,099008018,"Semuto , Nakaseke","Bukatira PS",100,6.43,904.05,"19-04-2025 09:38"
14116622,"BUKATIRA PS_018",,099008018,"Semuto , Nakaseke","Bukatira PS",99,0,910.48,"19-04-2025 09:38"
14116622,"BUKATIRA PS_018",,099008018,"Semuto , Nakaseke","Bukatira PS",99,7.1,910.48,"19-04-2025 09:37"
14116622,"BUKATIRA PS_018",,099008018,"Semuto , Nakaseke","Bukatira PS",98,0,917.58,"19-04-2025 09:37"
14116622,"BUKATIRA PS_018",,099008018,"Semuto , Nakaseke","Bukatira PS",98,0,917.58,"19-04-2025 09:37"
14116622,"BUKATIRA PS_018",,099008018,"Semuto , Nakaseke","Bukatira PS",97,0,919.53,"19-04-2025 09:35"
14116622,"BUKATIRA PS_018",,099008018,"Semuto , Nakaseke","Bukatira PS",97,12.82,919.53,"19-04-2025 09:35"
14116622,"BUKATIRA PS_018",,099008018,"Semuto , Nakaseke","Bukatira PS",96,0,932.36,"19-04-2025 09:33"
14116622,"BUKATIRA PS_018",,099008018,"Semuto , Nakaseke","Bukatira PS",95,0,934.8,"19-04-2025 09:33"
14116622,"BUKATIRA PS_018",,099008018,"Semuto , Nakaseke","Bukatira PS",95,2.09,934.8,"19-04-2025 09:32"
14116622,"BUKATIRA PS_018",,099008018,"Semuto , Nakaseke","Bukatira PS",94,7.51,936.88,"19-04-2025 09:32"
14116622,"BUKATIRA PS_018",,099008018,"Semuto , Nakaseke","Bukatira PS",93,0,944.39,"19-04-2025 09:31"
14116622,"BUKATIRA PS_018",,099008018,"Semuto , Nakaseke","Bukatira PS",93,13.2,944.39,"19-04-2025 09:30"
14116622,"BUKATIRA PS_018",,099008018,"Semuto , Nakaseke","Bukatira PS",92,0,957.6,"19-04-2025 09:29"
14116622,"BUKATIRA PS_018",,099008018,"Semuto , Nakaseke","Bukatira PS",92,7.5,957.6,"19-04-2025 09:28"
14116622,"BUKATIRA PS_018",,099008018,"Semuto , Nakaseke","Bukatira PS",91,0,965.1,"19-04-2025 09:27"
14116622,"BUKATIRA PS_018",,099008018,"Semuto , Nakaseke","Bukatira PS",91,3.69,965.1,"19-04-2025 09:26"
14116622,"BUKATIRA PS_018",,099008018,"Semuto , Nakaseke","Bukatira PS",90,0,968.79,"19-04-2025 09:26"
14116622,"BUKATIRA PS_018",,099008018,"Semuto , Nakaseke","Bukatira PS",90,6.95,968.79,"19-04-2025 09:26"
14116622,"BUKATIRA PS_018",,099008018,"Semuto , Nakaseke","Bukatira PS",89,0,975.73,"19-04-2025 09:25"
14116622,"BUKATIRA PS_018",,099008018,"Semuto , Nakaseke","Bukatira PS",89,6.32,975.73,"19-04-2025 09:22"
14116622,"BUKATIRA PS_018",,099008018,"Semuto , Nakaseke","Bukatira PS",88,17.94,982.06,"19-04-2025 09:22"
14116622,"BUKATIRA PS_018",,099008018,"Semuto , Nakaseke","Bukatira PS",87,0,1000,"19-04-2025 09:20"
14116622,"BUKATIRA PS_018",,099008018,"Semuto , Nakaseke","Bukatira PS",87,0,1000,"19-04-2025 09:17"
10010012,"BUKATIRA PS_198",,099008198,"Semuto , Nakaseke","Bukatira PS",63,0,400.52,"19-04-2025 08:25"
16420512,"BUKATIRA PS_188",,099008188,"Semuto , Nakaseke","Bukatira PS",49,40.14,473.65,"19-04-2025 08:23"
16420512,"BUKATIRA PS_188",,099008188,"Semuto , Nakaseke","Bukatira PS",48,0,513.8,"19-04-2025 08:19"
16420512,"BUKATIRA PS_188",,099008188,"Semuto , Nakaseke","Bukatira PS",48,13.14,513.8,"19-04-2025 08:19"
16420512,"BUKATIRA PS_188",,099008188,"Semuto , Nakaseke","Bukatira PS",47,5.9,526.94,"19-04-2025 08:18"
16420512,"BUKATIRA PS_188",,099008188,"Semuto , Nakaseke","Bukatira PS",46,0.98,532.84,"19-04-2025 08:17"
16420512,"BUKATIRA PS_188",,099008188,"Semuto , Nakaseke","Bukatira PS",45,1.24,533.82,"19-04-2025 08:17"
16420512,"BUKATIRA PS_188",,099008188,"Semuto , Nakaseke","Bukatira PS",44,1.15,535.06,"19-04-2025 08:17"
16420512,"BUKATIRA PS_188",,099008188,"Semuto , Nakaseke","Bukatira PS",43,0,536.22,"19-04-2025 08:16"
16420512,"BUKATIRA PS_188",,099008188,"Semuto , Nakaseke","Bukatira PS",43,9.74,536.22,"19-04-2025 08:16"
16420512,"BUKATIRA PS_188",,099008188,"Semuto , Nakaseke","Bukatira PS",42,0,545.96,"19-04-2025 08:15"
16420512,"BUKATIRA PS_188",,099008188,"Semuto , Nakaseke","Bukatira PS",42,0,545.96,"19-04-2025 08:15"
16420512,"BUKATIRA PS_188",,099008188,"Semuto , Nakaseke","Bukatira PS",42,1.92,545.96,"19-04-2025 08:15"
16420512,"BUKATIRA PS_188",,099008188,"Semuto , Nakaseke","Bukatira PS",41,2.13,547.88,"19-04-2025 08:14"
16420512,"BUKATIRA PS_188",,099008188,"Semuto , Nakaseke","Bukatira PS",40,1.09,550.01,"19-04-2025 08:14"
16420512,"BUKATIRA PS_188",,099008188,"Semuto , Nakaseke","Bukatira PS",39,2.3,551.11,"19-04-2025 08:14"
16420512,"BUKATIRA PS_188",,099008188,"Semuto , Nakaseke","Bukatira PS",38,0.79,553.4,"19-04-2025 08:13"
16420512,"BUKATIRA PS_188",,099008188,"Semuto , Nakaseke","Bukatira PS",37,0,554.2,"19-04-2025 08:13"
16420512,"BUKATIRA PS_188",,099008188,"Semuto , Nakaseke","Bukatira PS",37,0,554.2,"19-04-2025 08:13"
84913122,"BUKATIRA PS_171",,099008171,"Semuto , Nakaseke","Bukatira PS",15,3.91,543.44,"19-04-2025 08:03"
84913122,"BUKATIRA PS_171",,099008171,"Semuto , Nakaseke","Bukatira PS",14,0,547.34,"19-04-2025 08:03"
84913122,"BUKATIRA PS_171",,099008171,"Semuto , Nakaseke","Bukatira PS",14,3.29,547.34,"19-04-2025 07:54"
84913122,"BUKATIRA PS_171",,099008171,"Semuto , Nakaseke","Bukatira PS",13,0,550.63,"19-04-2025 07:54"
84913122,"BUKATIRA PS_171",,099008171,"Semuto , Nakaseke","Bukatira PS",13,85.62,550.63,"19-04-2025 07:53"
84913122,"BUKATIRA PS_171",,099008171,"Semuto , Nakaseke","Bukatira PS",12,0,636.25,"19-04-2025 07:46"
15725366,"BUKATIRA PS_021",,099008021,"Semuto , Nakaseke","Bukatira PS",8,40.62,724.71,"19-04-2025 07:34"
14118011,"BUKATIRA PS_062",,099008062,"Semuto , Nakaseke","Bukatira PS",8,38.73,779.27,"19-04-2025 07:31"
14118011,"BUKATIRA PS_062",,099008062,"Semuto , Nakaseke","Bukatira PS",7,0,818,"19-04-2025 07:25"
84221162,"BUKATIRA PS_151",,099008151,"Semuto , Nakaseke","Bukatira PS",81,19.98,4130.02,"19-04-2025 07:24"
84221162,"BUKATIRA PS_151",,099008151,"Semuto , Nakaseke","Bukatira PS",80,0,4150,"19-04-2025 07:23"
84221162,"BUKATIRA PS_151",,099008151,"Semuto , Nakaseke","Bukatira PS",80,0,4150,"19-04-2025 07:23"
18017123,"BUKATIRA PS_160",,099008160,"Semuto , Nakaseke","Bukatira PS",85,0.1,159.6,"19-04-2025 07:17"
18017123,"BUKATIRA PS_160",,099008160,"Semuto , Nakaseke","Bukatira PS",86,1.22,158.37,"19-04-2025 07:17"
18017123,"BUKATIRA PS_160",,099008160,"Semuto , Nakaseke","Bukatira PS",85,0,159.6,"19-04-2025 07:17"
18017123,"BUKATIRA PS_160",,099008160,"Semuto , Nakaseke","Bukatira PS",85,0.72,159.6,"19-04-2025 07:17"
18017123,"BUKATIRA PS_160",,099008160,"Semuto , Nakaseke","Bukatira PS",84,0,160.32,"19-04-2025 07:16"
18017123,"BUKATIRA PS_160",,099008160,"Semuto , Nakaseke","Bukatira PS",84,21.07,160.32,"19-04-2025 07:14"
18017123,"BUKATIRA PS_160",,099008160,"Semuto , Nakaseke","Bukatira PS",83,0,181.38,"19-04-2025 07:12"
18017123,"BUKATIRA PS_160",,099008160,"Semuto , Nakaseke","Bukatira PS",83,36.91,181.38,"19-04-2025 07:11"
18017123,"BUKATIRA PS_160",,099008160,"Semuto , Nakaseke","Bukatira PS",82,0,218.29,"19-04-2025 07:09"
18017123,"BUKATIRA PS_160",,099008160,"Semuto , Nakaseke","Bukatira PS",82,39.97,218.29,"19-04-2025 07:08"
18017123,"BUKATIRA PS_160",,099008160,"Semuto , Nakaseke","Bukatira PS",81,0,258.26,"19-04-2025 07:05"
18017123,"BUKATIRA PS_160",,099008160,"Semuto , Nakaseke","Bukatira PS",81,32.96,258.26,"19-04-2025 07:05"
18017123,"BUKATIRA PS_160",,099008160,"Semuto , Nakaseke","Bukatira PS",80,2.71,291.23,"19-04-2025 07:01"
18017123,"BUKATIRA PS_160",,099008160,"Semuto , Nakaseke","Bukatira PS",79,0.75,293.93,"19-04-2025 07:01"
18017123,"BUKATIRA PS_160",,099008160,"Semuto , Nakaseke","Bukatira PS",78,0,294.68,"19-04-2025 07:01"
18017123,"BUKATIRA PS_160",,099008160,"Semuto , Nakaseke","Bukatira PS",78,39.19,294.68,"19-04-2025 07:00"
18017123,"BUKATIRA PS_160",,099008160,"Semuto , Nakaseke","Bukatira PS",77,0,333.87,"19-04-2025 06:57"
18017123,"BUKATIRA PS_160",,099008160,"Semuto , Nakaseke","Bukatira PS",77,0,333.87,"19-04-2025 06:57"
16475126,"BUKATIRA PS_178",,099008178,"Semuto , Nakaseke","Bukatira PS",75,12.69,145.31,"19-04-2025 06:52"
16475126,"BUKATIRA PS_178",,099008178,"Semuto , Nakaseke","Bukatira PS",74,0,158,"19-04-2025 06:50"
16475126,"BUKATIRA PS_178",,099008178,"Semuto , Nakaseke","Bukatira PS",74,19.41,158,"19-04-2025 06:49"
16475126,"BUKATIRA PS_178",,099008178,"Semuto , Nakaseke","Bukatira PS",73,0,177.41,"19-04-2025 06:46"
16475126,"BUKATIRA PS_178",,099008178,"Semuto , Nakaseke","Bukatira PS",73,0,177.41,"19-04-2025 06:43"
16475126,"BUKATIRA PS_178",,099008178,"Semuto , Nakaseke","Bukatira PS",73,0,177.41,"19-04-2025 06:42"
16475126,"BUKATIRA PS_178",,099008178,"Semuto , Nakaseke","Bukatira PS",73,0,177.41,"19-04-2025 06:42"
41161292,"BUKATIRA PS_168",,099008168,"Semuto , Nakaseke","Bukatira PS",17,150.7,310.7,"19-04-2025 06:31"
41161292,"BUKATIRA PS_168",,099008168,"Semuto , Nakaseke","Bukatira PS",16,0,461.4,"19-04-2025 06:20"
14114519,"BUKATIRA PS_015",,099008015,"Semuto , Nakaseke","Bukatira PS",39,39.74,2294.56,"19-04-2025 06:13"
14114519,"BUKATIRA PS_015",,099008015,"Semuto , Nakaseke","Bukatira PS",38,0,2334.3,"19-04-2025 06:10"
14114519,"BUKATIRA PS_015",,099008015,"Semuto , Nakaseke","Bukatira PS",38,37.42,2334.3,"19-04-2025 06:10"
14114519,"BUKATIRA PS_015",,099008015,"Semuto , Nakaseke","Bukatira PS",37,0,2371.72,"19-04-2025 06:07"
14116622,"BUKATIRA PS_018",,099008018,"Semuto , Nakaseke","Bukatira PS",87,0,1000,"19-04-2025 06:05"
15725223,"BUKATIRA PS_006",,099008006,"Semuto , Nakaseke","Bukatira PS",77,0.48,16.54,"19-04-2025 06:05"
15725223,"BUKATIRA PS_006",,099008006,"Semuto , Nakaseke","Bukatira PS",77,1.78,16.54,"19-04-2025 06:04"
15725223,"BUKATIRA PS_006",,099008006,"Semuto , Nakaseke","Bukatira PS",76,36.98,18.33,"19-04-2025 06:04"
15725223,"BUKATIRA PS_006",,099008006,"Semuto , Nakaseke","Bukatira PS",75,0,55.31,"19-04-2025 06:01"
15725223,"BUKATIRA PS_006",,099008006,"Semuto , Nakaseke","Bukatira PS",75,10.09,55.31,"19-04-2025 05:59"
15725223,"BUKATIRA PS_006",,099008006,"Semuto , Nakaseke","Bukatira PS",74,0,65.39,"19-04-2025 05:59"
15725223,"BUKATIRA PS_006",,099008006,"Semuto , Nakaseke","Bukatira PS",74,8.5,65.39,"19-04-2025 05:59"
15725223,"BUKATIRA PS_006",,099008006,"Semuto , Nakaseke","Bukatira PS",73,0,73.89,"19-04-2025 05:58"
15725223,"BUKATIRA PS_006",,099008006,"Semuto , Nakaseke","Bukatira PS",73,34.59,73.89,"19-04-2025 05:58"
15725223,"BUKATIRA PS_006",,099008006,"Semuto , Nakaseke","Bukatira PS",72,0,108.48,"19-04-2025 05:55"
20966422,"BUKATIRA PS_162",,099008162,"Semuto , Nakaseke","Bukatira PS",11,121.83,29.88,"19-04-2025 05:54"
20966422,"BUKATIRA PS_162",,099008162,"Semuto , Nakaseke","Bukatira PS",10,0,151.71,"19-04-2025 05:47"
14819411,"BUKATIRA PS_155",,099008155,"Semuto , Nakaseke","Bukatira PS",23,28.57,619.92,"19-04-2025 05:46"
14819411,"BUKATIRA PS_155",,099008155,"Semuto , Nakaseke","Bukatira PS",22,0,648.49,"19-04-2025 05:45"
15725223,"BUKATIRA PS_006",,099008006,"Semuto , Nakaseke","Bukatira PS",72,38.54,108.48,"19-04-2025 05:44"
15725223,"BUKATIRA PS_006",,099008006,"Semuto , Nakaseke","Bukatira PS",71,0,147.02,"19-04-2025 05:41"
15725223,"BUKATIRA PS_006",,099008006,"Semuto , Nakaseke","Bukatira PS",71,28.72,147.02,"19-04-2025 05:41"
15725223,"BUKATIRA PS_006",,099008006,"Semuto , Nakaseke","Bukatira PS",70,47.66,175.74,"19-04-2025 05:39"
15725223,"BUKATIRA PS_006",,099008006,"Semuto , Nakaseke","Bukatira PS",69,0,223.4,"19-04-2025 05:35"
15725223,"BUKATIRA PS_006",,099008006,"Semuto , Nakaseke","Bukatira PS",69,36.44,223.4,"19-04-2025 05:35"
15725223,"BUKATIRA PS_006",,099008006,"Semuto , Nakaseke","Bukatira PS",68,0,259.83,"19-04-2025 05:33"
15725223,"BUKATIRA PS_006",,099008006,"Semuto , Nakaseke","Bukatira PS",68,36.27,259.83,"19-04-2025 05:32"
15725223,"BUKATIRA PS_006",,099008006,"Semuto , Nakaseke","Bukatira PS",67,0,296.1,"19-04-2025 05:29"
15725223,"BUKATIRA PS_006",,099008006,"Semuto , Nakaseke","Bukatira PS",67,36.85,296.1,"19-04-2025 05:28"
15725223,"BUKATIRA PS_006",,099008006,"Semuto , Nakaseke","Bukatira PS",66,0,332.95,"19-04-2025 05:26"
15725223,"BUKATIRA PS_006",,099008006,"Semuto , Nakaseke","Bukatira PS",66,35.9,332.95,"19-04-2025 05:26"
15725223,"BUKATIRA PS_006",,099008006,"Semuto , Nakaseke","Bukatira PS",65,0,368.85,"19-04-2025 05:22"
36788322,"BUKATIRA PS_169",,099008169,"Semuto , Nakaseke","Bukatira PS",13,8.55,1057.58,"19-04-2025 05:22"
36788322,"BUKATIRA PS_169",,099008169,"Semuto , Nakaseke","Bukatira PS",12,0,1066.13,"19-04-2025 05:21"
36788322,"BUKATIRA PS_169",,099008169,"Semuto , Nakaseke","Bukatira PS",12,38.19,1066.13,"19-04-2025 05:21"
36788322,"BUKATIRA PS_169",,099008169,"Semuto , Nakaseke","Bukatira PS",11,0,1104.31,"19-04-2025 05:19"
36788322,"BUKATIRA PS_169",,099008169,"Semuto , Nakaseke","Bukatira PS",11,38.44,1104.31,"19-04-2025 05:18"
36788322,"BUKATIRA PS_169",,099008169,"Semuto , Nakaseke","Bukatira PS",10,0,1142.75,"19-04-2025 05:17"
36788322,"BUKATIRA PS_169",,099008169,"Semuto , Nakaseke","Bukatira PS",10,39.65,1142.75,"19-04-2025 05:15"
36788322,"BUKATIRA PS_169",,099008169,"Semuto , Nakaseke","Bukatira PS",9,0,1182.4,"19-04-2025 05:12"
13216411,"BUKATIRA PS_185",,099008185,"Semuto , Nakaseke","Bukatira PS",26,35.97,790.09,"19-04-2025 05:12"
13216411,"BUKATIRA PS_185",,099008185,"Semuto , Nakaseke","Bukatira PS",25,84.94,826.05,"19-04-2025 05:10"
13216411,"BUKATIRA PS_185",,099008185,"Semuto , Nakaseke","Bukatira PS",24,0,910.99,"19-04-2025 05:04"
13210132,"BUKATIRA PS_187",,099008187,"Semuto , Nakaseke","Bukatira PS",13,88.92,41.92,"19-04-2025 05:04"
13210132,"BUKATIRA PS_187",,099008187,"Semuto , Nakaseke","Bukatira PS",12,34.65,130.84,"19-04-2025 04:58"
41161292,"BUKATIRA PS_168",,099008168,"Semuto , Nakaseke","Bukatira PS",16,193.76,461.4,"19-04-2025 04:56"
10010012,"BUKATIRA PS_198",,099008198,"Semuto , Nakaseke","Bukatira PS",63,192.1,400.52,"19-04-2025 04:44"
10010012,"BUKATIRA PS_198",,099008198,"Semuto , Nakaseke","Bukatira PS",62,0,592.62,"19-04-2025 04:33"
10010012,"BUKATIRA PS_198",,099008198,"Semuto , Nakaseke","Bukatira PS",62,0,592.62,"19-04-2025 04:32"
15710323,"BUKATIRA PS_011",,099008011,"Semuto , Nakaseke","Bukatira PS",9,27.25,766.39,"19-04-2025 04:31"
15710323,"BUKATIRA PS_011",,099008011,"Semuto , Nakaseke","Bukatira PS",8,22.43,793.64,"19-04-2025 04:29"
15710323,"BUKATIRA PS_011",,099008011,"Semuto , Nakaseke","Bukatira PS",7,8.94,816.07,"19-04-2025 04:26"
15710323,"BUKATIRA PS_011",,099008011,"Semuto , Nakaseke","Bukatira PS",6,3.11,825.02,"19-04-2025 04:25"
15710323,"BUKATIRA PS_011",,099008011,"Semuto , Nakaseke","Bukatira PS",4,0.28,829.04,"19-04-2025 04:25"
15710323,"BUKATIRA PS_011",,099008011,"Semuto , Nakaseke","Bukatira PS",4,0,829.04,"19-04-2025 04:25"
15710323,"BUKATIRA PS_011",,099008011,"Semuto , Nakaseke","Bukatira PS",4,0,829.04,"19-04-2025 04:24"
15725223,"BUKATIRA PS_006",,099008006,"Semuto , Nakaseke","Bukatira PS",65,7.58,368.85,"19-04-2025 04:24"
15725223,"BUKATIRA PS_006",,099008006,"Semuto , Nakaseke","Bukatira PS",64,3.13,376.43,"19-04-2025 04:23"
15725223,"BUKATIRA PS_006",,099008006,"Semuto , Nakaseke","Bukatira PS",63,10.78,379.56,"19-04-2025 04:23"
15725223,"BUKATIRA PS_006",,099008006,"Semuto , Nakaseke","Bukatira PS",62,0.09,390.35,"19-04-2025 04:22"
15725223,"BUKATIRA PS_006",,099008006,"Semuto , Nakaseke","Bukatira PS",62,0,390.35,"19-04-2025 04:21"
15710323,"BUKATIRA PS_011",,099008011,"Semuto , Nakaseke","Bukatira PS",4,0,829.04,"19-04-2025 04:21"
15725223,"BUKATIRA PS_006",,099008006,"Semuto , Nakaseke","Bukatira PS",62,8.3,390.35,"19-04-2025 04:21"
15725223,"BUKATIRA PS_006",,099008006,"Semuto , Nakaseke","Bukatira PS",61,7.16,398.65,"19-04-2025 04:20"
15725223,"BUKATIRA PS_006",,099008006,"Semuto , Nakaseke","Bukatira PS",60,0,405.81,"19-04-2025 04:20"
15710323,"BUKATIRA PS_011",,099008011,"Semuto , Nakaseke","Bukatira PS",4,0,829.04,"19-04-2025 04:19"
15725223,"BUKATIRA PS_006",,099008006,"Semuto , Nakaseke","Bukatira PS",60,23.33,405.81,"19-04-2025 04:18"
15725223,"BUKATIRA PS_006",,099008006,"Semuto , Nakaseke","Bukatira PS",59,0,429.14,"19-04-2025 04:17"
15725223,"BUKATIRA PS_006",,099008006,"Semuto , Nakaseke","Bukatira PS",59,11.58,429.14,"19-04-2025 04:16"
15725223,"BUKATIRA PS_006",,099008006,"Semuto , Nakaseke","Bukatira PS",58,0,440.72,"19-04-2025 04:15"
10025513,"BUKATIRA PS_154",,099008154,"Semuto , Nakaseke","Bukatira PS",3,36.57,886,"19-04-2025 04:13"
15725223,"BUKATIRA PS_006",,099008006,"Semuto , Nakaseke","Bukatira PS",58,35.95,440.72,"19-04-2025 04:11"
15725223,"BUKATIRA PS_006",,099008006,"Semuto , Nakaseke","Bukatira PS",57,0,476.67,"19-04-2025 04:09"
15725223,"BUKATIRA PS_006",,099008006,"Semuto , Nakaseke","Bukatira PS",57,32.37,476.67,"19-04-2025 04:07"
15725223,"BUKATIRA PS_006",,099008006,"Semuto , Nakaseke","Bukatira PS",56,1.44,509.04,"19-04-2025 04:03"
15725223,"BUKATIRA PS_006",,099008006,"Semuto , Nakaseke","Bukatira PS",55,0,510.48,"19-04-2025 04:02"
10010012,"BUKATIRA PS_198",,099008198,"Semuto , Nakaseke","Bukatira PS",62,76.69,592.62,"19-04-2025 03:58"
10010012,"BUKATIRA PS_198",,099008198,"Semuto , Nakaseke","Bukatira PS",61,0,669.31,"19-04-2025 03:52"
10010012,"BUKATIRA PS_198",,099008198,"Semuto , Nakaseke","Bukatira PS",61,18.03,669.31,"19-04-2025 00:42"
10010012,"BUKATIRA PS_198",,099008198,"Semuto , Nakaseke","Bukatira PS",60,0,687.34,"19-04-2025 00:41"
10010012,"BUKATIRA PS_198",,099008198,"Semuto , Nakaseke","Bukatira PS",60,0,687.34,"19-04-2025 00:40"
14114519,"BUKATIRA PS_015",,099008015,"Semuto , Nakaseke","Bukatira PS",37,28.28,2371.72,"18-04-2025 18:04"
14114519,"BUKATIRA PS_015",,099008015,"Semuto , Nakaseke","Bukatira PS",36,0,0,"18-04-2025 18:03"
14114519,"BUKATIRA PS_015",,099008015,"Semuto , Nakaseke","Bukatira PS",36,0,0,"18-04-2025 18:02"
14114519,"BUKATIRA PS_015",,099008015,"Semuto , Nakaseke","Bukatira PS",36,0,0,"18-04-2025 18:02"
14114519,"BUKATIRA PS_015",,099008015,"Semuto , Nakaseke","Bukatira PS",36,0,2400,"18-04-2025 18:02"
14114519,"BUKATIRA PS_015",,099008015,"Semuto , Nakaseke","Bukatira PS",36,0,0,"18-04-2025 18:02"
14114519,"BUKATIRA PS_015",,099008015,"Semuto , Nakaseke","Bukatira PS",36,0,0,"18-04-2025 18:01"
14114519,"BUKATIRA PS_015",,099008015,"Semuto , Nakaseke","Bukatira PS",36,0,0,"18-04-2025 18:01"
19514515,"BUKATIRA PS_089",,099008089,"Semuto , Nakaseke","Bukatira PS",37,58.12,0.7,"18-04-2025 17:55"
19514515,"BUKATIRA PS_089",,099008089,"Semuto , Nakaseke","Bukatira PS",36,0,58.82,"18-04-2025 17:50"
19514515,"BUKATIRA PS_089",,099008089,"Semuto , Nakaseke","Bukatira PS",36,0,58.82,"18-04-2025 17:49"
15778503,"BUKATIRA PS_031",,099008031,"Semuto , Nakaseke","Bukatira PS",11,0.04,4171.2,"18-04-2025 17:14"
15778503,"BUKATIRA PS_031",,099008031,"Semuto , Nakaseke","Bukatira PS",11,1.78,4171.2,"18-04-2025 17:13"
15778503,"BUKATIRA PS_031",,099008031,"Semuto , Nakaseke","Bukatira PS",10,61.73,4172.98,"18-04-2025 17:13"
15778503,"BUKATIRA PS_031",,099008031,"Semuto , Nakaseke","Bukatira PS",9,0,4234.71,"18-04-2025 17:09"
14123722,"BUKATIRA PS_008",,099008008,"Semuto , Nakaseke","Bukatira PS",41,28.86,553.69,"18-04-2025 16:49"
14123722,"BUKATIRA PS_008",,099008008,"Semuto , Nakaseke","Bukatira PS",40,0,582.56,"18-04-2025 16:45"
14123722,"BUKATIRA PS_008",,099008008,"Semuto , Nakaseke","Bukatira PS",40,0,582.56,"18-04-2025 16:45"
14124618,"BUKATIRA PS_017",,099008017,"Semuto , Nakaseke","Bukatira PS",10,37.97,671.06,"18-04-2025 16:24"
14124618,"BUKATIRA PS_017",,099008017,"Semuto , Nakaseke","Bukatira PS",9,0,709.03,"18-04-2025 16:21"
14124618,"BUKATIRA PS_017",,099008017,"Semuto , Nakaseke","Bukatira PS",9,0,709.03,"18-04-2025 16:21"
16475126,"BUKATIRA PS_178",,099008178,"Semuto , Nakaseke","Bukatira PS",73,0.39,177.41,"18-04-2025 16:09"
16475126,"BUKATIRA PS_178",,099008178,"Semuto , Nakaseke","Bukatira PS",73,0,177.41,"18-04-2025 16:08"
16475126,"BUKATIRA PS_178",,099008178,"Semuto , Nakaseke","Bukatira PS",73,1.38,177.41,"18-04-2025 16:08"
16475126,"BUKATIRA PS_178",,099008178,"Semuto , Nakaseke","Bukatira PS",72,0,178.79,"18-04-2025 16:07"
67236128,"BUKATIRA PS_084",,099008084,"Semuto , Nakaseke","Bukatira PS",13,39.39,728.86,"18-04-2025 16:04"
67236128,"BUKATIRA PS_084",,099008084,"Semuto , Nakaseke","Bukatira PS",12,0,768.25,"18-04-2025 15:59"
67236128,"BUKATIRA PS_084",,099008084,"Semuto , Nakaseke","Bukatira PS",12,2.33,768.25,"18-04-2025 15:58"
67236128,"BUKATIRA PS_084",,099008084,"Semuto , Nakaseke","Bukatira PS",11,0,770.58,"18-04-2025 15:57"
84221162,"BUKATIRA PS_151",,099008151,"Semuto , Nakaseke","Bukatira PS",80,0,4150,"18-04-2025 15:57"
84221162,"BUKATIRA PS_151",,099008151,"Semuto , Nakaseke","Bukatira PS",80,0.47,4150,"18-04-2025 15:56"
84221162,"BUKATIRA PS_151",,099008151,"Semuto , Nakaseke","Bukatira PS",80,0.88,4150,"18-04-2025 15:56"
84221162,"BUKATIRA PS_151",,099008151,"Semuto , Nakaseke","Bukatira PS",78,3.87,4151.54,"18-04-2025 15:56"
84221162,"BUKATIRA PS_151",,099008151,"Semuto , Nakaseke","Bukatira PS",77,0,4155.41,"18-04-2025 15:55"
84221162,"BUKATIRA PS_151",,099008151,"Semuto , Nakaseke","Bukatira PS",77,5.86,4155.41,"18-04-2025 15:55"
84221162,"BUKATIRA PS_151",,099008151,"Semuto , Nakaseke","Bukatira PS",76,0,4161.27,"18-04-2025 15:54"
84221162,"BUKATIRA PS_151",,099008151,"Semuto , Nakaseke","Bukatira PS",75,0,4161.84,"18-04-2025 15:54"
84221162,"BUKATIRA PS_151",,099008151,"Semuto , Nakaseke","Bukatira PS",75,11.96,4161.84,"18-04-2025 15:53"
84221162,"BUKATIRA PS_151",,099008151,"Semuto , Nakaseke","Bukatira PS",74,8.64,4173.8,"18-04-2025 15:52"
84221162,"BUKATIRA PS_151",,099008151,"Semuto , Nakaseke","Bukatira PS",73,0,4182.44,"18-04-2025 15:51"
84221162,"BUKATIRA PS_151",,099008151,"Semuto , Nakaseke","Bukatira PS",73,0,4182.44,"18-04-2025 15:51"
19626117,"BUKATIRA PS_184",,099008184,"Semuto , Nakaseke","Bukatira PS",3,45.18,779.28,"18-04-2025 15:50"
84221162,"BUKATIRA PS_151",,099008151,"Semuto , Nakaseke","Bukatira PS",73,20.03,4182.44,"18-04-2025 15:47"
84221162,"BUKATIRA PS_151",,099008151,"Semuto , Nakaseke","Bukatira PS",72,0,4202.46,"18-04-2025 15:46"
84221162,"BUKATIRA PS_151",,099008151,"Semuto , Nakaseke","Bukatira PS",72,0,4202.46,"18-04-2025 15:45"
84221162,"BUKATIRA PS_151",,099008151,"Semuto , Nakaseke","Bukatira PS",72,9.79,4202.46,"18-04-2025 15:45"
84221162,"BUKATIRA PS_151",,099008151,"Semuto , Nakaseke","Bukatira PS",71,2.04,4212.25,"18-04-2025 15:45"
84221162,"BUKATIRA PS_151",,099008151,"Semuto , Nakaseke","Bukatira PS",70,3.7,4214.29,"18-04-2025 15:44"
84221162,"BUKATIRA PS_151",,099008151,"Semuto , Nakaseke","Bukatira PS",69,5.6,4217.99,"18-04-2025 15:43"
84221162,"BUKATIRA PS_151",,099008151,"Semuto , Nakaseke","Bukatira PS",68,0,4223.59,"18-04-2025 15:43"
84221162,"BUKATIRA PS_151",,099008151,"Semuto , Nakaseke","Bukatira PS",68,20.12,4223.59,"18-04-2025 15:39"
84221162,"BUKATIRA PS_151",,099008151,"Semuto , Nakaseke","Bukatira PS",67,0,4243.71,"18-04-2025 15:37"
16420512,"BUKATIRA PS_188",,099008188,"Semuto , Nakaseke","Bukatira PS",37,20.61,554.2,"18-04-2025 15:36"
16420512,"BUKATIRA PS_188",,099008188,"Semuto , Nakaseke","Bukatira PS",36,0,574.81,"18-04-2025 15:34"
14114519,"BUKATIRA PS_015",,099008015,"Semuto , Nakaseke","Bukatira PS",36,0,0,"18-04-2025 15:34"
14114519,"BUKATIRA PS_015",,099008015,"Semuto , Nakaseke","Bukatira PS",36,0,0,"18-04-2025 15:34"
14114519,"BUKATIRA PS_015",,099008015,"Semuto , Nakaseke","Bukatira PS",36,0,0,"18-04-2025 15:33"
14114519,"BUKATIRA PS_015",,099008015,"Semuto , Nakaseke","Bukatira PS",36,0,0,"18-04-2025 15:33"
14114519,"BUKATIRA PS_015",,099008015,"Semuto , Nakaseke","Bukatira PS",36,0,0,"18-04-2025 15:33"
14114519,"BUKATIRA PS_015",,099008015,"Semuto , Nakaseke","Bukatira PS",36,0,0,"18-04-2025 15:32"
14114519,"BUKATIRA PS_015",,099008015,"Semuto , Nakaseke","Bukatira PS",36,0,0,"18-04-2025 15:32"
14114519,"BUKATIRA PS_015",,099008015,"Semuto , Nakaseke","Bukatira PS",36,0,0,"18-04-2025 15:32"
14114519,"BUKATIRA PS_015",,099008015,"Semuto , Nakaseke","Bukatira PS",36,0,0,"18-04-2025 15:31"
14114519,"BUKATIRA PS_015",,099008015,"Semuto , Nakaseke","Bukatira PS",36,0,0,"18-04-2025 15:31"
14114519,"BUKATIRA PS_015",,099008015,"Semuto , Nakaseke","Bukatira PS",36,0,0,"18-04-2025 15:31"
14114519,"BUKATIRA PS_015",,099008015,"Semuto , Nakaseke","Bukatira PS",36,0,0,"18-04-2025 15:30"
14114519,"BUKATIRA PS_015",,099008015,"Semuto , Nakaseke","Bukatira PS",36,0,0,"18-04-2025 15:30"
14114519,"BUKATIRA PS_015",,099008015,"Semuto , Nakaseke","Bukatira PS",36,0,0,"18-04-2025 15:30"
14114519,"BUKATIRA PS_015",,099008015,"Semuto , Nakaseke","Bukatira PS",36,0,0,"18-04-2025 15:29"
14114519,"BUKATIRA PS_015",,099008015,"Semuto , Nakaseke","Bukatira PS",36,0,0,"18-04-2025 15:29"
14114519,"BUKATIRA PS_015",,099008015,"Semuto , Nakaseke","Bukatira PS",36,0,0,"18-04-2025 15:29"
14114519,"BUKATIRA PS_015",,099008015,"Semuto , Nakaseke","Bukatira PS",36,0,0,"18-04-2025 15:29"
14114519,"BUKATIRA PS_015",,099008015,"Semuto , Nakaseke","Bukatira PS",36,0,0,"18-04-2025 15:29"
14114519,"BUKATIRA PS_015",,099008015,"Semuto , Nakaseke","Bukatira PS",36,0,0,"18-04-2025 15:28"
14114519,"BUKATIRA PS_015",,099008015,"Semuto , Nakaseke","Bukatira PS",36,0,0,"18-04-2025 15:28"
14114519,"BUKATIRA PS_015",,099008015,"Semuto , Nakaseke","Bukatira PS",36,0,0,"18-04-2025 15:28"
14114519,"BUKATIRA PS_015",,099008015,"Semuto , Nakaseke","Bukatira PS",36,29.19,0.11,"18-04-2025 15:27"
14114519,"BUKATIRA PS_015",,099008015,"Semuto , Nakaseke","Bukatira PS",35,0,29.3,"18-04-2025 15:25"
16420512,"BUKATIRA PS_188",,099008188,"Semuto , Nakaseke","Bukatira PS",36,37.9,574.81,"18-04-2025 15:24"
16420512,"BUKATIRA PS_188",,099008188,"Semuto , Nakaseke","Bukatira PS",35,0,612.7,"18-04-2025 15:21"
16420512,"BUKATIRA PS_188",,099008188,"Semuto , Nakaseke","Bukatira PS",35,0,612.7,"18-04-2025 15:21"
16411412,"BUKATIRA PS_180",,099008180,"Semuto , Nakaseke","Bukatira PS",26,9.9,232.01,"18-04-2025 15:17"
16411412,"BUKATIRA PS_180",,099008180,"Semuto , Nakaseke","Bukatira PS",25,0,241.9,"18-04-2025 15:15"
84216121,"BUKATIRA PS_158",,099008158,"Semuto , Nakaseke","Bukatira PS",27,39.21,133.48,"18-04-2025 15:15"
84216121,"BUKATIRA PS_158",,099008158,"Semuto , Nakaseke","Bukatira PS",26,0,172.7,"18-04-2025 15:12"
10010012,"BUKATIRA PS_198",,099008198,"Semuto , Nakaseke","Bukatira PS",60,39.73,687.34,"18-04-2025 15:11"
10010012,"BUKATIRA PS_198",,099008198,"Semuto , Nakaseke","Bukatira PS",59,0,727.07,"18-04-2025 15:08"
84221162,"BUKATIRA PS_151",,099008151,"Semuto , Nakaseke","Bukatira PS",67,1.67,4243.71,"18-04-2025 15:07"
84221162,"BUKATIRA PS_151",,099008151,"Semuto , Nakaseke","Bukatira PS",66,20.85,4245.38,"18-04-2025 15:07"
84221162,"BUKATIRA PS_151",,099008151,"Semuto , Nakaseke","Bukatira PS",65,0,4266.23,"18-04-2025 15:05"
21218111,"BUKATIRA PS_181",,099008181,"Semuto , Nakaseke","Bukatira PS",83,0,0,"18-04-2025 15:05"
36149122,"BUKATIRA PS_166",,099008166,"Semuto , Nakaseke","Bukatira PS",34,20.59,287.35,"18-04-2025 15:04"
36149122,"BUKATIRA PS_166",,099008166,"Semuto , Nakaseke","Bukatira PS",33,0,307.94,"18-04-2025 15:03"
36149122,"BUKATIRA PS_166",,099008166,"Semuto , Nakaseke","Bukatira PS",33,0.34,307.94,"18-04-2025 15:02"
36149122,"BUKATIRA PS_166",,099008166,"Semuto , Nakaseke","Bukatira PS",33,17.55,307.94,"18-04-2025 15:02"
36149122,"BUKATIRA PS_166",,099008166,"Semuto , Nakaseke","Bukatira PS",32,0,325.49,"18-04-2025 15:01"
36149122,"BUKATIRA PS_166",,099008166,"Semuto , Nakaseke","Bukatira PS",32,10.63,325.49,"18-04-2025 15:00"
36149122,"BUKATIRA PS_166",,099008166,"Semuto , Nakaseke","Bukatira PS",31,0,336.12,"18-04-2025 14:59"
15725223,"BUKATIRA PS_006",,099008006,"Semuto , Nakaseke","Bukatira PS",55,37.44,510.48,"18-04-2025 14:59"
15725223,"BUKATIRA PS_006",,099008006,"Semuto , Nakaseke","Bukatira PS",54,0,547.92,"18-04-2025 14:55"
15725223,"BUKATIRA PS_006",,099008006,"Semuto , Nakaseke","Bukatira PS",54,36.97,547.92,"18-04-2025 14:55"
15725223,"BUKATIRA PS_006",,099008006,"Semuto , Nakaseke","Bukatira PS",53,0,584.89,"18-04-2025 14:52"
15725223,"BUKATIRA PS_006",,099008006,"Semuto , Nakaseke","Bukatira PS",53,36.01,584.89,"18-04-2025 14:52"
15725223,"BUKATIRA PS_006",,099008006,"Semuto , Nakaseke","Bukatira PS",52,0,620.89,"18-04-2025 14:49"
15725223,"BUKATIRA PS_006",,099008006,"Semuto , Nakaseke","Bukatira PS",52,44.87,620.89,"18-04-2025 14:48"
15725223,"BUKATIRA PS_006",,099008006,"Semuto , Nakaseke","Bukatira PS",51,0,665.76,"18-04-2025 14:43"
14114519,"BUKATIRA PS_015",,099008015,"Semuto , Nakaseke","Bukatira PS",35,42.42,29.3,"18-04-2025 14:41"
14114519,"BUKATIRA PS_015",,099008015,"Semuto , Nakaseke","Bukatira PS",34,32.89,71.72,"18-04-2025 14:39"
14114519,"BUKATIRA PS_015",,099008015,"Semuto , Nakaseke","Bukatira PS",33,0,104.61,"18-04-2025 14:36"
16475126,"BUKATIRA PS_178",,099008178,"Semuto , Nakaseke","Bukatira PS",72,19.7,178.79,"18-04-2025 14:36"
16475126,"BUKATIRA PS_178",,099008178,"Semuto , Nakaseke","Bukatira PS",71,0,198.49,"18-04-2025 14:30"
16475126,"BUKATIRA PS_178",,099008178,"Semuto , Nakaseke","Bukatira PS",71,0.54,198.49,"18-04-2025 14:30"
16475126,"BUKATIRA PS_178",,099008178,"Semuto , Nakaseke","Bukatira PS",70,0.06,199.03,"18-04-2025 14:29"
16475126,"BUKATIRA PS_178",,099008178,"Semuto , Nakaseke","Bukatira PS",70,0.65,199.03,"18-04-2025 14:29"
16475126,"BUKATIRA PS_178",,099008178,"Semuto , Nakaseke","Bukatira PS",69,0,199.68,"18-04-2025 14:29"
16475126,"BUKATIRA PS_178",,099008178,"Semuto , Nakaseke","Bukatira PS",69,0.28,199.68,"18-04-2025 14:28"
14114519,"BUKATIRA PS_015",,099008015,"Semuto , Nakaseke","Bukatira PS",33,38.81,104.61,"18-04-2025 14:28"
16475126,"BUKATIRA PS_178",,099008178,"Semuto , Nakaseke","Bukatira PS",69,0,199.68,"18-04-2025 14:25"
16475126,"BUKATIRA PS_178",,099008178,"Semuto , Nakaseke","Bukatira PS",68,0,200.76,"18-04-2025 14:25"
16475126,"BUKATIRA PS_178",,099008178,"Semuto , Nakaseke","Bukatira PS",68,0,200.76,"18-04-2025 14:24"
15725223,"BUKATIRA PS_006",,099008006,"Semuto , Nakaseke","Bukatira PS",51,6.71,665.76,"18-04-2025 14:24"
15725223,"BUKATIRA PS_006",,099008006,"Semuto , Nakaseke","Bukatira PS",50,3.32,672.47,"18-04-2025 14:23"
15725223,"BUKATIRA PS_006",,099008006,"Semuto , Nakaseke","Bukatira PS",49,27.1,675.78,"18-04-2025 14:23"
15725223,"BUKATIRA PS_006",,099008006,"Semuto , Nakaseke","Bukatira PS",48,0,702.89,"18-04-2025 14:20"
15725223,"BUKATIRA PS_006",,099008006,"Semuto , Nakaseke","Bukatira PS",48,24.71,702.89,"18-04-2025 14:19"
15725223,"BUKATIRA PS_006",,099008006,"Semuto , Nakaseke","Bukatira PS",47,0,727.6,"18-04-2025 14:14"
15725223,"BUKATIRA PS_006",,099008006,"Semuto , Nakaseke","Bukatira PS",47,10.72,727.6,"18-04-2025 14:13"
15725223,"BUKATIRA PS_006",,099008006,"Semuto , Nakaseke","Bukatira PS",46,0,738.32,"18-04-2025 14:08"
14819411,"BUKATIRA PS_155",,099008155,"Semuto , Nakaseke","Bukatira PS",22,10.29,648.49,"18-04-2025 14:06"
14819411,"BUKATIRA PS_155",,099008155,"Semuto , Nakaseke","Bukatira PS",21,0,658.78,"18-04-2025 14:05"
14819411,"BUKATIRA PS_155",,099008155,"Semuto , Nakaseke","Bukatira PS",21,10.89,658.78,"18-04-2025 14:04"
14819411,"BUKATIRA PS_155",,099008155,"Semuto , Nakaseke","Bukatira PS",20,3.41,669.68,"18-04-2025 14:03"
14819411,"BUKATIRA PS_155",,099008155,"Semuto , Nakaseke","Bukatira PS",19,0,673.09,"18-04-2025 14:02"
10010012,"BUKATIRA PS_198",,099008198,"Semuto , Nakaseke","Bukatira PS",59,21.29,727.07,"18-04-2025 14:02"
14819411,"BUKATIRA PS_155",,099008155,"Semuto , Nakaseke","Bukatira PS",19,0,673.09,"18-04-2025 13:59"
14819411,"BUKATIRA PS_155",,099008155,"Semuto , Nakaseke","Bukatira PS",19,0,673.09,"18-04-2025 13:59"
15725223,"BUKATIRA PS_006",,099008006,"Semuto , Nakaseke","Bukatira PS",46,40.13,738.32,"18-04-2025 13:58"
15725223,"BUKATIRA PS_006",,099008006,"Semuto , Nakaseke","Bukatira PS",45,0,778.45,"18-04-2025 13:55"
15725223,"BUKATIRA PS_006",,099008006,"Semuto , Nakaseke","Bukatira PS",45,34.67,778.45,"18-04-2025 13:54"
15725223,"BUKATIRA PS_006",,099008006,"Semuto , Nakaseke","Bukatira PS",44,0,813.12,"18-04-2025 13:47"
10010012,"BUKATIRA PS_198",,099008198,"Semuto , Nakaseke","Bukatira PS",58,0,748.36,"18-04-2025 13:46"
10010012,"BUKATIRA PS_198",,099008198,"Semuto , Nakaseke","Bukatira PS",58,3.08,748.36,"18-04-2025 13:46"
10010012,"BUKATIRA PS_198",,099008198,"Semuto , Nakaseke","Bukatira PS",57,2.13,751.44,"18-04-2025 13:45"
10010012,"BUKATIRA PS_198",,099008198,"Semuto , Nakaseke","Bukatira PS",56,30.21,753.57,"18-04-2025 13:45"
10010012,"BUKATIRA PS_198",,099008198,"Semuto , Nakaseke","Bukatira PS",55,0,783.78,"18-04-2025 13:42"
10010012,"BUKATIRA PS_198",,099008198,"Semuto , Nakaseke","Bukatira PS",55,116.22,783.78,"18-04-2025 13:41"
10010012,"BUKATIRA PS_198",,099008198,"Semuto , Nakaseke","Bukatira PS",54,0,900,"18-04-2025 13:32"
10010012,"BUKATIRA PS_198",,099008198,"Semuto , Nakaseke","Bukatira PS",54,0,900,"18-04-2025 13:32"
10010012,"BUKATIRA PS_198",,099008198,"Semuto , Nakaseke","Bukatira PS",54,0,0,"18-04-2025 13:31"
14819411,"BUKATIRA PS_155",,099008155,"Semuto , Nakaseke","Bukatira PS",19,0.01,673.09,"18-04-2025 13:14"
14819411,"BUKATIRA PS_155",,099008155,"Semuto , Nakaseke","Bukatira PS",19,0,673.09,"18-04-2025 13:14"
14819411,"BUKATIRA PS_155",,099008155,"Semuto , Nakaseke","Bukatira PS",19,20.13,673.09,"18-04-2025 13:14"
14819411,"BUKATIRA PS_155",,099008155,"Semuto , Nakaseke","Bukatira PS",18,0,693.22,"18-04-2025 13:11"
11617612,"BUKATIRA PS_172",,099008172,"Semuto , Nakaseke","Bukatira PS",55,26.19,0.15,"18-04-2025 13:02"
11617612,"BUKATIRA PS_172",,099008172,"Semuto , Nakaseke","Bukatira PS",54,0,26.33,"18-04-2025 13:00"
18017123,"BUKATIRA PS_160",,099008160,"Semuto , Nakaseke","Bukatira PS",77,0.15,333.87,"18-04-2025 12:58"
18017123,"BUKATIRA PS_160",,099008160,"Semuto , Nakaseke","Bukatira PS",77,0,333.87,"18-04-2025 12:57"
18017123,"BUKATIRA PS_160",,099008160,"Semuto , Nakaseke","Bukatira PS",77,15.49,333.87,"18-04-2025 12:57"
18017123,"BUKATIRA PS_160",,099008160,"Semuto , Nakaseke","Bukatira PS",76,0,349.36,"18-04-2025 12:54"
18017123,"BUKATIRA PS_160",,099008160,"Semuto , Nakaseke","Bukatira PS",76,31.22,349.36,"18-04-2025 12:54"
18017123,"BUKATIRA PS_160",,099008160,"Semuto , Nakaseke","Bukatira PS",75,0,380.58,"18-04-2025 12:49"
18017123,"BUKATIRA PS_160",,099008160,"Semuto , Nakaseke","Bukatira PS",75,29.85,380.58,"18-04-2025 12:49"
18017123,"BUKATIRA PS_160",,099008160,"Semuto , Nakaseke","Bukatira PS",74,0,410.43,"18-04-2025 12:45"
18017123,"BUKATIRA PS_160",,099008160,"Semuto , Nakaseke","Bukatira PS",74,36.09,410.43,"18-04-2025 12:44"
18017123,"BUKATIRA PS_160",,099008160,"Semuto , Nakaseke","Bukatira PS",73,0,446.52,"18-04-2025 12:41"
16475126,"BUKATIRA PS_178",,099008178,"Semuto , Nakaseke","Bukatira PS",68,1.88,200.76,"18-04-2025 12:40"
16475126,"BUKATIRA PS_178",,099008178,"Semuto , Nakaseke","Bukatira PS",67,38.28,202.64,"18-04-2025 12:39"
16475126,"BUKATIRA PS_178",,099008178,"Semuto , Nakaseke","Bukatira PS",66,0,240.93,"18-04-2025 12:37"
16475126,"BUKATIRA PS_178",,099008178,"Semuto , Nakaseke","Bukatira PS",66,40.77,240.93,"18-04-2025 12:36"
16475126,"BUKATIRA PS_178",,099008178,"Semuto , Nakaseke","Bukatira PS",65,0,281.69,"18-04-2025 12:32"
13216411,"BUKATIRA PS_185",,099008185,"Semuto , Nakaseke","Bukatira PS",24,39.51,910.99,"18-04-2025 12:30"
13216411,"BUKATIRA PS_185",,099008185,"Semuto , Nakaseke","Bukatira PS",23,0.29,950.5,"18-04-2025 12:27"
13216411,"BUKATIRA PS_185",,099008185,"Semuto , Nakaseke","Bukatira PS",23,0.02,950.5,"18-04-2025 12:27"
13216411,"BUKATIRA PS_185",,099008185,"Semuto , Nakaseke","Bukatira PS",23,0,950.5,"18-04-2025 12:26"
13216411,"BUKATIRA PS_185",,099008185,"Semuto , Nakaseke","Bukatira PS",23,35.05,950.5,"18-04-2025 12:26"
13216411,"BUKATIRA PS_185",,099008185,"Semuto , Nakaseke","Bukatira PS",22,0,985.54,"18-04-2025 12:23"
13216411,"BUKATIRA PS_185",,099008185,"Semuto , Nakaseke","Bukatira PS",22,41.1,985.54,"18-04-2025 12:23"
13216411,"BUKATIRA PS_185",,099008185,"Semuto , Nakaseke","Bukatira PS",21,0,126.64,"18-04-2025 12:20"
15725223,"BUKATIRA PS_006",,099008006,"Semuto , Nakaseke","Bukatira PS",44,36.49,813.12,"18-04-2025 11:54"
15725223,"BUKATIRA PS_006",,099008006,"Semuto , Nakaseke","Bukatira PS",43,0,849.61,"18-04-2025 11:43"
15725223,"BUKATIRA PS_006",,099008006,"Semuto , Nakaseke","Bukatira PS",43,17.51,849.61,"18-04-2025 11:43"
15725223,"BUKATIRA PS_006",,099008006,"Semuto , Nakaseke","Bukatira PS",42,0,867.12,"18-04-2025 11:38"
15725223,"BUKATIRA PS_006",,099008006,"Semuto , Nakaseke","Bukatira PS",42,0.35,867.12,"18-04-2025 11:37"
15725223,"BUKATIRA PS_006",,099008006,"Semuto , Nakaseke","Bukatira PS",42,19.46,867.12,"18-04-2025 11:37"
15725223,"BUKATIRA PS_006",,099008006,"Semuto , Nakaseke","Bukatira PS",41,0,886.57,"18-04-2025 11:34"
16475126,"BUKATIRA PS_178",,099008178,"Semuto , Nakaseke","Bukatira PS",65,19.83,281.69,"18-04-2025 11:33"
16475126,"BUKATIRA PS_178",,099008178,"Semuto , Nakaseke","Bukatira PS",64,0,301.52,"18-04-2025 11:30"
16475126,"BUKATIRA PS_178",,099008178,"Semuto , Nakaseke","Bukatira PS",64,1.59,301.52,"18-04-2025 11:30"
16475126,"BUKATIRA PS_178",,099008178,"Semuto , Nakaseke","Bukatira PS",63,0,303.11,"18-04-2025 11:29"
84221162,"BUKATIRA PS_151",,099008151,"Semuto , Nakaseke","Bukatira PS",65,10.25,4266.23,"18-04-2025 11:23"
84221162,"BUKATIRA PS_151",,099008151,"Semuto , Nakaseke","Bukatira PS",64,5.48,4276.47,"18-04-2025 11:22"
84221162,"BUKATIRA PS_151",,099008151,"Semuto , Nakaseke","Bukatira PS",63,9.19,4281.96,"18-04-2025 11:21"
84221162,"BUKATIRA PS_151",,099008151,"Semuto , Nakaseke","Bukatira PS",62,8.16,4291.15,"18-04-2025 11:21"
84221162,"BUKATIRA PS_151",,099008151,"Semuto , Nakaseke","Bukatira PS",61,0,4299.31,"18-04-2025 11:20"
15725223,"BUKATIRA PS_006",,099008006,"Semuto , Nakaseke","Bukatira PS",41,37.48,886.57,"18-04-2025 11:20"
84221162,"BUKATIRA PS_151",,099008151,"Semuto , Nakaseke","Bukatira PS",61,0,4299.31,"18-04-2025 11:17"
15725223,"BUKATIRA PS_006",,099008006,"Semuto , Nakaseke","Bukatira PS",40,0,924.06,"18-04-2025 11:17"
15725223,"BUKATIRA PS_006",,099008006,"Semuto , Nakaseke","Bukatira PS",40,19.38,924.06,"18-04-2025 11:17"
15725223,"BUKATIRA PS_006",,099008006,"Semuto , Nakaseke","Bukatira PS",39,17.07,943.44,"18-04-2025 11:15"
15725223,"BUKATIRA PS_006",,099008006,"Semuto , Nakaseke","Bukatira PS",38,0,960.51,"18-04-2025 11:13"
68351162,"BUKATIRA PS_161",,099008161,"Semuto , Nakaseke","Bukatira PS",25,36.4,324.74,"18-04-2025 11:12"
68351162,"BUKATIRA PS_161",,099008161,"Semuto , Nakaseke","Bukatira PS",24,0,361.13,"18-04-2025 11:09"
68351162,"BUKATIRA PS_161",,099008161,"Semuto , Nakaseke","Bukatira PS",24,35.5,361.13,"18-04-2025 11:09"
68351162,"BUKATIRA PS_161",,099008161,"Semuto , Nakaseke","Bukatira PS",23,0,396.63,"18-04-2025 11:05"
68351162,"BUKATIRA PS_161",,099008161,"Semuto , Nakaseke","Bukatira PS",23,33.23,396.63,"18-04-2025 11:05"
68351162,"BUKATIRA PS_161",,099008161,"Semuto , Nakaseke","Bukatira PS",22,0,429.86,"18-04-2025 11:01"
68351162,"BUKATIRA PS_161",,099008161,"Semuto , Nakaseke","Bukatira PS",22,36.16,429.86,"18-04-2025 11:01"
68351162,"BUKATIRA PS_161",,099008161,"Semuto , Nakaseke","Bukatira PS",21,33.98,466.02,"18-04-2025 10:56"
68351162,"BUKATIRA PS_161",,099008161,"Semuto , Nakaseke","Bukatira PS",20,0,500,"18-04-2025 10:51"
68351162,"BUKATIRA PS_161",,099008161,"Semuto , Nakaseke","Bukatira PS",20,0,500,"18-04-2025 10:51"
68351162,"BUKATIRA PS_161",,099008161,"Semuto , Nakaseke","Bukatira PS",20,0,500,"18-04-2025 10:50"
68351162,"BUKATIRA PS_161",,099008161,"Semuto , Nakaseke","Bukatira PS",20,0,500,"18-04-2025 10:50"
68351162,"BUKATIRA PS_161",,099008161,"Semuto , Nakaseke","Bukatira PS",20,0,500,"18-04-2025 10:50"
68351162,"BUKATIRA PS_161",,099008161,"Semuto , Nakaseke","Bukatira PS",20,0,0,"18-04-2025 10:50"
41161292,"BUKATIRA PS_168",,099008168,"Semuto , Nakaseke","Bukatira PS",15,40.18,655.16,"18-04-2025 09:56"
41161292,"BUKATIRA PS_168",,099008168,"Semuto , Nakaseke","Bukatira PS",14,0,695.35,"18-04-2025 09:54"
41161292,"BUKATIRA PS_168",,099008168,"Semuto , Nakaseke","Bukatira PS",14,21.17,695.35,"18-04-2025 09:36"
41161292,"BUKATIRA PS_168",,099008168,"Semuto , Nakaseke","Bukatira PS",13,0,716.52,"18-04-2025 09:34"
41161292,"BUKATIRA PS_168",,099008168,"Semuto , Nakaseke","Bukatira PS",13,6.82,716.52,"18-04-2025 09:30"
41161292,"BUKATIRA PS_168",,099008168,"Semuto , Nakaseke","Bukatira PS",12,0,723.34,"18-04-2025 09:29"
41161292,"BUKATIRA PS_168",,099008168,"Semuto , Nakaseke","Bukatira PS",12,0,723.34,"18-04-2025 09:29"
41161292,"BUKATIRA PS_168",,099008168,"Semuto , Nakaseke","Bukatira PS",12,12.43,723.34,"18-04-2025 09:27"
41161292,"BUKATIRA PS_168",,099008168,"Semuto , Nakaseke","Bukatira PS",11,0,735.77,"18-04-2025 09:24"
15725223,"BUKATIRA PS_006",,099008006,"Semuto , Nakaseke","Bukatira PS",38,0,960.51,"18-04-2025 09:18"
15725223,"BUKATIRA PS_006",,099008006,"Semuto , Nakaseke","Bukatira PS",37,0,962.03,"18-04-2025 09:17"
15725223,"BUKATIRA PS_006",,099008006,"Semuto , Nakaseke","Bukatira PS",37,32.73,962.03,"18-04-2025 09:17"
15725223,"BUKATIRA PS_006",,099008006,"Semuto , Nakaseke","Bukatira PS",36,2.22,994.76,"18-04-2025 09:14"
15725223,"BUKATIRA PS_006",,099008006,"Semuto , Nakaseke","Bukatira PS",35,3.03,996.97,"18-04-2025 09:14"
15725223,"BUKATIRA PS_006",,099008006,"Semuto , Nakaseke","Bukatira PS",34,0,1000,"18-04-2025 09:14"
41161292,"BUKATIRA PS_168",,099008168,"Semuto , Nakaseke","Bukatira PS",11,39.85,735.77,"18-04-2025 09:10"
41161292,"BUKATIRA PS_168",,099008168,"Semuto , Nakaseke","Bukatira PS",10,0,775.61,"18-04-2025 09:08"
14116622,"BUKATIRA PS_018",,099008018,"Semuto , Nakaseke","Bukatira PS",87,0,1000,"18-04-2025 09:07"
15725223,"BUKATIRA PS_006",,099008006,"Semuto , Nakaseke","Bukatira PS",34,0.26,1000,"18-04-2025 09:07"
15725223,"BUKATIRA PS_006",,099008006,"Semuto , Nakaseke","Bukatira PS",34,0,0,"18-04-2025 09:07"
14116622,"BUKATIRA PS_018",,099008018,"Semuto , Nakaseke","Bukatira PS",87,0,0,"18-04-2025 09:06"
41161292,"BUKATIRA PS_168",,099008168,"Semuto , Nakaseke","Bukatira PS",10,22.33,775.61,"18-04-2025 09:03"
14815613,"BUKATIRA PS_182",,099008182,"Semuto , Nakaseke","Bukatira PS",4,19.31,927.01,"18-04-2025 09:02"
14815613,"BUKATIRA PS_182",,099008182,"Semuto , Nakaseke","Bukatira PS",3,0,946.32,"18-04-2025 08:59"
14117521,"BUKATIRA PS_030",,099008030,"Semuto , Nakaseke","Bukatira PS",22,67.13,732.66,"18-04-2025 08:58"
14117521,"BUKATIRA PS_030",,099008030,"Semuto , Nakaseke","Bukatira PS",21,0,799.79,"18-04-2025 08:53"
14116622,"BUKATIRA PS_018",,099008018,"Semuto , Nakaseke","Bukatira PS",87,0,0,"18-04-2025 08:46"
41161292,"BUKATIRA PS_168",,099008168,"Semuto , Nakaseke","Bukatira PS",9,21.85,797.94,"18-04-2025 08:45"
84216121,"BUKATIRA PS_158",,099008158,"Semuto , Nakaseke","Bukatira PS",26,36.76,172.7,"18-04-2025 08:44"
21211722,"BUKATIRA PS_167",,099008167,"Semuto , Nakaseke","Bukatira PS",18,0,0,"18-04-2025 08:41"
84216121,"BUKATIRA PS_158",,099008158,"Semuto , Nakaseke","Bukatira PS",25,15.98,209.45,"18-04-2025 08:41"
84216121,"BUKATIRA PS_158",,099008158,"Semuto , Nakaseke","Bukatira PS",24,0,225.43,"18-04-2025 08:40"
21211722,"BUKATIRA PS_167",,099008167,"Semuto , Nakaseke","Bukatira PS",18,0,0,"18-04-2025 08:39"
21211722,"BUKATIRA PS_167",,099008167,"Semuto , Nakaseke","Bukatira PS",18,29.17,0.75,"18-04-2025 08:39"
21211722,"BUKATIRA PS_167",,099008167,"Semuto , Nakaseke","Bukatira PS",17,0,29.92,"18-04-2025 08:37"
21211722,"BUKATIRA PS_167",,099008167,"Semuto , Nakaseke","Bukatira PS",17,22.92,29.92,"18-04-2025 08:36"
21211722,"BUKATIRA PS_167",,099008167,"Semuto , Nakaseke","Bukatira PS",16,0,52.84,"18-04-2025 08:34"
41161292,"BUKATIRA PS_168",,099008168,"Semuto , Nakaseke","Bukatira PS",8,45.37,819.79,"18-04-2025 08:34"
41161292,"BUKATIRA PS_168",,099008168,"Semuto , Nakaseke","Bukatira PS",7,0,865.15,"18-04-2025 08:30"
41161292,"BUKATIRA PS_168",,099008168,"Semuto , Nakaseke","Bukatira PS",7,22.27,865.15,"18-04-2025 08:28"
41161292,"BUKATIRA PS_168",,099008168,"Semuto , Nakaseke","Bukatira PS",6,12.39,887.43,"18-04-2025 08:26"
41161292,"BUKATIRA PS_168",,099008168,"Semuto , Nakaseke","Bukatira PS",5,8.68,899.81,"18-04-2025 08:25"
41161292,"BUKATIRA PS_168",,099008168,"Semuto , Nakaseke","Bukatira PS",4,0,908.49,"18-04-2025 08:24"
21211722,"BUKATIRA PS_167",,099008167,"Semuto , Nakaseke","Bukatira PS",16,41.5,52.84,"18-04-2025 08:24"
41161292,"BUKATIRA PS_168",,099008168,"Semuto , Nakaseke","Bukatira PS",4,35.5,908.49,"18-04-2025 08:19"
14117521,"BUKATIRA PS_030",,099008030,"Semuto , Nakaseke","Bukatira PS",21,1.95,799.79,"18-04-2025 08:17"
41161292,"BUKATIRA PS_168",,099008168,"Semuto , Nakaseke","Bukatira PS",3,8.67,943.99,"18-04-2025 08:17"
41161292,"BUKATIRA PS_168",,099008168,"Semuto , Nakaseke","Bukatira PS",2,0,952.66,"18-04-2025 08:16"
14117521,"BUKATIRA PS_030",,099008030,"Semuto , Nakaseke","Bukatira PS",20,98.26,801.74,"18-04-2025 08:15"
14117521,"BUKATIRA PS_030",,099008030,"Semuto , Nakaseke","Bukatira PS",19,0,900,"18-04-2025 08:07"
14117521,"BUKATIRA PS_030",,099008030,"Semuto , Nakaseke","Bukatira PS",19,0,0,"18-04-2025 08:07"
41161292,"BUKATIRA PS_168",,099008168,"Semuto , Nakaseke","Bukatira PS",2,23.58,952.66,"18-04-2025 08:03"
41161292,"BUKATIRA PS_168",,099008168,"Semuto , Nakaseke","Bukatira PS",1,0,976.24,"18-04-2025 08:02"
41161292,"BUKATIRA PS_168",,099008168,"Semuto , Nakaseke","Bukatira PS",1,23.76,976.24,"18-04-2025 07:51"
41161292,"BUKATIRA PS_168",,099008168,"Semuto , Nakaseke","Bukatira PS",0,0,1000,"18-04-2025 07:49"
21211722,"BUKATIRA PS_167",,099008167,"Semuto , Nakaseke","Bukatira PS",15,104.79,94.34,"18-04-2025 07:43"
21211722,"BUKATIRA PS_167",,099008167,"Semuto , Nakaseke","Bukatira PS",14,0,199.13,"18-04-2025 07:33"
20132131,"BUKATIRA PS_200",,099008200,"Semuto , Nakaseke","Bukatira PS",10,38.88,583.84,"18-04-2025 07:25"
20132131,"BUKATIRA PS_200",,099008200,"Semuto , Nakaseke","Bukatira PS",9,0,622.72,"18-04-2025 07:22"
42071232,"BUKATIRA PS_176",,099008176,"Semuto , Nakaseke","Bukatira PS",53,37.42,62.32,"18-04-2025 07:21"
42071232,"BUKATIRA PS_176",,099008176,"Semuto , Nakaseke","Bukatira PS",52,0,99.74,"18-04-2025 07:17"
20132131,"BUKATIRA PS_200",,099008200,"Semuto , Nakaseke","Bukatira PS",9,35.24,622.72,"18-04-2025 07:00"
20132131,"BUKATIRA PS_200",,099008200,"Semuto , Nakaseke","Bukatira PS",8,0,657.96,"18-04-2025 06:57"
10030117,"BUKATIRA PS_163",,099008163,"Semuto , Nakaseke","Bukatira PS",20,73.43,314.68,"18-04-2025 06:55"
10030117,"BUKATIRA PS_163",,099008163,"Semuto , Nakaseke","Bukatira PS",19,0,388.11,"18-04-2025 06:45"
14116622,"BUKATIRA PS_018",,099008018,"Semuto , Nakaseke","Bukatira PS",87,0,0,"18-04-2025 06:44"
14116622,"BUKATIRA PS_018",,099008018,"Semuto , Nakaseke","Bukatira PS",87,106.28,0.58,"18-04-2025 06:44"
14116622,"BUKATIRA PS_018",,099008018,"Semuto , Nakaseke","Bukatira PS",86,0.06,106.86,"18-04-2025 06:35"
14116622,"BUKATIRA PS_018",,099008018,"Semuto , Nakaseke","Bukatira PS",86,0,106.86,"18-04-2025 06:35"
14116622,"BUKATIRA PS_018",,099008018,"Semuto , Nakaseke","Bukatira PS",86,0,106.86,"18-04-2025 06:24"
14116622,"BUKATIRA PS_018",,099008018,"Semuto , Nakaseke","Bukatira PS",86,0,106.86,"18-04-2025 06:23"
14116622,"BUKATIRA PS_018",,099008018,"Semuto , Nakaseke","Bukatira PS",86,0,106.86,"18-04-2025 06:23"
14116622,"BUKATIRA PS_018",,099008018,"Semuto , Nakaseke","Bukatira PS",86,161.17,106.86,"18-04-2025 06:22"
14116622,"BUKATIRA PS_018",,099008018,"Semuto , Nakaseke","Bukatira PS",85,0,268.03,"18-04-2025 06:11"
11617612,"BUKATIRA PS_172",,099008172,"Semuto , Nakaseke","Bukatira PS",54,1.14,26.33,"18-04-2025 06:10"
11617612,"BUKATIRA PS_172",,099008172,"Semuto , Nakaseke","Bukatira PS",53,37.02,27.47,"18-04-2025 06:10"
11617612,"BUKATIRA PS_172",,099008172,"Semuto , Nakaseke","Bukatira PS",52,0,64.49,"18-04-2025 06:07"
16420512,"BUKATIRA PS_188",,099008188,"Semuto , Nakaseke","Bukatira PS",35,84.28,612.7,"18-04-2025 06:07"
16420512,"BUKATIRA PS_188",,099008188,"Semuto , Nakaseke","Bukatira PS",34,24.04,696.98,"18-04-2025 06:00"
16420512,"BUKATIRA PS_188",,099008188,"Semuto , Nakaseke","Bukatira PS",33,0,721.02,"18-04-2025 05:58"
14116622,"BUKATIRA PS_018",,099008018,"Semuto , Nakaseke","Bukatira PS",85,78.46,268.03,"18-04-2025 05:57"
14116622,"BUKATIRA PS_018",,099008018,"Semuto , Nakaseke","Bukatira PS",84,0,346.48,"18-04-2025 05:52"
14116622,"BUKATIRA PS_018",,099008018,"Semuto , Nakaseke","Bukatira PS",84,36.21,346.48,"18-04-2025 05:52"
14116622,"BUKATIRA PS_018",,099008018,"Semuto , Nakaseke","Bukatira PS",83,0,382.7,"18-04-2025 05:49"
14116622,"BUKATIRA PS_018",,099008018,"Semuto , Nakaseke","Bukatira PS",83,36.84,382.7,"18-04-2025 05:49"
14116622,"BUKATIRA PS_018",,099008018,"Semuto , Nakaseke","Bukatira PS",82,0,419.54,"18-04-2025 05:46"
16420512,"BUKATIRA PS_188",,099008188,"Semuto , Nakaseke","Bukatira PS",33,42.49,721.02,"18-04-2025 05:46"
16420512,"BUKATIRA PS_188",,099008188,"Semuto , Nakaseke","Bukatira PS",32,0,763.51,"18-04-2025 05:43"
16420512,"BUKATIRA PS_188",,099008188,"Semuto , Nakaseke","Bukatira PS",32,30.51,763.51,"18-04-2025 05:43"
14116622,"BUKATIRA PS_018",,099008018,"Semuto , Nakaseke","Bukatira PS",82,0.07,419.54,"18-04-2025 05:41"
16420512,"BUKATIRA PS_188",,099008188,"Semuto , Nakaseke","Bukatira PS",31,6.72,794.02,"18-04-2025 05:41"
36788322,"BUKATIRA PS_169",,099008169,"Semuto , Nakaseke","Bukatira PS",9,40.92,1182.4,"18-04-2025 05:40"
36788322,"BUKATIRA PS_169",,099008169,"Semuto , Nakaseke","Bukatira PS",8,0,1223.31,"18-04-2025 05:37"
36788322,"BUKATIRA PS_169",,099008169,"Semuto , Nakaseke","Bukatira PS",8,41.81,1223.31,"18-04-2025 05:37"
16421812,"BUKATIRA PS_197",,099008197,"Semuto , Nakaseke","Bukatira PS",44,6.87,509.18,"18-04-2025 05:34"
16421812,"BUKATIRA PS_197",,099008197,"Semuto , Nakaseke","Bukatira PS",43,3,516.05,"18-04-2025 05:33"
16421812,"BUKATIRA PS_197",,099008197,"Semuto , Nakaseke","Bukatira PS",42,0,519.05,"18-04-2025 05:33"
16421812,"BUKATIRA PS_197",,099008197,"Semuto , Nakaseke","Bukatira PS",42,4.37,519.05,"18-04-2025 05:32"
16421812,"BUKATIRA PS_197",,099008197,"Semuto , Nakaseke","Bukatira PS",41,4.41,523.42,"18-04-2025 05:32"
16421812,"BUKATIRA PS_197",,099008197,"Semuto , Nakaseke","Bukatira PS",40,0,527.83,"18-04-2025 05:31"
16421812,"BUKATIRA PS_197",,099008197,"Semuto , Nakaseke","Bukatira PS",39,1.85,528.63,"18-04-2025 05:31"
16421812,"BUKATIRA PS_197",,099008197,"Semuto , Nakaseke","Bukatira PS",38,6.44,530.47,"18-04-2025 05:31"
16421812,"BUKATIRA PS_197",,099008197,"Semuto , Nakaseke","Bukatira PS",37,0,536.92,"18-04-2025 05:30"
16421812,"BUKATIRA PS_197",,099008197,"Semuto , Nakaseke","Bukatira PS",37,8.86,536.92,"18-04-2025 05:30"
16421812,"BUKATIRA PS_197",,099008197,"Semuto , Nakaseke","Bukatira PS",36,0,545.78,"18-04-2025 05:29"
16421812,"BUKATIRA PS_197",,099008197,"Semuto , Nakaseke","Bukatira PS",36,0,545.78,"18-04-2025 05:28"
13216411,"BUKATIRA PS_185",,099008185,"Semuto , Nakaseke","Bukatira PS",21,0,126.64,"18-04-2025 05:28"
13216411,"BUKATIRA PS_185",,099008185,"Semuto , Nakaseke","Bukatira PS",21,2.35,126.64,"18-04-2025 05:28"
13216411,"BUKATIRA PS_185",,099008185,"Semuto , Nakaseke","Bukatira PS",20,0,128.99,"18-04-2025 05:28"
16421812,"BUKATIRA PS_197",,099008197,"Semuto , Nakaseke","Bukatira PS",36,18.18,545.78,"18-04-2025 05:27"
16421812,"BUKATIRA PS_197",,099008197,"Semuto , Nakaseke","Bukatira PS",35,0,563.96,"18-04-2025 05:26"
16421812,"BUKATIRA PS_197",,099008197,"Semuto , Nakaseke","Bukatira PS",35,4.01,563.96,"18-04-2025 05:25"
16421812,"BUKATIRA PS_197",,099008197,"Semuto , Nakaseke","Bukatira PS",34,0.92,567.97,"18-04-2025 05:25"
16421812,"BUKATIRA PS_197",,099008197,"Semuto , Nakaseke","Bukatira PS",33,2.93,568.9,"18-04-2025 05:25"
16421812,"BUKATIRA PS_197",,099008197,"Semuto , Nakaseke","Bukatira PS",32,3.15,571.83,"18-04-2025 05:25"
16421812,"BUKATIRA PS_197",,099008197,"Semuto , Nakaseke","Bukatira PS",31,0,574.98,"18-04-2025 05:24"
20132131,"BUKATIRA PS_200",,099008200,"Semuto , Nakaseke","Bukatira PS",8,35.56,657.96,"18-04-2025 04:55"
20132131,"BUKATIRA PS_200",,099008200,"Semuto , Nakaseke","Bukatira PS",7,0,693.52,"18-04-2025 04:53"
16411412,"BUKATIRA PS_180",,099008180,"Semuto , Nakaseke","Bukatira PS",25,0,241.9,"18-04-2025 04:36"
16411412,"BUKATIRA PS_180",,099008180,"Semuto , Nakaseke","Bukatira PS",25,0,241.9,"18-04-2025 04:35"
16411412,"BUKATIRA PS_180",,099008180,"Semuto , Nakaseke","Bukatira PS",25,0,241.9,"18-04-2025 04:33"
16411412,"BUKATIRA PS_180",,099008180,"Semuto , Nakaseke","Bukatira PS",25,0,241.9,"18-04-2025 04:32"
16411412,"BUKATIRA PS_180",,099008180,"Semuto , Nakaseke","Bukatira PS",25,0,241.9,"18-04-2025 04:31"
16411412,"BUKATIRA PS_180",,099008180,"Semuto , Nakaseke","Bukatira PS",25,3.81,241.9,"18-04-2025 04:31"
16411412,"BUKATIRA PS_180",,099008180,"Semuto , Nakaseke","Bukatira PS",24,0,245.72,"18-04-2025 04:31"
16411412,"BUKATIRA PS_180",,099008180,"Semuto , Nakaseke","Bukatira PS",24,4.76,245.72,"18-04-2025 04:31"
16411412,"BUKATIRA PS_180",,099008180,"Semuto , Nakaseke","Bukatira PS",23,0.09,250.48,"18-04-2025 04:29"
16411412,"BUKATIRA PS_180",,099008180,"Semuto , Nakaseke","Bukatira PS",23,0,250.48,"18-04-2025 04:27"
16411412,"BUKATIRA PS_180",,099008180,"Semuto , Nakaseke","Bukatira PS",23,0,250.48,"18-04-2025 04:26"
16411412,"BUKATIRA PS_180",,099008180,"Semuto , Nakaseke","Bukatira PS",23,0,250.48,"18-04-2025 04:21"
16411412,"BUKATIRA PS_180",,099008180,"Semuto , Nakaseke","Bukatira PS",23,0,250.48,"18-04-2025 04:21"
15710323,"BUKATIRA PS_011",,099008011,"Semuto , Nakaseke","Bukatira PS",4,41.48,829.04,"18-04-2025 03:45"
15710323,"BUKATIRA PS_011",,099008011,"Semuto , Nakaseke","Bukatira PS",3,0,870.52,"18-04-2025 03:41"
10015130,"BUKATIRA PS_152",,099008152,"Semuto , Nakaseke","Bukatira PS",11,0.05,482.57,"17-04-2025 17:43"
10015130,"BUKATIRA PS_152",,099008152,"Semuto , Nakaseke","Bukatira PS",11,0,482.57,"17-04-2025 17:42"
10015130,"BUKATIRA PS_152",,099008152,"Semuto , Nakaseke","Bukatira PS",11,0,482.57,"17-04-2025 17:41"
16411412,"BUKATIRA PS_180",,099008180,"Semuto , Nakaseke","Bukatira PS",23,56.78,250.48,"17-04-2025 17:20"
16411412,"BUKATIRA PS_180",,099008180,"Semuto , Nakaseke","Bukatira PS",22,0,307.26,"17-04-2025 17:07"
16411412,"BUKATIRA PS_180",,099008180,"Semuto , Nakaseke","Bukatira PS",22,0,307.26,"17-04-2025 17:07"
16411412,"BUKATIRA PS_180",,099008180,"Semuto , Nakaseke","Bukatira PS",22,19.84,307.26,"17-04-2025 17:06"
16411412,"BUKATIRA PS_180",,099008180,"Semuto , Nakaseke","Bukatira PS",21,0,327.09,"17-04-2025 17:04"
14114519,"BUKATIRA PS_015",,099008015,"Semuto , Nakaseke","Bukatira PS",32,0.51,143.42,"17-04-2025 16:28"
14114519,"BUKATIRA PS_015",,099008015,"Semuto , Nakaseke","Bukatira PS",31,0,143.93,"17-04-2025 16:28"
14114519,"BUKATIRA PS_015",,099008015,"Semuto , Nakaseke","Bukatira PS",31,0,143.93,"17-04-2025 16:28"
14114519,"BUKATIRA PS_015",,099008015,"Semuto , Nakaseke","Bukatira PS",31,34.1,143.93,"17-04-2025 16:27"
14114519,"BUKATIRA PS_015",,099008015,"Semuto , Nakaseke","Bukatira PS",30,45.43,178.03,"17-04-2025 16:25"
14114519,"BUKATIRA PS_015",,099008015,"Semuto , Nakaseke","Bukatira PS",29,0,223.47,"17-04-2025 16:22"
14114519,"BUKATIRA PS_015",,099008015,"Semuto , Nakaseke","Bukatira PS",29,0,223.47,"17-04-2025 16:22"
16421812,"BUKATIRA PS_197",,099008197,"Semuto , Nakaseke","Bukatira PS",31,21.09,574.98,"17-04-2025 16:16"
16421812,"BUKATIRA PS_197",,099008197,"Semuto , Nakaseke","Bukatira PS",30,9.01,596.07,"17-04-2025 16:14"
16421812,"BUKATIRA PS_197",,099008197,"Semuto , Nakaseke","Bukatira PS",29,20.9,605.08,"17-04-2025 16:14"
16421812,"BUKATIRA PS_197",,099008197,"Semuto , Nakaseke","Bukatira PS",28,0,625.98,"17-04-2025 16:11"
14116622,"BUKATIRA PS_018",,099008018,"Semuto , Nakaseke","Bukatira PS",82,3.04,419.54,"17-04-2025 16:07"
14116622,"BUKATIRA PS_018",,099008018,"Semuto , Nakaseke","Bukatira PS",81,0.69,422.58,"17-04-2025 16:07"
14116622,"BUKATIRA PS_018",,099008018,"Semuto , Nakaseke","Bukatira PS",79,4.14,424.2,"17-04-2025 16:07"
14116622,"BUKATIRA PS_018",,099008018,"Semuto , Nakaseke","Bukatira PS",78,7.32,428.33,"17-04-2025 16:06"
14116622,"BUKATIRA PS_018",,099008018,"Semuto , Nakaseke","Bukatira PS",77,25.78,435.65,"17-04-2025 16:04"
14116622,"BUKATIRA PS_018",,099008018,"Semuto , Nakaseke","Bukatira PS",76,0,461.43,"17-04-2025 16:02"
14116622,"BUKATIRA PS_018",,099008018,"Semuto , Nakaseke","Bukatira PS",76,37.89,461.43,"17-04-2025 16:01"
42071232,"BUKATIRA PS_176",,099008176,"Semuto , Nakaseke","Bukatira PS",52,37.32,99.74,"17-04-2025 15:59"
42071232,"BUKATIRA PS_176",,099008176,"Semuto , Nakaseke","Bukatira PS",51,0,137.06,"17-04-2025 15:56"
84221162,"BUKATIRA PS_151",,099008151,"Semuto , Nakaseke","Bukatira PS",61,17.51,4299.31,"17-04-2025 15:56"
84221162,"BUKATIRA PS_151",,099008151,"Semuto , Nakaseke","Bukatira PS",60,0.67,4316.82,"17-04-2025 15:55"
84221162,"BUKATIRA PS_151",,099008151,"Semuto , Nakaseke","Bukatira PS",59,0,4317.48,"17-04-2025 15:55"
13245115,"BUKATIRA PS_177",,099008177,"Semuto , Nakaseke","Bukatira PS",61,0,34.49,"17-04-2025 15:54"
13245115,"BUKATIRA PS_177",,099008177,"Semuto , Nakaseke","Bukatira PS",61,9.3,34.49,"17-04-2025 15:54"
13245115,"BUKATIRA PS_177",,099008177,"Semuto , Nakaseke","Bukatira PS",60,8.76,43.8,"17-04-2025 15:53"
13245115,"BUKATIRA PS_177",,099008177,"Semuto , Nakaseke","Bukatira PS",59,0,52.55,"17-04-2025 15:52"
13245115,"BUKATIRA PS_177",,099008177,"Semuto , Nakaseke","Bukatira PS",58,0.26,53.07,"17-04-2025 15:52"
13245115,"BUKATIRA PS_177",,099008177,"Semuto , Nakaseke","Bukatira PS",58,11.49,53.07,"17-04-2025 15:51"
13245115,"BUKATIRA PS_177",,099008177,"Semuto , Nakaseke","Bukatira PS",57,0,64.56,"17-04-2025 15:50"
13245115,"BUKATIRA PS_177",,099008177,"Semuto , Nakaseke","Bukatira PS",57,18.7,64.56,"17-04-2025 15:50"
13245115,"BUKATIRA PS_177",,099008177,"Semuto , Nakaseke","Bukatira PS",56,0,83.26,"17-04-2025 15:48"
14123722,"BUKATIRA PS_008",,099008008,"Semuto , Nakaseke","Bukatira PS",40,13.55,582.56,"17-04-2025 15:48"
14123722,"BUKATIRA PS_008",,099008008,"Semuto , Nakaseke","Bukatira PS",39,13.69,596.1,"17-04-2025 15:47"
16420512,"BUKATIRA PS_188",,099008188,"Semuto , Nakaseke","Bukatira PS",30,38.96,800.73,"17-04-2025 15:46"
16420512,"BUKATIRA PS_188",,099008188,"Semuto , Nakaseke","Bukatira PS",29,0,839.69,"17-04-2025 15:44"
14123722,"BUKATIRA PS_008",,099008008,"Semuto , Nakaseke","Bukatira PS",38,14.83,609.79,"17-04-2025 15:43"
14123722,"BUKATIRA PS_008",,099008008,"Semuto , Nakaseke","Bukatira PS",37,0,624.62,"17-04-2025 15:42"
14123722,"BUKATIRA PS_008",,099008008,"Semuto , Nakaseke","Bukatira PS",37,16.47,624.62,"17-04-2025 15:42"
14123722,"BUKATIRA PS_008",,099008008,"Semuto , Nakaseke","Bukatira PS",36,0,641.08,"17-04-2025 15:41"
14123722,"BUKATIRA PS_008",,099008008,"Semuto , Nakaseke","Bukatira PS",36,4.55,641.08,"17-04-2025 15:40"
14123722,"BUKATIRA PS_008",,099008008,"Semuto , Nakaseke","Bukatira PS",35,0,645.63,"17-04-2025 15:40"
16420512,"BUKATIRA PS_188",,099008188,"Semuto , Nakaseke","Bukatira PS",29,41.4,839.69,"17-04-2025 15:40"
16420512,"BUKATIRA PS_188",,099008188,"Semuto , Nakaseke","Bukatira PS",28,0,881.09,"17-04-2025 15:38"
36149122,"BUKATIRA PS_166",,099008166,"Semuto , Nakaseke","Bukatira PS",31,0.61,336.12,"17-04-2025 15:36"
15714111,"BUKATIRA PS_001",,099008001,"Semuto , Nakaseke","Bukatira PS",143,0,0,"17-04-2025 15:36"
14114725,"BUKATIRA PS_012",,099008012,"Semuto , Nakaseke","Bukatira PS",41,0,0,"17-04-2025 15:36"
14123722,"BUKATIRA PS_008",,099008008,"Semuto , Nakaseke","Bukatira PS",35,3.86,645.63,"17-04-2025 15:36"
14123722,"BUKATIRA PS_008",,099008008,"Semuto , Nakaseke","Bukatira PS",34,0,649.49,"17-04-2025 15:35"
14123722,"BUKATIRA PS_008",,099008008,"Semuto , Nakaseke","Bukatira PS",34,0,649.49,"17-04-2025 15:35"
10010012,"BUKATIRA PS_198",,099008198,"Semuto , Nakaseke","Bukatira PS",54,0,0,"17-04-2025 15:35"
10010012,"BUKATIRA PS_198",,099008198,"Semuto , Nakaseke","Bukatira PS",54,0,0,"17-04-2025 15:35"
14123722,"BUKATIRA PS_008",,099008008,"Semuto , Nakaseke","Bukatira PS",33,0,650.44,"17-04-2025 15:34"
10010012,"BUKATIRA PS_198",,099008198,"Semuto , Nakaseke","Bukatira PS",54,1.05,0.23,"17-04-2025 15:34"
10010012,"BUKATIRA PS_198",,099008198,"Semuto , Nakaseke","Bukatira PS",53,0,1.28,"17-04-2025 15:33"
36149122,"BUKATIRA PS_166",,099008166,"Semuto , Nakaseke","Bukatira PS",30,6.54,336.74,"17-04-2025 15:33"
36149122,"BUKATIRA PS_166",,099008166,"Semuto , Nakaseke","Bukatira PS",29,0,343.27,"17-04-2025 15:32"
36149122,"BUKATIRA PS_166",,099008166,"Semuto , Nakaseke","Bukatira PS",29,9.51,343.27,"17-04-2025 15:32"
36149122,"BUKATIRA PS_166",,099008166,"Semuto , Nakaseke","Bukatira PS",28,0,352.78,"17-04-2025 15:31"
36149122,"BUKATIRA PS_166",,099008166,"Semuto , Nakaseke","Bukatira PS",28,11.83,352.78,"17-04-2025 15:31"
36149122,"BUKATIRA PS_166",,099008166,"Semuto , Nakaseke","Bukatira PS",27,0,364.61,"17-04-2025 15:30"
36149122,"BUKATIRA PS_166",,099008166,"Semuto , Nakaseke","Bukatira PS",27,10.13,364.61,"17-04-2025 15:30"
36149122,"BUKATIRA PS_166",,099008166,"Semuto , Nakaseke","Bukatira PS",26,0,374.74,"17-04-2025 15:29"
42071232,"BUKATIRA PS_176",,099008176,"Semuto , Nakaseke","Bukatira PS",51,17.28,137.06,"17-04-2025 15:29"
42071232,"BUKATIRA PS_176",,099008176,"Semuto , Nakaseke","Bukatira PS",50,0,154.34,"17-04-2025 15:28"
42071232,"BUKATIRA PS_176",,099008176,"Semuto , Nakaseke","Bukatira PS",50,16.05,154.34,"17-04-2025 15:27"
42071232,"BUKATIRA PS_176",,099008176,"Semuto , Nakaseke","Bukatira PS",49,0,170.39,"17-04-2025 15:26"
42071232,"BUKATIRA PS_176",,099008176,"Semuto , Nakaseke","Bukatira PS",49,15.84,170.39,"17-04-2025 15:26"
42071232,"BUKATIRA PS_176",,099008176,"Semuto , Nakaseke","Bukatira PS",48,0,186.23,"17-04-2025 15:25"
15766162,"BUKATIRA PS_049",,099008049,"Semuto , Nakaseke","Bukatira PS",33,18.37,510.51,"17-04-2025 15:25"
15766162,"BUKATIRA PS_049",,099008049,"Semuto , Nakaseke","Bukatira PS",32,0,528.88,"17-04-2025 15:23"
14114519,"BUKATIRA PS_015",,099008015,"Semuto , Nakaseke","Bukatira PS",29,38.34,223.47,"17-04-2025 15:22"
16475126,"BUKATIRA PS_178",,099008178,"Semuto , Nakaseke","Bukatira PS",63,19.44,303.11,"17-04-2025 15:20"
16475126,"BUKATIRA PS_178",,099008178,"Semuto , Nakaseke","Bukatira PS",62,0,322.54,"17-04-2025 15:18"
16475126,"BUKATIRA PS_178",,099008178,"Semuto , Nakaseke","Bukatira PS",62,40.15,322.54,"17-04-2025 15:18"
84221162,"BUKATIRA PS_151",,099008151,"Semuto , Nakaseke","Bukatira PS",59,8.67,4317.48,"17-04-2025 15:15"
84221162,"BUKATIRA PS_151",,099008151,"Semuto , Nakaseke","Bukatira PS",58,5.37,4326.15,"17-04-2025 15:14"
84221162,"BUKATIRA PS_151",,099008151,"Semuto , Nakaseke","Bukatira PS",57,19.49,4331.52,"17-04-2025 15:14"
84221162,"BUKATIRA PS_151",,099008151,"Semuto , Nakaseke","Bukatira PS",56,0,4351.01,"17-04-2025 15:13"
14123722,"BUKATIRA PS_008",,099008008,"Semuto , Nakaseke","Bukatira PS",33,39.65,650.44,"17-04-2025 15:13"
84221162,"BUKATIRA PS_151",,099008151,"Semuto , Nakaseke","Bukatira PS",56,37.29,4351.01,"17-04-2025 15:10"
84221162,"BUKATIRA PS_151",,099008151,"Semuto , Nakaseke","Bukatira PS",55,0,4388.31,"17-04-2025 15:07"
18017123,"BUKATIRA PS_160",,099008160,"Semuto , Nakaseke","Bukatira PS",73,6.9,446.52,"17-04-2025 15:07"
18017123,"BUKATIRA PS_160",,099008160,"Semuto , Nakaseke","Bukatira PS",72,8.22,453.42,"17-04-2025 15:06"
18017123,"BUKATIRA PS_160",,099008160,"Semuto , Nakaseke","Bukatira PS",71,18.39,461.64,"17-04-2025 15:05"
18017123,"BUKATIRA PS_160",,099008160,"Semuto , Nakaseke","Bukatira PS",70,0,480.03,"17-04-2025 15:04"
18017123,"BUKATIRA PS_160",,099008160,"Semuto , Nakaseke","Bukatira PS",70,38.38,480.03,"17-04-2025 15:04"
18017123,"BUKATIRA PS_160",,099008160,"Semuto , Nakaseke","Bukatira PS",69,0,518.41,"17-04-2025 15:02"
18017123,"BUKATIRA PS_160",,099008160,"Semuto , Nakaseke","Bukatira PS",68,32.05,519.3,"17-04-2025 15:01"
18017123,"BUKATIRA PS_160",,099008160,"Semuto , Nakaseke","Bukatira PS",67,0,551.34,"17-04-2025 14:59"
18017123,"BUKATIRA PS_160",,099008160,"Semuto , Nakaseke","Bukatira PS",67,36.45,551.34,"17-04-2025 14:58"
18017123,"BUKATIRA PS_160",,099008160,"Semuto , Nakaseke","Bukatira PS",66,0,587.79,"17-04-2025 14:55"
42071232,"BUKATIRA PS_176",,099008176,"Semuto , Nakaseke","Bukatira PS",48,18.47,186.23,"17-04-2025 14:55"
42071232,"BUKATIRA PS_176",,099008176,"Semuto , Nakaseke","Bukatira PS",47,0,204.71,"17-04-2025 14:54"
68351162,"BUKATIRA PS_161",,099008161,"Semuto , Nakaseke","Bukatira PS",20,0,0,"17-04-2025 14:53"
21218111,"BUKATIRA PS_181",,099008181,"Semuto , Nakaseke","Bukatira PS",82,11.04,1.93,"17-04-2025 14:52"
42071232,"BUKATIRA PS_176",,099008176,"Semuto , Nakaseke","Bukatira PS",47,47.64,204.71,"17-04-2025 14:52"
42071232,"BUKATIRA PS_176",,099008176,"Semuto , Nakaseke","Bukatira PS",46,0,252.35,"17-04-2025 14:48"
68351162,"BUKATIRA PS_161",,099008161,"Semuto , Nakaseke","Bukatira PS",20,0,0,"17-04-2025 14:48"
68351162,"BUKATIRA PS_161",,099008161,"Semuto , Nakaseke","Bukatira PS",20,14.29,0,"17-04-2025 14:47"
68351162,"BUKATIRA PS_161",,099008161,"Semuto , Nakaseke","Bukatira PS",19,0,14.07,"17-04-2025 14:46"
13216411,"BUKATIRA PS_185",,099008185,"Semuto , Nakaseke","Bukatira PS",20,37.09,128.99,"17-04-2025 14:46"
13216411,"BUKATIRA PS_185",,099008185,"Semuto , Nakaseke","Bukatira PS",19,0,166.09,"17-04-2025 14:43"
13216411,"BUKATIRA PS_185",,099008185,"Semuto , Nakaseke","Bukatira PS",19,38.11,166.09,"17-04-2025 14:43"
84221162,"BUKATIRA PS_151",,099008151,"Semuto , Nakaseke","Bukatira PS",55,8.17,4388.31,"17-04-2025 14:40"
84221162,"BUKATIRA PS_151",,099008151,"Semuto , Nakaseke","Bukatira PS",54,0,4396.47,"17-04-2025 14:39"
84221162,"BUKATIRA PS_151",,099008151,"Semuto , Nakaseke","Bukatira PS",54,7.17,4396.47,"17-04-2025 14:39"
84221162,"BUKATIRA PS_151",,099008151,"Semuto , Nakaseke","Bukatira PS",53,0,4403.64,"17-04-2025 14:38"
84221162,"BUKATIRA PS_151",,099008151,"Semuto , Nakaseke","Bukatira PS",53,20.66,4403.64,"17-04-2025 14:38"
84221162,"BUKATIRA PS_151",,099008151,"Semuto , Nakaseke","Bukatira PS",52,17.86,4424.3,"17-04-2025 14:38"
84221162,"BUKATIRA PS_151",,099008151,"Semuto , Nakaseke","Bukatira PS",51,0,4442.16,"17-04-2025 14:36"
14123722,"BUKATIRA PS_008",,099008008,"Semuto , Nakaseke","Bukatira PS",32,103.48,690.08,"17-04-2025 14:35"
14123722,"BUKATIRA PS_008",,099008008,"Semuto , Nakaseke","Bukatira PS",31,0,793.56,"17-04-2025 14:27"
14114725,"BUKATIRA PS_012",,099008012,"Semuto , Nakaseke","Bukatira PS",41,0,0,"17-04-2025 14:27"
15714111,"BUKATIRA PS_001",,099008001,"Semuto , Nakaseke","Bukatira PS",143,0,0,"17-04-2025 14:27"
15714111,"BUKATIRA PS_001",,099008001,"Semuto , Nakaseke","Bukatira PS",143,0,0,"17-04-2025 14:26"
14123722,"BUKATIRA PS_008",,099008008,"Semuto , Nakaseke","Bukatira PS",31,101.01,793.56,"17-04-2025 14:26"
14123722,"BUKATIRA PS_008",,099008008,"Semuto , Nakaseke","Bukatira PS",30,19.45,894.57,"17-04-2025 14:19"
10010012,"BUKATIRA PS_198",,099008198,"Semuto , Nakaseke","Bukatira PS",53,11.38,1.28,"17-04-2025 14:18"
13216411,"BUKATIRA PS_185",,099008185,"Semuto , Nakaseke","Bukatira PS",18,60.57,204.2,"17-04-2025 14:17"
10010012,"BUKATIRA PS_198",,099008198,"Semuto , Nakaseke","Bukatira PS",52,81.96,12.65,"17-04-2025 14:13"
10010012,"BUKATIRA PS_198",,099008198,"Semuto , Nakaseke","Bukatira PS",51,0,94.61,"17-04-2025 14:08"
84216121,"BUKATIRA PS_158",,099008158,"Semuto , Nakaseke","Bukatira PS",24,25.88,225.43,"17-04-2025 14:07"
84216121,"BUKATIRA PS_158",,099008158,"Semuto , Nakaseke","Bukatira PS",23,12.73,251.31,"17-04-2025 14:06"
84216121,"BUKATIRA PS_158",,099008158,"Semuto , Nakaseke","Bukatira PS",22,0,264.04,"17-04-2025 14:05"
21218111,"BUKATIRA PS_181",,099008181,"Semuto , Nakaseke","Bukatira PS",81,6.7,12.97,"17-04-2025 14:05"
21218111,"BUKATIRA PS_181",,099008181,"Semuto , Nakaseke","Bukatira PS",80,0,19.67,"17-04-2025 14:04"
21218111,"BUKATIRA PS_181",,099008181,"Semuto , Nakaseke","Bukatira PS",80,9.21,19.67,"17-04-2025 14:04"
21218111,"BUKATIRA PS_181",,099008181,"Semuto , Nakaseke","Bukatira PS",79,0,28.88,"17-04-2025 14:03"
21218111,"BUKATIRA PS_181",,099008181,"Semuto , Nakaseke","Bukatira PS",79,19.99,28.88,"17-04-2025 14:03"
21218111,"BUKATIRA PS_181",,099008181,"Semuto , Nakaseke","Bukatira PS",78,0,48.87,"17-04-2025 14:02"
21218111,"BUKATIRA PS_181",,099008181,"Semuto , Nakaseke","Bukatira PS",78,2.18,48.87,"17-04-2025 14:02"
21218111,"BUKATIRA PS_181",,099008181,"Semuto , Nakaseke","Bukatira PS",77,56.77,51.05,"17-04-2025 14:02"
21218111,"BUKATIRA PS_181",,099008181,"Semuto , Nakaseke","Bukatira PS",76,0,107.82,"17-04-2025 13:58"
13217212,"BUKATIRA PS_195",,099008195,"Semuto , Nakaseke","Bukatira PS",33,19.09,191.18,"17-04-2025 13:58"
13217212,"BUKATIRA PS_195",,099008195,"Semuto , Nakaseke","Bukatira PS",32,0,210.27,"17-04-2025 13:55"
13217212,"BUKATIRA PS_195",,099008195,"Semuto , Nakaseke","Bukatira PS",32,16.91,210.27,"17-04-2025 13:55"
13217212,"BUKATIRA PS_195",,099008195,"Semuto , Nakaseke","Bukatira PS",31,5.07,227.18,"17-04-2025 13:54"
36149122,"BUKATIRA PS_166",,099008166,"Semuto , Nakaseke","Bukatira PS",26,0,374.74,"17-04-2025 13:53"
68351162,"BUKATIRA PS_161",,099008161,"Semuto , Nakaseke","Bukatira PS",19,0.1,14.07,"17-04-2025 13:53"
68351162,"BUKATIRA PS_161",,099008161,"Semuto , Nakaseke","Bukatira PS",19,0,14.07,"17-04-2025 13:53"
13217212,"BUKATIRA PS_195",,099008195,"Semuto , Nakaseke","Bukatira PS",30,37.49,232.26,"17-04-2025 13:53"
13217212,"BUKATIRA PS_195",,099008195,"Semuto , Nakaseke","Bukatira PS",29,0,269.75,"17-04-2025 13:50"
13210132,"BUKATIRA PS_187",,099008187,"Semuto , Nakaseke","Bukatira PS",11,36.41,165.48,"17-04-2025 13:49"
13210132,"BUKATIRA PS_187",,099008187,"Semuto , Nakaseke","Bukatira PS",10,39.64,201.9,"17-04-2025 13:47"
13210132,"BUKATIRA PS_187",,099008187,"Semuto , Nakaseke","Bukatira PS",9,0,241.54,"17-04-2025 13:44"
13210132,"BUKATIRA PS_187",,099008187,"Semuto , Nakaseke","Bukatira PS",9,38.81,241.54,"17-04-2025 13:44"
13210132,"BUKATIRA PS_187",,099008187,"Semuto , Nakaseke","Bukatira PS",8,0,280.35,"17-04-2025 13:41"
10010012,"BUKATIRA PS_198",,099008198,"Semuto , Nakaseke","Bukatira PS",51,39.13,94.61,"17-04-2025 13:40"
10010012,"BUKATIRA PS_198",,099008198,"Semuto , Nakaseke","Bukatira PS",50,0,133.75,"17-04-2025 13:38"
10010012,"BUKATIRA PS_198",,099008198,"Semuto , Nakaseke","Bukatira PS",50,41.98,133.75,"17-04-2025 13:38"
10010012,"BUKATIRA PS_198",,099008198,"Semuto , Nakaseke","Bukatira PS",49,0,175.72,"17-04-2025 13:34"
21218111,"BUKATIRA PS_181",,099008181,"Semuto , Nakaseke","Bukatira PS",75,0,108.64,"17-04-2025 13:34"
36149122,"BUKATIRA PS_166",,099008166,"Semuto , Nakaseke","Bukatira PS",26,12.83,374.74,"17-04-2025 13:33"
21218111,"BUKATIRA PS_181",,099008181,"Semuto , Nakaseke","Bukatira PS",75,0.11,108.64,"17-04-2025 13:32"
21218111,"BUKATIRA PS_181",,099008181,"Semuto , Nakaseke","Bukatira PS",75,0,108.64,"17-04-2025 13:32"
21218111,"BUKATIRA PS_181",,099008181,"Semuto , Nakaseke","Bukatira PS",75,8.06,108.64,"17-04-2025 13:31"
21218111,"BUKATIRA PS_181",,099008181,"Semuto , Nakaseke","Bukatira PS",74,0,116.7,"17-04-2025 13:30"
14116622,"BUKATIRA PS_018",,099008018,"Semuto , Nakaseke","Bukatira PS",75,0,499.32,"17-04-2025 13:26"
14116622,"BUKATIRA PS_018",,099008018,"Semuto , Nakaseke","Bukatira PS",75,0.68,499.32,"17-04-2025 13:25"
14116622,"BUKATIRA PS_018",,099008018,"Semuto , Nakaseke","Bukatira PS",74,0,500,"17-04-2025 13:25"
14116622,"BUKATIRA PS_018",,099008018,"Semuto , Nakaseke","Bukatira PS",74,0,0,"17-04-2025 13:25"
99146164,"BUKATIRA PS_092",,099008092,"Semuto , Nakaseke","Bukatira PS",8,5.25,844.62,"17-04-2025 13:11"
99146164,"BUKATIRA PS_092",,099008092,"Semuto , Nakaseke","Bukatira PS",7,35.05,849.86,"17-04-2025 13:11"
99146164,"BUKATIRA PS_092",,099008092,"Semuto , Nakaseke","Bukatira PS",6,14.62,884.91,"17-04-2025 13:09"
99146164,"BUKATIRA PS_092",,099008092,"Semuto , Nakaseke","Bukatira PS",5,7.85,899.53,"17-04-2025 13:07"
99146164,"BUKATIRA PS_092",,099008092,"Semuto , Nakaseke","Bukatira PS",4,8.96,907.39,"17-04-2025 13:06"
99146164,"BUKATIRA PS_092",,099008092,"Semuto , Nakaseke","Bukatira PS",3,2.78,916.34,"17-04-2025 13:06"
99146164,"BUKATIRA PS_092",,099008092,"Semuto , Nakaseke","Bukatira PS",2,3.37,919.12,"17-04-2025 13:06"
99146164,"BUKATIRA PS_092",,099008092,"Semuto , Nakaseke","Bukatira PS",1,0,922.49,"17-04-2025 13:05"
10010012,"BUKATIRA PS_198",,099008198,"Semuto , Nakaseke","Bukatira PS",49,98,175.72,"17-04-2025 12:58"
10010012,"BUKATIRA PS_198",,099008198,"Semuto , Nakaseke","Bukatira PS",48,0,273.73,"17-04-2025 12:49"
84913122,"BUKATIRA PS_171",,099008171,"Semuto , Nakaseke","Bukatira PS",12,40.15,636.25,"17-04-2025 12:32"
14123722,"BUKATIRA PS_008",,099008008,"Semuto , Nakaseke","Bukatira PS",29,4.59,914.02,"17-04-2025 12:30"
14123722,"BUKATIRA PS_008",,099008008,"Semuto , Nakaseke","Bukatira PS",28,0,918.6,"17-04-2025 12:29"
84913122,"BUKATIRA PS_171",,099008171,"Semuto , Nakaseke","Bukatira PS",11,39.38,676.41,"17-04-2025 12:29"
10010012,"BUKATIRA PS_198",,099008198,"Semuto , Nakaseke","Bukatira PS",48,133.5,273.73,"17-04-2025 12:27"
10010012,"BUKATIRA PS_198",,099008198,"Semuto , Nakaseke","Bukatira PS",47,0,407.23,"17-04-2025 12:11"
24422412,"BUKATIRA PS_157",,099008157,"Semuto , Nakaseke","Bukatira PS",7,81.53,685.39,"17-04-2025 12:09"
24422412,"BUKATIRA PS_157",,099008157,"Semuto , Nakaseke","Bukatira PS",6,0,766.92,"17-04-2025 12:04"
10010012,"BUKATIRA PS_198",,099008198,"Semuto , Nakaseke","Bukatira PS",47,42.6,407.23,"17-04-2025 11:54"
10010012,"BUKATIRA PS_198",,099008198,"Semuto , Nakaseke","Bukatira PS",46,0,449.83,"17-04-2025 11:51"
10010012,"BUKATIRA PS_198",,099008198,"Semuto , Nakaseke","Bukatira PS",46,17.62,449.83,"17-04-2025 11:50"
14123722,"BUKATIRA PS_008",,099008008,"Semuto , Nakaseke","Bukatira PS",28,3.2,918.6,"17-04-2025 11:49"
14120410,"BUKATIRA PS_072",,099008072,"Semuto , Nakaseke","Bukatira PS",25,0,0,"17-04-2025 11:48"
14114725,"BUKATIRA PS_012",,099008012,"Semuto , Nakaseke","Bukatira PS",41,0,0,"17-04-2025 11:48"
10010012,"BUKATIRA PS_198",,099008198,"Semuto , Nakaseke","Bukatira PS",45,20.13,467.45,"17-04-2025 11:48"
10010012,"BUKATIRA PS_198",,099008198,"Semuto , Nakaseke","Bukatira PS",44,0,487.58,"17-04-2025 11:46"
14123722,"BUKATIRA PS_008",,099008008,"Semuto , Nakaseke","Bukatira PS",27,1.06,921.8,"17-04-2025 11:46"
14123722,"BUKATIRA PS_008",,099008008,"Semuto , Nakaseke","Bukatira PS",26,0,922.86,"17-04-2025 11:45"
15714111,"BUKATIRA PS_001",,099008001,"Semuto , Nakaseke","Bukatira PS",143,0,0,"17-04-2025 11:45"
14114725,"BUKATIRA PS_012",,099008012,"Semuto , Nakaseke","Bukatira PS",41,0,0,"17-04-2025 11:44"
14123722,"BUKATIRA PS_008",,099008008,"Semuto , Nakaseke","Bukatira PS",26,3.47,922.86,"17-04-2025 11:44"
14114725,"BUKATIRA PS_012",,099008012,"Semuto , Nakaseke","Bukatira PS",41,0,0,"17-04-2025 11:43"
14123722,"BUKATIRA PS_008",,099008008,"Semuto , Nakaseke","Bukatira PS",25,0,926.34,"17-04-2025 11:43"
14123722,"BUKATIRA PS_008",,099008008,"Semuto , Nakaseke","Bukatira PS",25,1.63,926.34,"17-04-2025 11:43"
14123722,"BUKATIRA PS_008",,099008008,"Semuto , Nakaseke","Bukatira PS",24,2.55,927.97,"17-04-2025 11:42"
14123722,"BUKATIRA PS_008",,099008008,"Semuto , Nakaseke","Bukatira PS",23,0,930.52,"17-04-2025 11:41"
14123722,"BUKATIRA PS_008",,099008008,"Semuto , Nakaseke","Bukatira PS",23,0,930.52,"17-04-2025 11:41"
14123722,"BUKATIRA PS_008",,099008008,"Semuto , Nakaseke","Bukatira PS",23,1.7,930.52,"17-04-2025 11:38"
14123722,"BUKATIRA PS_008",,099008008,"Semuto , Nakaseke","Bukatira PS",22,0,932.21,"17-04-2025 11:38"
10010012,"BUKATIRA PS_198",,099008198,"Semuto , Nakaseke","Bukatira PS",44,8.66,487.58,"17-04-2025 11:30"
10010012,"BUKATIRA PS_198",,099008198,"Semuto , Nakaseke","Bukatira PS",43,0,496.24,"17-04-2025 11:29"
10010012,"BUKATIRA PS_198",,099008198,"Semuto , Nakaseke","Bukatira PS",43,33.3,496.24,"17-04-2025 11:28"
10010012,"BUKATIRA PS_198",,099008198,"Semuto , Nakaseke","Bukatira PS",42,0,529.54,"17-04-2025 11:25"
10010012,"BUKATIRA PS_198",,099008198,"Semuto , Nakaseke","Bukatira PS",42,45.85,529.54,"17-04-2025 11:24"
10010012,"BUKATIRA PS_198",,099008198,"Semuto , Nakaseke","Bukatira PS",41,0,575.39,"17-04-2025 11:21"
21211722,"BUKATIRA PS_167",,099008167,"Semuto , Nakaseke","Bukatira PS",14,109.16,199.13,"17-04-2025 11:07"
21211722,"BUKATIRA PS_167",,099008167,"Semuto , Nakaseke","Bukatira PS",13,0,308.29,"17-04-2025 10:59"
14123722,"BUKATIRA PS_008",,099008008,"Semuto , Nakaseke","Bukatira PS",21,0,934.06,"17-04-2025 10:57"
14123722,"BUKATIRA PS_008",,099008008,"Semuto , Nakaseke","Bukatira PS",20,0,934.73,"17-04-2025 10:57"
14123722,"BUKATIRA PS_008",,099008008,"Semuto , Nakaseke","Bukatira PS",20,0,934.73,"17-04-2025 10:57"
14123722,"BUKATIRA PS_008",,099008008,"Semuto , Nakaseke","Bukatira PS",19,0,935.71,"17-04-2025 10:56"
14123722,"BUKATIRA PS_008",,099008008,"Semuto , Nakaseke","Bukatira PS",20,0.98,934.73,"17-04-2025 10:56"
14123722,"BUKATIRA PS_008",,099008008,"Semuto , Nakaseke","Bukatira PS",19,0.39,935.71,"17-04-2025 10:56"
14111623,"BUKATIRA PS_037",,099008037,"Semuto , Nakaseke","Bukatira PS",11,31.58,870.86,"17-04-2025 10:55"
14111623,"BUKATIRA PS_037",,099008037,"Semuto , Nakaseke","Bukatira PS",10,0,902.44,"17-04-2025 10:53"
11617612,"BUKATIRA PS_172",,099008172,"Semuto , Nakaseke","Bukatira PS",52,1.58,64.49,"17-04-2025 10:49"
11617612,"BUKATIRA PS_172",,099008172,"Semuto , Nakaseke","Bukatira PS",51,0,66.07,"17-04-2025 10:48"
11617612,"BUKATIRA PS_172",,099008172,"Semuto , Nakaseke","Bukatira PS",51,35.88,66.07,"17-04-2025 10:48"
11617612,"BUKATIRA PS_172",,099008172,"Semuto , Nakaseke","Bukatira PS",50,0,101.95,"17-04-2025 10:45"
42071232,"BUKATIRA PS_176",,099008176,"Semuto , Nakaseke","Bukatira PS",45,0,252.98,"17-04-2025 10:44"
11617612,"BUKATIRA PS_172",,099008172,"Semuto , Nakaseke","Bukatira PS",50,19.96,101.95,"17-04-2025 10:44"
11617612,"BUKATIRA PS_172",,099008172,"Semuto , Nakaseke","Bukatira PS",49,1.02,121.91,"17-04-2025 10:42"
11617612,"BUKATIRA PS_172",,099008172,"Semuto , Nakaseke","Bukatira PS",48,2.84,122.93,"17-04-2025 10:42"
21211722,"BUKATIRA PS_167",,099008167,"Semuto , Nakaseke","Bukatira PS",13,112.58,308.29,"17-04-2025 10:42"
14123722,"BUKATIRA PS_008",,099008008,"Semuto , Nakaseke","Bukatira PS",19,1.59,935.71,"17-04-2025 10:34"
14123722,"BUKATIRA PS_008",,099008008,"Semuto , Nakaseke","Bukatira PS",18,14.06,937.3,"17-04-2025 10:34"
15714111,"BUKATIRA PS_001",,099008001,"Semuto , Nakaseke","Bukatira PS",143,0,0,"17-04-2025 10:32"
19514515,"BUKATIRA PS_089",,099008089,"Semuto , Nakaseke","Bukatira PS",36,125.36,58.82,"17-04-2025 10:32"
19514515,"BUKATIRA PS_089",,099008089,"Semuto , Nakaseke","Bukatira PS",35,0,184.18,"17-04-2025 10:24"
19514515,"BUKATIRA PS_089",,099008089,"Semuto , Nakaseke","Bukatira PS",35,8.58,184.18,"17-04-2025 10:23"
19514515,"BUKATIRA PS_089",,099008089,"Semuto , Nakaseke","Bukatira PS",34,3.41,192.77,"17-04-2025 10:23"
19514515,"BUKATIRA PS_089",,099008089,"Semuto , Nakaseke","Bukatira PS",33,0,196.18,"17-04-2025 10:23"
19514515,"BUKATIRA PS_089",,099008089,"Semuto , Nakaseke","Bukatira PS",33,46.76,196.18,"17-04-2025 10:21"
19514515,"BUKATIRA PS_089",,099008089,"Semuto , Nakaseke","Bukatira PS",32,0,242.94,"17-04-2025 10:18"
18017123,"BUKATIRA PS_160",,099008160,"Semuto , Nakaseke","Bukatira PS",66,18.21,587.79,"17-04-2025 10:15"
18017123,"BUKATIRA PS_160",,099008160,"Semuto , Nakaseke","Bukatira PS",65,0,606,"17-04-2025 10:13"
18017123,"BUKATIRA PS_160",,099008160,"Semuto , Nakaseke","Bukatira PS",65,20,606,"17-04-2025 10:13"
18017123,"BUKATIRA PS_160",,099008160,"Semuto , Nakaseke","Bukatira PS",64,0,626,"17-04-2025 10:11"
18017123,"BUKATIRA PS_160",,099008160,"Semuto , Nakaseke","Bukatira PS",64,8.25,626,"17-04-2025 10:10"
18017123,"BUKATIRA PS_160",,099008160,"Semuto , Nakaseke","Bukatira PS",63,0,634.26,"17-04-2025 10:10"
18017123,"BUKATIRA PS_160",,099008160,"Semuto , Nakaseke","Bukatira PS",63,8.94,634.26,"17-04-2025 10:09"
18017123,"BUKATIRA PS_160",,099008160,"Semuto , Nakaseke","Bukatira PS",62,0,643.19,"17-04-2025 10:09"
16420512,"BUKATIRA PS_188",,099008188,"Semuto , Nakaseke","Bukatira PS",28,19.46,881.09,"17-04-2025 10:08"
16420512,"BUKATIRA PS_188",,099008188,"Semuto , Nakaseke","Bukatira PS",27,0,900.55,"17-04-2025 10:07"
16420512,"BUKATIRA PS_188",,099008188,"Semuto , Nakaseke","Bukatira PS",27,19.17,900.55,"17-04-2025 10:07"
16420512,"BUKATIRA PS_188",,099008188,"Semuto , Nakaseke","Bukatira PS",26,0,919.72,"17-04-2025 10:06"
16420512,"BUKATIRA PS_188",,099008188,"Semuto , Nakaseke","Bukatira PS",26,40.42,919.72,"17-04-2025 10:05"
16420512,"BUKATIRA PS_188",,099008188,"Semuto , Nakaseke","Bukatira PS",25,0,960.14,"17-04-2025 10:03"
84216121,"BUKATIRA PS_158",,099008158,"Semuto , Nakaseke","Bukatira PS",22,38.03,264.04,"17-04-2025 10:02"
16420512,"BUKATIRA PS_188",,099008188,"Semuto , Nakaseke","Bukatira PS",25,39.86,960.14,"17-04-2025 09:59"
16420512,"BUKATIRA PS_188",,099008188,"Semuto , Nakaseke","Bukatira PS",24,0,1000,"17-04-2025 09:56"
42071232,"BUKATIRA PS_176",,099008176,"Semuto , Nakaseke","Bukatira PS",44,0,253.85,"17-04-2025 09:55"
20966422,"BUKATIRA PS_162",,099008162,"Semuto , Nakaseke","Bukatira PS",10,77.23,151.71,"17-04-2025 09:54"
18017123,"BUKATIRA PS_160",,099008160,"Semuto , Nakaseke","Bukatira PS",62,80.28,643.19,"17-04-2025 09:47"
19514515,"BUKATIRA PS_089",,099008089,"Semuto , Nakaseke","Bukatira PS",32,28.93,242.94,"17-04-2025 09:42"
16420512,"BUKATIRA PS_188",,099008188,"Semuto , Nakaseke","Bukatira PS",24,0,1000,"17-04-2025 09:40"
16420512,"BUKATIRA PS_188",,099008188,"Semuto , Nakaseke","Bukatira PS",24,0,0,"17-04-2025 09:40"
19514515,"BUKATIRA PS_089",,099008089,"Semuto , Nakaseke","Bukatira PS",31,29.64,271.87,"17-04-2025 09:40"
19514515,"BUKATIRA PS_089",,099008089,"Semuto , Nakaseke","Bukatira PS",30,11.31,301.51,"17-04-2025 09:38"
42071232,"BUKATIRA PS_176",,099008176,"Semuto , Nakaseke","Bukatira PS",44,22.24,253.85,"17-04-2025 09:36"
16420512,"BUKATIRA PS_188",,099008188,"Semuto , Nakaseke","Bukatira PS",24,0,0,"17-04-2025 09:35"
19514515,"BUKATIRA PS_089",,099008089,"Semuto , Nakaseke","Bukatira PS",29,50.51,312.82,"17-04-2025 09:35"
19514515,"BUKATIRA PS_089",,099008089,"Semuto , Nakaseke","Bukatira PS",28,0,363.33,"17-04-2025 09:31"
19514515,"BUKATIRA PS_089",,099008089,"Semuto , Nakaseke","Bukatira PS",27,1.11,364.09,"17-04-2025 09:31"
19514515,"BUKATIRA PS_089",,099008089,"Semuto , Nakaseke","Bukatira PS",26,0,365.19,"17-04-2025 09:30"
19514515,"BUKATIRA PS_089",,099008089,"Semuto , Nakaseke","Bukatira PS",26,0,365.19,"17-04-2025 09:30"
19514515,"BUKATIRA PS_089",,099008089,"Semuto , Nakaseke","Bukatira PS",25,0.49,365.72,"17-04-2025 09:30"
19514515,"BUKATIRA PS_089",,099008089,"Semuto , Nakaseke","Bukatira PS",24,0,366.22,"17-04-2025 09:30"
19514515,"BUKATIRA PS_089",,099008089,"Semuto , Nakaseke","Bukatira PS",23,1.68,367.3,"17-04-2025 09:29"
19514515,"BUKATIRA PS_089",,099008089,"Semuto , Nakaseke","Bukatira PS",22,0,368.97,"17-04-2025 09:29"
19514515,"BUKATIRA PS_089",,099008089,"Semuto , Nakaseke","Bukatira PS",22,42.64,368.97,"17-04-2025 09:29"
19514515,"BUKATIRA PS_089",,099008089,"Semuto , Nakaseke","Bukatira PS",21,0,411.61,"17-04-2025 09:26"
14123722,"BUKATIRA PS_008",,099008008,"Semuto , Nakaseke","Bukatira PS",17,1.79,951.36,"17-04-2025 09:25"
14123722,"BUKATIRA PS_008",,099008008,"Semuto , Nakaseke","Bukatira PS",16,0,953.15,"17-04-2025 09:24"
14123722,"BUKATIRA PS_008",,099008008,"Semuto , Nakaseke","Bukatira PS",16,3.06,953.15,"17-04-2025 09:24"
14123722,"BUKATIRA PS_008",,099008008,"Semuto , Nakaseke","Bukatira PS",15,0,956.21,"17-04-2025 09:24"
14123722,"BUKATIRA PS_008",,099008008,"Semuto , Nakaseke","Bukatira PS",15,1.43,956.21,"17-04-2025 09:23"
14123722,"BUKATIRA PS_008",,099008008,"Semuto , Nakaseke","Bukatira PS",14,0,957.65,"17-04-2025 09:23"
14123722,"BUKATIRA PS_008",,099008008,"Semuto , Nakaseke","Bukatira PS",14,2.79,957.65,"17-04-2025 09:23"
14120410,"BUKATIRA PS_072",,099008072,"Semuto , Nakaseke","Bukatira PS",25,0,0,"17-04-2025 09:22"
14123722,"BUKATIRA PS_008",,099008008,"Semuto , Nakaseke","Bukatira PS",13,5.19,960.43,"17-04-2025 09:21"
14123722,"BUKATIRA PS_008",,099008008,"Semuto , Nakaseke","Bukatira PS",12,0.77,965.63,"17-04-2025 09:20"
14123722,"BUKATIRA PS_008",,099008008,"Semuto , Nakaseke","Bukatira PS",10,0,967.38,"17-04-2025 09:20"
14123722,"BUKATIRA PS_008",,099008008,"Semuto , Nakaseke","Bukatira PS",9,0,968.02,"17-04-2025 09:20"
15714111,"BUKATIRA PS_001",,099008001,"Semuto , Nakaseke","Bukatira PS",143,0,0,"17-04-2025 09:20"
14123722,"BUKATIRA PS_008",,099008008,"Semuto , Nakaseke","Bukatira PS",9,2.32,968.02,"17-04-2025 09:19"
14123722,"BUKATIRA PS_008",,099008008,"Semuto , Nakaseke","Bukatira PS",8,5.64,970.34,"17-04-2025 09:19"
14123722,"BUKATIRA PS_008",,099008008,"Semuto , Nakaseke","Bukatira PS",7,0,975.98,"17-04-2025 09:18"
14123722,"BUKATIRA PS_008",,099008008,"Semuto , Nakaseke","Bukatira PS",7,0,975.98,"17-04-2025 09:18"
14123722,"BUKATIRA PS_008",,099008008,"Semuto , Nakaseke","Bukatira PS",7,5.88,975.98,"17-04-2025 09:18"
14123722,"BUKATIRA PS_008",,099008008,"Semuto , Nakaseke","Bukatira PS",6,0,981.86,"17-04-2025 09:16"
19514515,"BUKATIRA PS_089",,099008089,"Semuto , Nakaseke","Bukatira PS",21,43.04,411.61,"17-04-2025 09:00"
19514515,"BUKATIRA PS_089",,099008089,"Semuto , Nakaseke","Bukatira PS",20,0,454.65,"17-04-2025 08:57"
19514515,"BUKATIRA PS_089",,099008089,"Semuto , Nakaseke","Bukatira PS",20,0,454.65,"17-04-2025 08:57"
19514515,"BUKATIRA PS_089",,099008089,"Semuto , Nakaseke","Bukatira PS",20,6.56,454.65,"17-04-2025 08:56"
19514515,"BUKATIRA PS_089",,099008089,"Semuto , Nakaseke","Bukatira PS",19,69.87,461.21,"17-04-2025 08:56"
19514515,"BUKATIRA PS_089",,099008089,"Semuto , Nakaseke","Bukatira PS",18,0,531.08,"17-04-2025 08:51"
19514515,"BUKATIRA PS_089",,099008089,"Semuto , Nakaseke","Bukatira PS",18,0,531.08,"17-04-2025 08:50"
19514515,"BUKATIRA PS_089",,099008089,"Semuto , Nakaseke","Bukatira PS",17,0,531.6,"17-04-2025 08:50"
19514515,"BUKATIRA PS_089",,099008089,"Semuto , Nakaseke","Bukatira PS",16,0,532.42,"17-04-2025 08:50"
19514515,"BUKATIRA PS_089",,099008089,"Semuto , Nakaseke","Bukatira PS",16,0,532.42,"17-04-2025 08:50"
19514515,"BUKATIRA PS_089",,099008089,"Semuto , Nakaseke","Bukatira PS",16,0,532.42,"17-04-2025 08:49"
19514515,"BUKATIRA PS_089",,099008089,"Semuto , Nakaseke","Bukatira PS",16,1.55,532.42,"17-04-2025 08:49"
19514515,"BUKATIRA PS_089",,099008089,"Semuto , Nakaseke","Bukatira PS",15,0.49,533.97,"17-04-2025 08:49"
19514515,"BUKATIRA PS_089",,099008089,"Semuto , Nakaseke","Bukatira PS",14,0,534.81,"17-04-2025 08:49"
19514515,"BUKATIRA PS_089",,099008089,"Semuto , Nakaseke","Bukatira PS",13,2.37,536.23,"17-04-2025 08:48"
19514515,"BUKATIRA PS_089",,099008089,"Semuto , Nakaseke","Bukatira PS",12,3.29,538.6,"17-04-2025 08:48"
19514515,"BUKATIRA PS_089",,099008089,"Semuto , Nakaseke","Bukatira PS",11,0,541.89,"17-04-2025 08:48"
19514515,"BUKATIRA PS_089",,099008089,"Semuto , Nakaseke","Bukatira PS",11,0,541.89,"17-04-2025 08:47"
19514515,"BUKATIRA PS_089",,099008089,"Semuto , Nakaseke","Bukatira PS",10,0.47,542.53,"17-04-2025 08:47"
19514515,"BUKATIRA PS_089",,099008089,"Semuto , Nakaseke","Bukatira PS",10,0,542.53,"17-04-2025 08:47"
19514515,"BUKATIRA PS_089",,099008089,"Semuto , Nakaseke","Bukatira PS",10,1.38,542.53,"17-04-2025 08:47"
19514515,"BUKATIRA PS_089",,099008089,"Semuto , Nakaseke","Bukatira PS",9,1.76,543.91,"17-04-2025 08:47"
19514515,"BUKATIRA PS_089",,099008089,"Semuto , Nakaseke","Bukatira PS",7,0,547.38,"17-04-2025 08:46"
19514515,"BUKATIRA PS_089",,099008089,"Semuto , Nakaseke","Bukatira PS",7,0.23,547.38,"17-04-2025 08:46"
19514515,"BUKATIRA PS_089",,099008089,"Semuto , Nakaseke","Bukatira PS",6,0.17,547.99,"17-04-2025 08:46"
19514515,"BUKATIRA PS_089",,099008089,"Semuto , Nakaseke","Bukatira PS",6,0,547.99,"17-04-2025 08:46"
19514515,"BUKATIRA PS_089",,099008089,"Semuto , Nakaseke","Bukatira PS",6,0,547.99,"17-04-2025 08:45"
14124618,"BUKATIRA PS_017",,099008017,"Semuto , Nakaseke","Bukatira PS",9,18.41,709.03,"17-04-2025 08:39"
14124618,"BUKATIRA PS_017",,099008017,"Semuto , Nakaseke","Bukatira PS",8,0,727.44,"17-04-2025 08:38"
14124618,"BUKATIRA PS_017",,099008017,"Semuto , Nakaseke","Bukatira PS",8,19.9,727.44,"17-04-2025 08:38"
14124618,"BUKATIRA PS_017",,099008017,"Semuto , Nakaseke","Bukatira PS",7,0,747.33,"17-04-2025 08:36"
16420512,"BUKATIRA PS_188",,099008188,"Semuto , Nakaseke","Bukatira PS",24,0,0,"17-04-2025 08:36"
16420512,"BUKATIRA PS_188",,099008188,"Semuto , Nakaseke","Bukatira PS",24,0,0,"17-04-2025 08:36"
16420512,"BUKATIRA PS_188",,099008188,"Semuto , Nakaseke","Bukatira PS",24,0,0,"17-04-2025 08:35"
16420512,"BUKATIRA PS_188",,099008188,"Semuto , Nakaseke","Bukatira PS",24,0,0,"17-04-2025 08:35"
16420512,"BUKATIRA PS_188",,099008188,"Semuto , Nakaseke","Bukatira PS",24,0,0,"17-04-2025 08:34"
16420512,"BUKATIRA PS_188",,099008188,"Semuto , Nakaseke","Bukatira PS",24,0,0,"17-04-2025 08:34"
16420512,"BUKATIRA PS_188",,099008188,"Semuto , Nakaseke","Bukatira PS",24,17.12,0.54,"17-04-2025 08:34"
16420512,"BUKATIRA PS_188",,099008188,"Semuto , Nakaseke","Bukatira PS",23,0,17.66,"17-04-2025 08:29"
19514515,"BUKATIRA PS_089",,099008089,"Semuto , Nakaseke","Bukatira PS",6,60.62,547.99,"17-04-2025 08:27"
19514515,"BUKATIRA PS_089",,099008089,"Semuto , Nakaseke","Bukatira PS",5,98.94,608.61,"17-04-2025 08:23"
19514515,"BUKATIRA PS_089",,099008089,"Semuto , Nakaseke","Bukatira PS",4,0,707.55,"17-04-2025 08:16"
10030117,"BUKATIRA PS_163",,099008163,"Semuto , Nakaseke","Bukatira PS",19,39.68,388.11,"17-04-2025 07:39"
10030117,"BUKATIRA PS_163",,099008163,"Semuto , Nakaseke","Bukatira PS",18,0,427.79,"17-04-2025 07:35"
14123722,"BUKATIRA PS_008",,099008008,"Semuto , Nakaseke","Bukatira PS",6,3.47,981.86,"17-04-2025 07:35"
14123722,"BUKATIRA PS_008",,099008008,"Semuto , Nakaseke","Bukatira PS",5,0,985.32,"17-04-2025 07:34"
14123722,"BUKATIRA PS_008",,099008008,"Semuto , Nakaseke","Bukatira PS",5,0.22,985.32,"17-04-2025 07:33"
15714111,"BUKATIRA PS_001",,099008001,"Semuto , Nakaseke","Bukatira PS",143,0,0,"17-04-2025 07:33"
14123722,"BUKATIRA PS_008",,099008008,"Semuto , Nakaseke","Bukatira PS",5,1.05,985.32,"17-04-2025 07:33"
14123722,"BUKATIRA PS_008",,099008008,"Semuto , Nakaseke","Bukatira PS",4,0,986.37,"17-04-2025 07:33"
14123722,"BUKATIRA PS_008",,099008008,"Semuto , Nakaseke","Bukatira PS",4,0,986.37,"17-04-2025 07:32"
15714111,"BUKATIRA PS_001",,099008001,"Semuto , Nakaseke","Bukatira PS",143,0,0,"17-04-2025 07:32"
14123722,"BUKATIRA PS_008",,099008008,"Semuto , Nakaseke","Bukatira PS",4,2.58,986.37,"17-04-2025 07:32"
14123722,"BUKATIRA PS_008",,099008008,"Semuto , Nakaseke","Bukatira PS",3,0.09,988.95,"17-04-2025 07:31"
14123722,"BUKATIRA PS_008",,099008008,"Semuto , Nakaseke","Bukatira PS",3,0,988.95,"17-04-2025 07:31"
14123722,"BUKATIRA PS_008",,099008008,"Semuto , Nakaseke","Bukatira PS",2,0,989.76,"17-04-2025 07:30"
14123722,"BUKATIRA PS_008",,099008008,"Semuto , Nakaseke","Bukatira PS",2,9.44,989.76,"17-04-2025 07:30"
14123722,"BUKATIRA PS_008",,099008008,"Semuto , Nakaseke","Bukatira PS",1,0,999.2,"17-04-2025 07:29"
15714111,"BUKATIRA PS_001",,099008001,"Semuto , Nakaseke","Bukatira PS",143,0,0,"17-04-2025 07:29"
10030117,"BUKATIRA PS_163",,099008163,"Semuto , Nakaseke","Bukatira PS",18,80.63,427.79,"17-04-2025 07:22"
10030117,"BUKATIRA PS_163",,099008163,"Semuto , Nakaseke","Bukatira PS",17,0,508.42,"17-04-2025 07:15"
18017123,"BUKATIRA PS_160",,099008160,"Semuto , Nakaseke","Bukatira PS",61,20.38,723.47,"17-04-2025 07:15"
18017123,"BUKATIRA PS_160",,099008160,"Semuto , Nakaseke","Bukatira PS",60,15.65,743.85,"17-04-2025 07:13"
18017123,"BUKATIRA PS_160",,099008160,"Semuto , Nakaseke","Bukatira PS",59,0,759.5,"17-04-2025 07:12"
18017123,"BUKATIRA PS_160",,099008160,"Semuto , Nakaseke","Bukatira PS",59,37.47,759.5,"17-04-2025 07:11"
18017123,"BUKATIRA PS_160",,099008160,"Semuto , Nakaseke","Bukatira PS",58,0,796.97,"17-04-2025 07:08"
18017123,"BUKATIRA PS_160",,099008160,"Semuto , Nakaseke","Bukatira PS",58,11.9,796.97,"17-04-2025 07:08"
18017123,"BUKATIRA PS_160",,099008160,"Semuto , Nakaseke","Bukatira PS",57,0,808.88,"17-04-2025 07:07"
18017123,"BUKATIRA PS_160",,099008160,"Semuto , Nakaseke","Bukatira PS",57,26.65,808.88,"17-04-2025 07:06"
18017123,"BUKATIRA PS_160",,099008160,"Semuto , Nakaseke","Bukatira PS",56,0,835.53,"17-04-2025 07:04"
14124618,"BUKATIRA PS_017",,099008017,"Semuto , Nakaseke","Bukatira PS",7,17.97,747.33,"17-04-2025 07:03"
14124618,"BUKATIRA PS_017",,099008017,"Semuto , Nakaseke","Bukatira PS",6,0,765.31,"17-04-2025 07:02"
14124618,"BUKATIRA PS_017",,099008017,"Semuto , Nakaseke","Bukatira PS",6,20.11,765.31,"17-04-2025 07:01"
14124618,"BUKATIRA PS_017",,099008017,"Semuto , Nakaseke","Bukatira PS",5,0,785.41,"17-04-2025 07:00"
21811521,"BUKATIRA PS_094",,099008094,"Semuto , Nakaseke","Bukatira PS",4,36.39,802.93,"17-04-2025 07:00"
21811521,"BUKATIRA PS_094",,099008094,"Semuto , Nakaseke","Bukatira PS",3,0,839.32,"17-04-2025 06:56"
14123722,"BUKATIRA PS_008",,099008008,"Semuto , Nakaseke","Bukatira PS",0,0,1000,"17-04-2025 06:56"
14123722,"BUKATIRA PS_008",,099008008,"Semuto , Nakaseke","Bukatira PS",0,0,1000,"17-04-2025 06:55"
14123722,"BUKATIRA PS_008",,099008008,"Semuto , Nakaseke","Bukatira PS",0,0,1000,"17-04-2025 06:55"
19514515,"BUKATIRA PS_089",,099008089,"Semuto , Nakaseke","Bukatira PS",4,37.26,707.55,"17-04-2025 06:55"
19514515,"BUKATIRA PS_089",,099008089,"Semuto , Nakaseke","Bukatira PS",3,0,744.8,"17-04-2025 06:52"
19514515,"BUKATIRA PS_089",,099008089,"Semuto , Nakaseke","Bukatira PS",3,121.49,744.8,"17-04-2025 06:52"
19514515,"BUKATIRA PS_089",,099008089,"Semuto , Nakaseke","Bukatira PS",2,0,866.3,"17-04-2025 06:39"
14819411,"BUKATIRA PS_155",,099008155,"Semuto , Nakaseke","Bukatira PS",18,25.14,693.22,"17-04-2025 06:36"
14819411,"BUKATIRA PS_155",,099008155,"Semuto , Nakaseke","Bukatira PS",17,0,718.36,"17-04-2025 06:31"
19514515,"BUKATIRA PS_089",,099008089,"Semuto , Nakaseke","Bukatira PS",2,2.11,866.3,"17-04-2025 06:30"
19514515,"BUKATIRA PS_089",,099008089,"Semuto , Nakaseke","Bukatira PS",1,0,868.41,"17-04-2025 06:25"
16420512,"BUKATIRA PS_188",,099008188,"Semuto , Nakaseke","Bukatira PS",23,38.6,17.66,"17-04-2025 06:12"
16420512,"BUKATIRA PS_188",,099008188,"Semuto , Nakaseke","Bukatira PS",22,0,56.26,"17-04-2025 06:10"
16420512,"BUKATIRA PS_188",,099008188,"Semuto , Nakaseke","Bukatira PS",22,40.7,56.26,"17-04-2025 06:10"
16420512,"BUKATIRA PS_188",,099008188,"Semuto , Nakaseke","Bukatira PS",21,0.18,96.96,"17-04-2025 06:07"
16420512,"BUKATIRA PS_188",,099008188,"Semuto , Nakaseke","Bukatira PS",21,0,96.96,"17-04-2025 06:06"
19514515,"BUKATIRA PS_089",,099008089,"Semuto , Nakaseke","Bukatira PS",1,131.59,868.41,"17-04-2025 06:06"
19514515,"BUKATIRA PS_089",,099008089,"Semuto , Nakaseke","Bukatira PS",0,0,1000,"17-04-2025 05:53"
15725223,"BUKATIRA PS_006",,099008006,"Semuto , Nakaseke","Bukatira PS",34,34.11,0.84,"17-04-2025 05:49"
15725223,"BUKATIRA PS_006",,099008006,"Semuto , Nakaseke","Bukatira PS",33,0,34.95,"17-04-2025 05:44"
14123722,"BUKATIRA PS_008",,099008008,"Semuto , Nakaseke","Bukatira PS",0,0,1000,"17-04-2025 05:44"
20132131,"BUKATIRA PS_200",,099008200,"Semuto , Nakaseke","Bukatira PS",7,37.42,693.52,"17-04-2025 05:43"
20132131,"BUKATIRA PS_200",,099008200,"Semuto , Nakaseke","Bukatira PS",6,0,730.94,"17-04-2025 05:40"
10015130,"BUKATIRA PS_152",,099008152,"Semuto , Nakaseke","Bukatira PS",11,42.54,482.57,"17-04-2025 05:40"
10015130,"BUKATIRA PS_152",,099008152,"Semuto , Nakaseke","Bukatira PS",10,0,525.11,"17-04-2025 05:38"
15714111,"BUKATIRA PS_001",,099008001,"Semuto , Nakaseke","Bukatira PS",143,0,0,"17-04-2025 05:37"
10015130,"BUKATIRA PS_152",,099008152,"Semuto , Nakaseke","Bukatira PS",10,40.06,525.11,"17-04-2025 05:37"
10015130,"BUKATIRA PS_152",,099008152,"Semuto , Nakaseke","Bukatira PS",9,0,565.16,"17-04-2025 05:34"
15714111,"BUKATIRA PS_001",,099008001,"Semuto , Nakaseke","Bukatira PS",143,0,0,"17-04-2025 05:33"
14114725,"BUKATIRA PS_012",,099008012,"Semuto , Nakaseke","Bukatira PS",41,0,0,"17-04-2025 05:32"
15714111,"BUKATIRA PS_001",,099008001,"Semuto , Nakaseke","Bukatira PS",143,30.05,0.04,"17-04-2025 05:32"
15714111,"BUKATIRA PS_001",,099008001,"Semuto , Nakaseke","Bukatira PS",142,56.6,30.08,"17-04-2025 05:30"
14114725,"BUKATIRA PS_012",,099008012,"Semuto , Nakaseke","Bukatira PS",41,0,0,"17-04-2025 05:25"
15714111,"BUKATIRA PS_001",,099008001,"Semuto , Nakaseke","Bukatira PS",141,75.75,86.69,"17-04-2025 05:25"
15714111,"BUKATIRA PS_001",,099008001,"Semuto , Nakaseke","Bukatira PS",140,26.33,162.44,"17-04-2025 05:20"
15714111,"BUKATIRA PS_001",,099008001,"Semuto , Nakaseke","Bukatira PS",139,0.79,188.76,"17-04-2025 05:19"
15714111,"BUKATIRA PS_001",,099008001,"Semuto , Nakaseke","Bukatira PS",138,97.51,189.55,"17-04-2025 05:19"
14114725,"BUKATIRA PS_012",,099008012,"Semuto , Nakaseke","Bukatira PS",41,0,0,"17-04-2025 05:12"
15725223,"BUKATIRA PS_006",,099008006,"Semuto , Nakaseke","Bukatira PS",33,162.06,34.95,"17-04-2025 05:12"
15725223,"BUKATIRA PS_006",,099008006,"Semuto , Nakaseke","Bukatira PS",32,0,197.01,"17-04-2025 05:01"
14121612,"BUKATIRA PS_029",,099008029,"Semuto , Nakaseke","Bukatira PS",5,0,158.14,"17-04-2025 05:01"
14121612,"BUKATIRA PS_029",,099008029,"Semuto , Nakaseke","Bukatira PS",4,174.99,159.79,"17-04-2025 04:59"
13216411,"BUKATIRA PS_185",,099008185,"Semuto , Nakaseke","Bukatira PS",17,85.7,264.77,"17-04-2025 04:49"
14121612,"BUKATIRA PS_029",,099008029,"Semuto , Nakaseke","Bukatira PS",3,92.92,334.78,"17-04-2025 04:44"
14116840,"BUKATIRA PS_035",,099008035,"Semuto , Nakaseke","Bukatira PS",14,0,0,"17-04-2025 04:39"
14114943,"BUKATIRA PS_042",,099008042,"Semuto , Nakaseke","Bukatira PS",26,0,0,"17-04-2025 04:39"
15759241,"BUKATIRA PS_043",,099008043,"Semuto , Nakaseke","Bukatira PS",15,0,0,"17-04-2025 04:38"
15725223,"BUKATIRA PS_006",,099008006,"Semuto , Nakaseke","Bukatira PS",32,158.85,197.01,"17-04-2025 04:38"
15725223,"BUKATIRA PS_006",,099008006,"Semuto , Nakaseke","Bukatira PS",31,0,355.86,"17-04-2025 04:26"
15725223,"BUKATIRA PS_006",,099008006,"Semuto , Nakaseke","Bukatira PS",31,0,355.86,"17-04-2025 04:18"
15725223,"BUKATIRA PS_006",,099008006,"Semuto , Nakaseke","Bukatira PS",31,40.56,355.86,"17-04-2025 04:17"
15725223,"BUKATIRA PS_006",,099008006,"Semuto , Nakaseke","Bukatira PS",30,0,396.42,"17-04-2025 04:14"
24415513,"BUKATIRA PS_189",,099008189,"Semuto , Nakaseke","Bukatira PS",29,0,0,"17-04-2025 04:06"
24415513,"BUKATIRA PS_189",,099008189,"Semuto , Nakaseke","Bukatira PS",29,0,0,"17-04-2025 04:06"
24415513,"BUKATIRA PS_189",,099008189,"Semuto , Nakaseke","Bukatira PS",29,0,0,"17-04-2025 04:06"
24415513,"BUKATIRA PS_189",,099008189,"Semuto , Nakaseke","Bukatira PS",29,0,0,"17-04-2025 04:04"
24415513,"BUKATIRA PS_189",,099008189,"Semuto , Nakaseke","Bukatira PS",29,0,0,"17-04-2025 04:04"
24415513,"BUKATIRA PS_189",,099008189,"Semuto , Nakaseke","Bukatira PS",29,0,0,"17-04-2025 04:04"
24415513,"BUKATIRA PS_189",,099008189,"Semuto , Nakaseke","Bukatira PS",29,0,0,"17-04-2025 04:03"
24415513,"BUKATIRA PS_189",,099008189,"Semuto , Nakaseke","Bukatira PS",29,0,0,"17-04-2025 04:02"
24415513,"BUKATIRA PS_189",,099008189,"Semuto , Nakaseke","Bukatira PS",29,0,0,"17-04-2025 04:02"
24415513,"BUKATIRA PS_189",,099008189,"Semuto , Nakaseke","Bukatira PS",29,25.07,0.2,"17-04-2025 04:02"
24415513,"BUKATIRA PS_189",,099008189,"Semuto , Nakaseke","Bukatira PS",28,0,25.27,"17-04-2025 03:59"
24415513,"BUKATIRA PS_189",,099008189,"Semuto , Nakaseke","Bukatira PS",28,35.35,25.27,"17-04-2025 03:58"
24415513,"BUKATIRA PS_189",,099008189,"Semuto , Nakaseke","Bukatira PS",27,0,60.62,"17-04-2025 03:55"
24415513,"BUKATIRA PS_189",,099008189,"Semuto , Nakaseke","Bukatira PS",27,34.05,60.62,"17-04-2025 03:54"
24415513,"BUKATIRA PS_189",,099008189,"Semuto , Nakaseke","Bukatira PS",26,0,94.66,"17-04-2025 03:52"
13217212,"BUKATIRA PS_195",,099008195,"Semuto , Nakaseke","Bukatira PS",29,18.99,269.75,"17-04-2025 03:52"
13217212,"BUKATIRA PS_195",,099008195,"Semuto , Nakaseke","Bukatira PS",28,0,288.74,"17-04-2025 03:51"
13217212,"BUKATIRA PS_195",,099008195,"Semuto , Nakaseke","Bukatira PS",28,19.89,288.74,"17-04-2025 03:50"
13217212,"BUKATIRA PS_195",,099008195,"Semuto , Nakaseke","Bukatira PS",27,0,308.62,"17-04-2025 03:48"
10010012,"BUKATIRA PS_198",,099008198,"Semuto , Nakaseke","Bukatira PS",41,39.88,575.39,"17-04-2025 03:48"
10010012,"BUKATIRA PS_198",,099008198,"Semuto , Nakaseke","Bukatira PS",40,0,615.26,"17-04-2025 03:45"
10010012,"BUKATIRA PS_198",,099008198,"Semuto , Nakaseke","Bukatira PS",40,40.12,615.26,"17-04-2025 03:45"
10010012,"BUKATIRA PS_198",,099008198,"Semuto , Nakaseke","Bukatira PS",39,0,655.38,"17-04-2025 03:43"
14114519,"BUKATIRA PS_015",,099008015,"Semuto , Nakaseke","Bukatira PS",28,38.12,261.81,"16-04-2025 19:00"
14114519,"BUKATIRA PS_015",,099008015,"Semuto , Nakaseke","Bukatira PS",27,0,299.93,"16-04-2025 18:58"
14114519,"BUKATIRA PS_015",,099008015,"Semuto , Nakaseke","Bukatira PS",26,0,300.9,"16-04-2025 18:57"
14114519,"BUKATIRA PS_015",,099008015,"Semuto , Nakaseke","Bukatira PS",26,1.54,300.9,"16-04-2025 18:57"
14114519,"BUKATIRA PS_015",,099008015,"Semuto , Nakaseke","Bukatira PS",25,0,302.45,"16-04-2025 18:56"
10010012,"BUKATIRA PS_198",,099008198,"Semuto , Nakaseke","Bukatira PS",39,43.31,655.38,"16-04-2025 18:30"
10010012,"BUKATIRA PS_198",,099008198,"Semuto , Nakaseke","Bukatira PS",38,0,698.69,"16-04-2025 18:25"
10010012,"BUKATIRA PS_198",,099008198,"Semuto , Nakaseke","Bukatira PS",38,41.45,698.69,"16-04-2025 18:25"
10010012,"BUKATIRA PS_198",,099008198,"Semuto , Nakaseke","Bukatira PS",37,0,740.14,"16-04-2025 18:21"
14124618,"BUKATIRA PS_017",,099008017,"Semuto , Nakaseke","Bukatira PS",5,39.55,785.41,"16-04-2025 18:09"
14124618,"BUKATIRA PS_017",,099008017,"Semuto , Nakaseke","Bukatira PS",4,0,824.96,"16-04-2025 18:07"
15778503,"BUKATIRA PS_031",,099008031,"Semuto , Nakaseke","Bukatira PS",9,22.11,4234.71,"16-04-2025 17:34"
15778503,"BUKATIRA PS_031",,099008031,"Semuto , Nakaseke","Bukatira PS",8,0,4256.82,"16-04-2025 17:32"
10021412,"BUKATIRA PS_194",,099008194,"Semuto , Nakaseke","Bukatira PS",9,44.5,736.93,"16-04-2025 17:22"
10021412,"BUKATIRA PS_194",,099008194,"Semuto , Nakaseke","Bukatira PS",8,2.52,781.44,"16-04-2025 17:20"
10021412,"BUKATIRA PS_194",,099008194,"Semuto , Nakaseke","Bukatira PS",7,0,783.96,"16-04-2025 17:19"
14119114,"BUKATIRA PS_009",,099008009,"Semuto , Nakaseke","Bukatira PS",19,39.36,354.98,"16-04-2025 17:19"
14119114,"BUKATIRA PS_009",,099008009,"Semuto , Nakaseke","Bukatira PS",18,0,394.34,"16-04-2025 17:16"
13216411,"BUKATIRA PS_185",,099008185,"Semuto , Nakaseke","Bukatira PS",16,83.96,350.47,"16-04-2025 17:16"
13216411,"BUKATIRA PS_185",,099008185,"Semuto , Nakaseke","Bukatira PS",15,0,434.43,"16-04-2025 17:10"
13216411,"BUKATIRA PS_185",,099008185,"Semuto , Nakaseke","Bukatira PS",15,29.41,434.43,"16-04-2025 17:10"
13216411,"BUKATIRA PS_185",,099008185,"Semuto , Nakaseke","Bukatira PS",14,6.03,463.84,"16-04-2025 17:07"
13216411,"BUKATIRA PS_185",,099008185,"Semuto , Nakaseke","Bukatira PS",13,0,469.87,"16-04-2025 17:07"
15725223,"BUKATIRA PS_006",,099008006,"Semuto , Nakaseke","Bukatira PS",30,0.42,396.42,"16-04-2025 17:07"
15725223,"BUKATIRA PS_006",,099008006,"Semuto , Nakaseke","Bukatira PS",30,0,396.42,"16-04-2025 17:06"
15725223,"BUKATIRA PS_006",,099008006,"Semuto , Nakaseke","Bukatira PS",30,0,396.42,"16-04-2025 17:06"
15725223,"BUKATIRA PS_006",,099008006,"Semuto , Nakaseke","Bukatira PS",30,0,396.42,"16-04-2025 17:06"
15725223,"BUKATIRA PS_006",,099008006,"Semuto , Nakaseke","Bukatira PS",30,0.64,396.42,"16-04-2025 17:06"
15725223,"BUKATIRA PS_006",,099008006,"Semuto , Nakaseke","Bukatira PS",29,0,397.06,"16-04-2025 17:05"
15725223,"BUKATIRA PS_006",,099008006,"Semuto , Nakaseke","Bukatira PS",29,0,397.06,"16-04-2025 17:05"
15725223,"BUKATIRA PS_006",,099008006,"Semuto , Nakaseke","Bukatira PS",29,0,397.06,"16-04-2025 17:04"
15725223,"BUKATIRA PS_006",,099008006,"Semuto , Nakaseke","Bukatira PS",29,0,397.06,"16-04-2025 17:04"
15725223,"BUKATIRA PS_006",,099008006,"Semuto , Nakaseke","Bukatira PS",29,0,397.06,"16-04-2025 17:03"
11617612,"BUKATIRA PS_172",,099008172,"Semuto , Nakaseke","Bukatira PS",46,6.35,127.11,"16-04-2025 17:02"
11617612,"BUKATIRA PS_172",,099008172,"Semuto , Nakaseke","Bukatira PS",45,12.02,133.46,"16-04-2025 17:02"
11617612,"BUKATIRA PS_172",,099008172,"Semuto , Nakaseke","Bukatira PS",43,0,165.4,"16-04-2025 17:02"
11617612,"BUKATIRA PS_172",,099008172,"Semuto , Nakaseke","Bukatira PS",42,1.35,166.12,"16-04-2025 17:01"
11617612,"BUKATIRA PS_172",,099008172,"Semuto , Nakaseke","Bukatira PS",44,19.92,145.48,"16-04-2025 17:01"
11617612,"BUKATIRA PS_172",,099008172,"Semuto , Nakaseke","Bukatira PS",40,0,168.56,"16-04-2025 17:01"
11617612,"BUKATIRA PS_172",,099008172,"Semuto , Nakaseke","Bukatira PS",40,3.67,168.56,"16-04-2025 17:01"
11617612,"BUKATIRA PS_172",,099008172,"Semuto , Nakaseke","Bukatira PS",39,0,172.24,"16-04-2025 17:00"
11617612,"BUKATIRA PS_172",,099008172,"Semuto , Nakaseke","Bukatira PS",43,0,165.4,"16-04-2025 16:59"
15725223,"BUKATIRA PS_006",,099008006,"Semuto , Nakaseke","Bukatira PS",29,10.28,397.06,"16-04-2025 16:59"
15725223,"BUKATIRA PS_006",,099008006,"Semuto , Nakaseke","Bukatira PS",28,0,407.34,"16-04-2025 16:57"
15725223,"BUKATIRA PS_006",,099008006,"Semuto , Nakaseke","Bukatira PS",27,1.25,408,"16-04-2025 16:57"
15725223,"BUKATIRA PS_006",,099008006,"Semuto , Nakaseke","Bukatira PS",26,36.94,409.26,"16-04-2025 16:56"
15725223,"BUKATIRA PS_006",,099008006,"Semuto , Nakaseke","Bukatira PS",25,0,446.2,"16-04-2025 16:53"
15725223,"BUKATIRA PS_006",,099008006,"Semuto , Nakaseke","Bukatira PS",25,38.72,446.2,"16-04-2025 16:53"
15725223,"BUKATIRA PS_006",,099008006,"Semuto , Nakaseke","Bukatira PS",24,0,484.92,"16-04-2025 16:50"
18017123,"BUKATIRA PS_160",,099008160,"Semuto , Nakaseke","Bukatira PS",56,0.24,835.53,"16-04-2025 16:50"
18017123,"BUKATIRA PS_160",,099008160,"Semuto , Nakaseke","Bukatira PS",56,37.5,835.53,"16-04-2025 16:49"
18017123,"BUKATIRA PS_160",,099008160,"Semuto , Nakaseke","Bukatira PS",55,0,873.02,"16-04-2025 16:47"
18017123,"BUKATIRA PS_160",,099008160,"Semuto , Nakaseke","Bukatira PS",55,38.45,873.02,"16-04-2025 16:46"
18017123,"BUKATIRA PS_160",,099008160,"Semuto , Nakaseke","Bukatira PS",54,0,911.47,"16-04-2025 16:43"
18017123,"BUKATIRA PS_160",,099008160,"Semuto , Nakaseke","Bukatira PS",54,38.3,911.47,"16-04-2025 16:43"
18017123,"BUKATIRA PS_160",,099008160,"Semuto , Nakaseke","Bukatira PS",53,0,949.77,"16-04-2025 16:40"
15766162,"BUKATIRA PS_049",,099008049,"Semuto , Nakaseke","Bukatira PS",32,9.26,528.88,"16-04-2025 16:40"
15766162,"BUKATIRA PS_049",,099008049,"Semuto , Nakaseke","Bukatira PS",31,18.16,538.14,"16-04-2025 16:39"
15766162,"BUKATIRA PS_049",,099008049,"Semuto , Nakaseke","Bukatira PS",30,0,556.3,"16-04-2025 16:37"
15766162,"BUKATIRA PS_049",,099008049,"Semuto , Nakaseke","Bukatira PS",30,19.16,556.3,"16-04-2025 16:37"
15766162,"BUKATIRA PS_049",,099008049,"Semuto , Nakaseke","Bukatira PS",29,0,575.46,"16-04-2025 16:36"
15766162,"BUKATIRA PS_049",,099008049,"Semuto , Nakaseke","Bukatira PS",29,19.41,575.46,"16-04-2025 16:35"
84913122,"BUKATIRA PS_171",,099008171,"Semuto , Nakaseke","Bukatira PS",10,26.79,715.79,"16-04-2025 16:34"
36149122,"BUKATIRA PS_166",,099008166,"Semuto , Nakaseke","Bukatira PS",25,10.41,387.57,"16-04-2025 16:32"
36149122,"BUKATIRA PS_166",,099008166,"Semuto , Nakaseke","Bukatira PS",24,0,397.98,"16-04-2025 16:32"
36149122,"BUKATIRA PS_166",,099008166,"Semuto , Nakaseke","Bukatira PS",24,20.24,397.98,"16-04-2025 16:31"
36149122,"BUKATIRA PS_166",,099008166,"Semuto , Nakaseke","Bukatira PS",23,0,418.22,"16-04-2025 16:30"
21218111,"BUKATIRA PS_181",,099008181,"Semuto , Nakaseke","Bukatira PS",74,0.8,116.7,"16-04-2025 16:29"
21218111,"BUKATIRA PS_181",,099008181,"Semuto , Nakaseke","Bukatira PS",73,6.04,117.5,"16-04-2025 16:29"
36149122,"BUKATIRA PS_166",,099008166,"Semuto , Nakaseke","Bukatira PS",23,19.28,418.22,"16-04-2025 16:28"
36149122,"BUKATIRA PS_166",,099008166,"Semuto , Nakaseke","Bukatira PS",22,0,437.49,"16-04-2025 16:27"
11617612,"BUKATIRA PS_172",,099008172,"Semuto , Nakaseke","Bukatira PS",39,27.76,172.24,"16-04-2025 16:26"
11617612,"BUKATIRA PS_172",,099008172,"Semuto , Nakaseke","Bukatira PS",38,0,200,"16-04-2025 16:24"
11617612,"BUKATIRA PS_172",,099008172,"Semuto , Nakaseke","Bukatira PS",38,0,0,"16-04-2025 16:24"
84221162,"BUKATIRA PS_151",,099008151,"Semuto , Nakaseke","Bukatira PS",51,0,4442.16,"16-04-2025 16:24"
84221162,"BUKATIRA PS_151",,099008151,"Semuto , Nakaseke","Bukatira PS",50,3.85,4442.99,"16-04-2025 16:23"
84221162,"BUKATIRA PS_151",,099008151,"Semuto , Nakaseke","Bukatira PS",49,8.7,4446.84,"16-04-2025 16:23"
84221162,"BUKATIRA PS_151",,099008151,"Semuto , Nakaseke","Bukatira PS",48,10.72,4455.54,"16-04-2025 16:22"
84221162,"BUKATIRA PS_151",,099008151,"Semuto , Nakaseke","Bukatira PS",47,9.29,4466.26,"16-04-2025 16:21"
84221162,"BUKATIRA PS_151",,099008151,"Semuto , Nakaseke","Bukatira PS",46,22.6,4475.55,"16-04-2025 16:20"
84221162,"BUKATIRA PS_151",,099008151,"Semuto , Nakaseke","Bukatira PS",45,43.58,4498.16,"16-04-2025 16:19"
21218111,"BUKATIRA PS_181",,099008181,"Semuto , Nakaseke","Bukatira PS",72,2.63,123.54,"16-04-2025 16:16"
21218111,"BUKATIRA PS_181",,099008181,"Semuto , Nakaseke","Bukatira PS",71,0,126.17,"16-04-2025 16:16"
21218111,"BUKATIRA PS_181",,099008181,"Semuto , Nakaseke","Bukatira PS",70,13.17,128.04,"16-04-2025 16:15"
21218111,"BUKATIRA PS_181",,099008181,"Semuto , Nakaseke","Bukatira PS",69,50.01,141.2,"16-04-2025 16:14"
21218111,"BUKATIRA PS_181",,099008181,"Semuto , Nakaseke","Bukatira PS",68,0,191.21,"16-04-2025 16:11"
15725223,"BUKATIRA PS_006",,099008006,"Semuto , Nakaseke","Bukatira PS",24,1.5,484.92,"16-04-2025 16:11"
15725223,"BUKATIRA PS_006",,099008006,"Semuto , Nakaseke","Bukatira PS",23,2.97,486.41,"16-04-2025 16:11"
15725223,"BUKATIRA PS_006",,099008006,"Semuto , Nakaseke","Bukatira PS",22,0,489.38,"16-04-2025 16:10"
15725223,"BUKATIRA PS_006",,099008006,"Semuto , Nakaseke","Bukatira PS",22,36.66,489.38,"16-04-2025 16:10"
15725223,"BUKATIRA PS_006",,099008006,"Semuto , Nakaseke","Bukatira PS",21,0,526.04,"16-04-2025 16:08"
15725223,"BUKATIRA PS_006",,099008006,"Semuto , Nakaseke","Bukatira PS",21,38.04,526.04,"16-04-2025 16:08"
15725223,"BUKATIRA PS_006",,099008006,"Semuto , Nakaseke","Bukatira PS",20,0,564.08,"16-04-2025 16:06"
11617612,"BUKATIRA PS_172",,099008172,"Semuto , Nakaseke","Bukatira PS",38,2.39,0.57,"16-04-2025 16:05"
11617612,"BUKATIRA PS_172",,099008172,"Semuto , Nakaseke","Bukatira PS",37,5.82,2.96,"16-04-2025 16:05"
11617612,"BUKATIRA PS_172",,099008172,"Semuto , Nakaseke","Bukatira PS",36,0,8.77,"16-04-2025 16:04"
11617612,"BUKATIRA PS_172",,099008172,"Semuto , Nakaseke","Bukatira PS",35,0,10.7,"16-04-2025 16:04"
11617612,"BUKATIRA PS_172",,099008172,"Semuto , Nakaseke","Bukatira PS",35,81.18,10.7,"16-04-2025 16:04"
11617612,"BUKATIRA PS_172",,099008172,"Semuto , Nakaseke","Bukatira PS",34,0,91.88,"16-04-2025 15:59"
15725223,"BUKATIRA PS_006",,099008006,"Semuto , Nakaseke","Bukatira PS",20,19.5,564.08,"16-04-2025 15:59"
15725223,"BUKATIRA PS_006",,099008006,"Semuto , Nakaseke","Bukatira PS",19,0,583.58,"16-04-2025 15:57"
16475126,"BUKATIRA PS_178",,099008178,"Semuto , Nakaseke","Bukatira PS",61,43.22,362.69,"16-04-2025 15:57"
13245115,"BUKATIRA PS_177",,099008177,"Semuto , Nakaseke","Bukatira PS",56,37.49,83.26,"16-04-2025 15:54"
15714111,"BUKATIRA PS_001",,099008001,"Semuto , Nakaseke","Bukatira PS",137,137.22,287.07,"16-04-2025 15:52"
15714111,"BUKATIRA PS_001",,099008001,"Semuto , Nakaseke","Bukatira PS",136,0,424.28,"16-04-2025 15:44"
14120410,"BUKATIRA PS_072",,099008072,"Semuto , Nakaseke","Bukatira PS",25,0,0,"16-04-2025 15:44"
15714111,"BUKATIRA PS_001",,099008001,"Semuto , Nakaseke","Bukatira PS",136,124.3,424.28,"16-04-2025 15:44"
15714111,"BUKATIRA PS_001",,099008001,"Semuto , Nakaseke","Bukatira PS",135,0,548.58,"16-04-2025 15:35"
24422412,"BUKATIRA PS_157",,099008157,"Semuto , Nakaseke","Bukatira PS",6,37.49,766.92,"16-04-2025 15:34"
15714111,"BUKATIRA PS_001",,099008001,"Semuto , Nakaseke","Bukatira PS",135,38.71,548.58,"16-04-2025 15:32"
24422412,"BUKATIRA PS_157",,099008157,"Semuto , Nakaseke","Bukatira PS",5,38.35,804.4,"16-04-2025 15:29"
15714111,"BUKATIRA PS_001",,099008001,"Semuto , Nakaseke","Bukatira PS",134,94.25,587.29,"16-04-2025 15:27"
14114519,"BUKATIRA PS_015",,099008015,"Semuto , Nakaseke","Bukatira PS",25,41.22,302.45,"16-04-2025 15:21"
19626117,"BUKATIRA PS_184",,099008184,"Semuto , Nakaseke","Bukatira PS",2,76.82,824.46,"16-04-2025 15:19"
15714111,"BUKATIRA PS_001",,099008001,"Semuto , Nakaseke","Bukatira PS",133,193.64,681.54,"16-04-2025 15:14"
15714111,"BUKATIRA PS_001",,099008001,"Semuto , Nakaseke","Bukatira PS",132,0,875.19,"16-04-2025 15:02"
16475126,"BUKATIRA PS_178",,099008178,"Semuto , Nakaseke","Bukatira PS",60,59.3,405.91,"16-04-2025 15:01"
16475126,"BUKATIRA PS_178",,099008178,"Semuto , Nakaseke","Bukatira PS",59,0,465.21,"16-04-2025 14:58"
16475126,"BUKATIRA PS_178",,099008178,"Semuto , Nakaseke","Bukatira PS",59,0,465.21,"16-04-2025 14:57"
67236128,"BUKATIRA PS_084",,099008084,"Semuto , Nakaseke","Bukatira PS",11,35.01,770.58,"16-04-2025 14:56"
15715147,"BUKATIRA PS_060",,099008060,"Semuto , Nakaseke","Bukatira PS",23,0,184.89,"16-04-2025 14:52"
15715147,"BUKATIRA PS_060",,099008060,"Semuto , Nakaseke","Bukatira PS",23,7.05,184.89,"16-04-2025 14:52"
67236128,"BUKATIRA PS_084",,099008084,"Semuto , Nakaseke","Bukatira PS",10,0,805.6,"16-04-2025 14:51"
15715147,"BUKATIRA PS_060",,099008060,"Semuto , Nakaseke","Bukatira PS",22,39.1,191.94,"16-04-2025 14:51"
15715147,"BUKATIRA PS_060",,099008060,"Semuto , Nakaseke","Bukatira PS",21,0,231.04,"16-04-2025 14:49"
15715147,"BUKATIRA PS_060",,099008060,"Semuto , Nakaseke","Bukatira PS",21,37.22,231.04,"16-04-2025 14:48"
15715147,"BUKATIRA PS_060",,099008060,"Semuto , Nakaseke","Bukatira PS",20,0,268.26,"16-04-2025 14:46"
84216121,"BUKATIRA PS_158",,099008158,"Semuto , Nakaseke","Bukatira PS",21,39.78,302.07,"16-04-2025 14:46"
14114519,"BUKATIRA PS_015",,099008015,"Semuto , Nakaseke","Bukatira PS",24,3.05,343.67,"16-04-2025 14:43"
14114519,"BUKATIRA PS_015",,099008015,"Semuto , Nakaseke","Bukatira PS",23,0,346.72,"16-04-2025 14:43"
14114519,"BUKATIRA PS_015",,099008015,"Semuto , Nakaseke","Bukatira PS",23,41.17,346.72,"16-04-2025 14:43"
14114519,"BUKATIRA PS_015",,099008015,"Semuto , Nakaseke","Bukatira PS",22,0,387.89,"16-04-2025 14:40"
14114519,"BUKATIRA PS_015",,099008015,"Semuto , Nakaseke","Bukatira PS",21,36.02,388.51,"16-04-2025 14:39"
16420512,"BUKATIRA PS_188",,099008188,"Semuto , Nakaseke","Bukatira PS",21,121.03,96.96,"16-04-2025 14:37"
13210132,"BUKATIRA PS_187",,099008187,"Semuto , Nakaseke","Bukatira PS",8,118.86,280.35,"16-04-2025 14:29"
68351162,"BUKATIRA PS_161",,099008161,"Semuto , Nakaseke","Bukatira PS",19,37.96,14.07,"16-04-2025 14:20"
68351162,"BUKATIRA PS_161",,099008161,"Semuto , Nakaseke","Bukatira PS",18,39.81,52.03,"16-04-2025 14:17"
10010012,"BUKATIRA PS_198",,099008198,"Semuto , Nakaseke","Bukatira PS",37,32.27,740.14,"16-04-2025 14:14"
11617612,"BUKATIRA PS_172",,099008172,"Semuto , Nakaseke","Bukatira PS",34,36.83,91.88,"16-04-2025 14:12"
11617612,"BUKATIRA PS_172",,099008172,"Semuto , Nakaseke","Bukatira PS",33,1.95,128.71,"16-04-2025 14:09"
13217212,"BUKATIRA PS_195",,099008195,"Semuto , Nakaseke","Bukatira PS",26,0,309.35,"16-04-2025 14:09"
13217212,"BUKATIRA PS_195",,099008195,"Semuto , Nakaseke","Bukatira PS",26,84.56,309.35,"16-04-2025 14:09"
15714111,"BUKATIRA PS_001",,099008001,"Semuto , Nakaseke","Bukatira PS",132,4.32,875.19,"16-04-2025 14:03"
15714111,"BUKATIRA PS_001",,099008001,"Semuto , Nakaseke","Bukatira PS",131,1.71,879.5,"16-04-2025 14:02"
13217212,"BUKATIRA PS_195",,099008195,"Semuto , Nakaseke","Bukatira PS",25,42.57,393.92,"16-04-2025 14:02"
13217212,"BUKATIRA PS_195",,099008195,"Semuto , Nakaseke","Bukatira PS",24,0,436.49,"16-04-2025 13:59"
68351162,"BUKATIRA PS_161",,099008161,"Semuto , Nakaseke","Bukatira PS",17,77.67,91.83,"16-04-2025 13:59"
68351162,"BUKATIRA PS_161",,099008161,"Semuto , Nakaseke","Bukatira PS",16,0,169.51,"16-04-2025 13:53"
10010012,"BUKATIRA PS_198",,099008198,"Semuto , Nakaseke","Bukatira PS",36,127.58,772.42,"16-04-2025 13:52"
10010012,"BUKATIRA PS_198",,099008198,"Semuto , Nakaseke","Bukatira PS",35,0,900,"16-04-2025 13:42"
10010012,"BUKATIRA PS_198",,099008198,"Semuto , Nakaseke","Bukatira PS",35,0,0,"16-04-2025 13:42"
21811521,"BUKATIRA PS_094",,099008094,"Semuto , Nakaseke","Bukatira PS",3,38.6,839.32,"16-04-2025 13:41"
21811521,"BUKATIRA PS_094",,099008094,"Semuto , Nakaseke","Bukatira PS",2,0,877.92,"16-04-2025 13:38"
84221162,"BUKATIRA PS_151",,099008151,"Semuto , Nakaseke","Bukatira PS",44,59.55,4541.74,"16-04-2025 13:36"
84221162,"BUKATIRA PS_151",,099008151,"Semuto , Nakaseke","Bukatira PS",43,0,4601.29,"16-04-2025 13:32"
49412922,"BUKATIRA PS_190",,099008190,"Semuto , Nakaseke","Bukatira PS",5,112.51,766.35,"16-04-2025 13:32"
49412922,"BUKATIRA PS_190",,099008190,"Semuto , Nakaseke","Bukatira PS",4,0,878.86,"16-04-2025 13:22"
10010012,"BUKATIRA PS_198",,099008198,"Semuto , Nakaseke","Bukatira PS",35,0,0,"16-04-2025 13:21"
10010012,"BUKATIRA PS_198",,099008198,"Semuto , Nakaseke","Bukatira PS",35,0,0,"16-04-2025 13:21"
10010012,"BUKATIRA PS_198",,099008198,"Semuto , Nakaseke","Bukatira PS",35,0,0,"16-04-2025 13:21"
10010012,"BUKATIRA PS_198",,099008198,"Semuto , Nakaseke","Bukatira PS",35,0,0,"16-04-2025 13:21"
10010012,"BUKATIRA PS_198",,099008198,"Semuto , Nakaseke","Bukatira PS",35,0,0,"16-04-2025 13:20"
10010012,"BUKATIRA PS_198",,099008198,"Semuto , Nakaseke","Bukatira PS",35,82.23,0.65,"16-04-2025 13:20"
10010012,"BUKATIRA PS_198",,099008198,"Semuto , Nakaseke","Bukatira PS",34,0,82.87,"16-04-2025 13:13"
10010012,"BUKATIRA PS_198",,099008198,"Semuto , Nakaseke","Bukatira PS",34,0,82.87,"16-04-2025 13:13"
15714111,"BUKATIRA PS_001",,099008001,"Semuto , Nakaseke","Bukatira PS",130,3.77,881.22,"16-04-2025 13:07"
15714111,"BUKATIRA PS_001",,099008001,"Semuto , Nakaseke","Bukatira PS",129,0,884.99,"16-04-2025 13:07"
15714111,"BUKATIRA PS_001",,099008001,"Semuto , Nakaseke","Bukatira PS",129,1.29,884.99,"16-04-2025 13:06"
14120410,"BUKATIRA PS_072",,099008072,"Semuto , Nakaseke","Bukatira PS",25,0,0,"16-04-2025 13:06"
15714111,"BUKATIRA PS_001",,099008001,"Semuto , Nakaseke","Bukatira PS",128,0.78,886.28,"16-04-2025 13:06"
15714111,"BUKATIRA PS_001",,099008001,"Semuto , Nakaseke","Bukatira PS",127,1.67,887.06,"16-04-2025 13:06"
15714111,"BUKATIRA PS_001",,099008001,"Semuto , Nakaseke","Bukatira PS",126,15.5,888.73,"16-04-2025 13:05"
15714111,"BUKATIRA PS_001",,099008001,"Semuto , Nakaseke","Bukatira PS",125,0.11,904.23,"16-04-2025 13:04"
15714111,"BUKATIRA PS_001",,099008001,"Semuto , Nakaseke","Bukatira PS",125,0,904.23,"16-04-2025 13:04"
15714111,"BUKATIRA PS_001",,099008001,"Semuto , Nakaseke","Bukatira PS",124,0,905.01,"16-04-2025 13:01"
15714111,"BUKATIRA PS_001",,099008001,"Semuto , Nakaseke","Bukatira PS",124,13.3,905.01,"16-04-2025 13:01"
15714111,"BUKATIRA PS_001",,099008001,"Semuto , Nakaseke","Bukatira PS",123,0,918.3,"16-04-2025 12:59"
15714111,"BUKATIRA PS_001",,099008001,"Semuto , Nakaseke","Bukatira PS",123,8.31,918.3,"16-04-2025 12:59"
14114725,"BUKATIRA PS_012",,099008012,"Semuto , Nakaseke","Bukatira PS",41,0,0,"16-04-2025 12:57"
20132131,"BUKATIRA PS_200",,099008200,"Semuto , Nakaseke","Bukatira PS",6,1.01,730.94,"16-04-2025 12:20"
20132131,"BUKATIRA PS_200",,099008200,"Semuto , Nakaseke","Bukatira PS",5,36.45,731.95,"16-04-2025 12:20"
20132131,"BUKATIRA PS_200",,099008200,"Semuto , Nakaseke","Bukatira PS",4,0,768.4,"16-04-2025 12:17"
18017123,"BUKATIRA PS_160",,099008160,"Semuto , Nakaseke","Bukatira PS",53,0.5,949.77,"16-04-2025 11:39"
18017123,"BUKATIRA PS_160",,099008160,"Semuto , Nakaseke","Bukatira PS",53,0,949.77,"16-04-2025 11:39"
18017123,"BUKATIRA PS_160",,099008160,"Semuto , Nakaseke","Bukatira PS",53,50.23,949.77,"16-04-2025 11:39"
18017123,"BUKATIRA PS_160",,099008160,"Semuto , Nakaseke","Bukatira PS",52,0,1000,"16-04-2025 11:35"
18017123,"BUKATIRA PS_160",,099008160,"Semuto , Nakaseke","Bukatira PS",52,0,0,"16-04-2025 11:34"
42071232,"BUKATIRA PS_176",,099008176,"Semuto , Nakaseke","Bukatira PS",43,38.05,276.08,"16-04-2025 11:33"
42071232,"BUKATIRA PS_176",,099008176,"Semuto , Nakaseke","Bukatira PS",42,0,314.13,"16-04-2025 11:30"
13216411,"BUKATIRA PS_185",,099008185,"Semuto , Nakaseke","Bukatira PS",13,41.73,469.87,"16-04-2025 11:10"
15714111,"BUKATIRA PS_001",,099008001,"Semuto , Nakaseke","Bukatira PS",122,3.32,926.61,"16-04-2025 11:08"
13216411,"BUKATIRA PS_185",,099008185,"Semuto , Nakaseke","Bukatira PS",12,41.41,511.6,"16-04-2025 11:07"
13216411,"BUKATIRA PS_185",,099008185,"Semuto , Nakaseke","Bukatira PS",11,0,553,"16-04-2025 11:04"
15714111,"BUKATIRA PS_001",,099008001,"Semuto , Nakaseke","Bukatira PS",121,5.51,929.94,"16-04-2025 10:52"
15714111,"BUKATIRA PS_001",,099008001,"Semuto , Nakaseke","Bukatira PS",120,8.05,935.44,"16-04-2025 10:51"
15714111,"BUKATIRA PS_001",,099008001,"Semuto , Nakaseke","Bukatira PS",119,0,943.49,"16-04-2025 10:50"
15714111,"BUKATIRA PS_001",,099008001,"Semuto , Nakaseke","Bukatira PS",119,4.58,943.49,"16-04-2025 10:49"
15714111,"BUKATIRA PS_001",,099008001,"Semuto , Nakaseke","Bukatira PS",118,0,948.07,"16-04-2025 10:48"
15714111,"BUKATIRA PS_001",,099008001,"Semuto , Nakaseke","Bukatira PS",117,0,950.13,"16-04-2025 10:20"
15714111,"BUKATIRA PS_001",,099008001,"Semuto , Nakaseke","Bukatira PS",117,17.85,950.13,"16-04-2025 10:19"
15714111,"BUKATIRA PS_001",,099008001,"Semuto , Nakaseke","Bukatira PS",116,0,967.98,"16-04-2025 10:17"
15714111,"BUKATIRA PS_001",,099008001,"Semuto , Nakaseke","Bukatira PS",116,2.14,967.98,"16-04-2025 10:11"
15714111,"BUKATIRA PS_001",,099008001,"Semuto , Nakaseke","Bukatira PS",115,0,970.12,"16-04-2025 10:11"
15714111,"BUKATIRA PS_001",,099008001,"Semuto , Nakaseke","Bukatira PS",115,2.31,970.12,"16-04-2025 10:10"
14114725,"BUKATIRA PS_012",,099008012,"Semuto , Nakaseke","Bukatira PS",41,0,0,"16-04-2025 10:10"
14120410,"BUKATIRA PS_072",,099008072,"Semuto , Nakaseke","Bukatira PS",25,0,0,"16-04-2025 10:10"
15714111,"BUKATIRA PS_001",,099008001,"Semuto , Nakaseke","Bukatira PS",114,0.12,972.43,"16-04-2025 10:09"
14114725,"BUKATIRA PS_012",,099008012,"Semuto , Nakaseke","Bukatira PS",41,0,0,"16-04-2025 10:09"
14120410,"BUKATIRA PS_072",,099008072,"Semuto , Nakaseke","Bukatira PS",25,0,0,"16-04-2025 10:09"
15714111,"BUKATIRA PS_001",,099008001,"Semuto , Nakaseke","Bukatira PS",113,0,973.97,"16-04-2025 10:07"
15714111,"BUKATIRA PS_001",,099008001,"Semuto , Nakaseke","Bukatira PS",112,0,974.97,"16-04-2025 10:07"
15714111,"BUKATIRA PS_001",,099008001,"Semuto , Nakaseke","Bukatira PS",111,0,975.71,"16-04-2025 10:06"
15714111,"BUKATIRA PS_001",,099008001,"Semuto , Nakaseke","Bukatira PS",111,0,975.71,"16-04-2025 10:06"
15714111,"BUKATIRA PS_001",,099008001,"Semuto , Nakaseke","Bukatira PS",111,2.01,975.71,"16-04-2025 09:46"
15714111,"BUKATIRA PS_001",,099008001,"Semuto , Nakaseke","Bukatira PS",110,0,977.72,"16-04-2025 09:46"
14819411,"BUKATIRA PS_155",,099008155,"Semuto , Nakaseke","Bukatira PS",17,44.06,718.36,"16-04-2025 09:30"
14819411,"BUKATIRA PS_155",,099008155,"Semuto , Nakaseke","Bukatira PS",16,0,762.42,"16-04-2025 09:27"
24415513,"BUKATIRA PS_189",,099008189,"Semuto , Nakaseke","Bukatira PS",25,0,95.32,"16-04-2025 08:41"
24415513,"BUKATIRA PS_189",,099008189,"Semuto , Nakaseke","Bukatira PS",25,33.29,95.32,"16-04-2025 08:40"
24415513,"BUKATIRA PS_189",,099008189,"Semuto , Nakaseke","Bukatira PS",24,0,128.61,"16-04-2025 08:36"
24415513,"BUKATIRA PS_189",,099008189,"Semuto , Nakaseke","Bukatira PS",24,32.83,128.61,"16-04-2025 08:36"
24415513,"BUKATIRA PS_189",,099008189,"Semuto , Nakaseke","Bukatira PS",23,0,161.44,"16-04-2025 08:32"
24415513,"BUKATIRA PS_189",,099008189,"Semuto , Nakaseke","Bukatira PS",23,33.8,161.44,"16-04-2025 08:31"
24415513,"BUKATIRA PS_189",,099008189,"Semuto , Nakaseke","Bukatira PS",22,0,195.25,"16-04-2025 08:28"
24415513,"BUKATIRA PS_189",,099008189,"Semuto , Nakaseke","Bukatira PS",22,34.65,195.25,"16-04-2025 08:28"
24415513,"BUKATIRA PS_189",,099008189,"Semuto , Nakaseke","Bukatira PS",21,0,229.9,"16-04-2025 08:25"
14119114,"BUKATIRA PS_009",,099008009,"Semuto , Nakaseke","Bukatira PS",18,3.39,394.34,"16-04-2025 08:14"
14119114,"BUKATIRA PS_009",,099008009,"Semuto , Nakaseke","Bukatira PS",17,0,397.74,"16-04-2025 08:13"
14119114,"BUKATIRA PS_009",,099008009,"Semuto , Nakaseke","Bukatira PS",17,41.35,397.74,"16-04-2025 08:12"
14119114,"BUKATIRA PS_009",,099008009,"Semuto , Nakaseke","Bukatira PS",16,0,439.08,"16-04-2025 08:09"
14114943,"BUKATIRA PS_042",,099008042,"Semuto , Nakaseke","Bukatira PS",26,0,0,"16-04-2025 06:35"
14114943,"BUKATIRA PS_042",,099008042,"Semuto , Nakaseke","Bukatira PS",26,0,0,"16-04-2025 06:35"
14114943,"BUKATIRA PS_042",,099008042,"Semuto , Nakaseke","Bukatira PS",26,12.24,0,"16-04-2025 06:34"
14114943,"BUKATIRA PS_042",,099008042,"Semuto , Nakaseke","Bukatira PS",25,69.03,12.13,"16-04-2025 06:34"
14114943,"BUKATIRA PS_042",,099008042,"Semuto , Nakaseke","Bukatira PS",24,0,81.16,"16-04-2025 06:29"
14114943,"BUKATIRA PS_042",,099008042,"Semuto , Nakaseke","Bukatira PS",24,6.06,81.16,"16-04-2025 06:28"
14114943,"BUKATIRA PS_042",,099008042,"Semuto , Nakaseke","Bukatira PS",23,4.39,87.22,"16-04-2025 06:28"
14114943,"BUKATIRA PS_042",,099008042,"Semuto , Nakaseke","Bukatira PS",22,2.67,91.61,"16-04-2025 06:28"
14114943,"BUKATIRA PS_042",,099008042,"Semuto , Nakaseke","Bukatira PS",21,3.63,94.28,"16-04-2025 06:28"
14114943,"BUKATIRA PS_042",,099008042,"Semuto , Nakaseke","Bukatira PS",20,19.47,97.91,"16-04-2025 06:27"
14114943,"BUKATIRA PS_042",,099008042,"Semuto , Nakaseke","Bukatira PS",19,0,117.39,"16-04-2025 06:26"
14114943,"BUKATIRA PS_042",,099008042,"Semuto , Nakaseke","Bukatira PS",19,2.92,117.39,"16-04-2025 06:26"
14114943,"BUKATIRA PS_042",,099008042,"Semuto , Nakaseke","Bukatira PS",18,18.76,120.31,"16-04-2025 06:25"
14114943,"BUKATIRA PS_042",,099008042,"Semuto , Nakaseke","Bukatira PS",17,0,139.08,"16-04-2025 06:23"
14114943,"BUKATIRA PS_042",,099008042,"Semuto , Nakaseke","Bukatira PS",17,37.46,139.08,"16-04-2025 06:22"
14114943,"BUKATIRA PS_042",,099008042,"Semuto , Nakaseke","Bukatira PS",16,0,176.53,"16-04-2025 06:20"
14114943,"BUKATIRA PS_042",,099008042,"Semuto , Nakaseke","Bukatira PS",16,0,176.53,"16-04-2025 06:19"
14114943,"BUKATIRA PS_042",,099008042,"Semuto , Nakaseke","Bukatira PS",15,0,177.13,"16-04-2025 06:19"
14114943,"BUKATIRA PS_042",,099008042,"Semuto , Nakaseke","Bukatira PS",15,89.73,177.13,"16-04-2025 06:19"
14114943,"BUKATIRA PS_042",,099008042,"Semuto , Nakaseke","Bukatira PS",14,0,266.86,"16-04-2025 06:13"
14114943,"BUKATIRA PS_042",,099008042,"Semuto , Nakaseke","Bukatira PS",14,25.8,266.86,"16-04-2025 06:12"
14114943,"BUKATIRA PS_042",,099008042,"Semuto , Nakaseke","Bukatira PS",13,46.15,292.66,"16-04-2025 06:11"
14114943,"BUKATIRA PS_042",,099008042,"Semuto , Nakaseke","Bukatira PS",12,15.13,338.81,"16-04-2025 06:07"
14114943,"BUKATIRA PS_042",,099008042,"Semuto , Nakaseke","Bukatira PS",11,0,353.94,"16-04-2025 06:07"
14114943,"BUKATIRA PS_042",,099008042,"Semuto , Nakaseke","Bukatira PS",11,335.61,353.94,"16-04-2025 06:06"
15759241,"BUKATIRA PS_043",,099008043,"Semuto , Nakaseke","Bukatira PS",15,0,0,"16-04-2025 05:46"
15714111,"BUKATIRA PS_001",,099008001,"Semuto , Nakaseke","Bukatira PS",110,439.2,977.72,"16-04-2025 05:46"
14119114,"BUKATIRA PS_009",,099008009,"Semuto , Nakaseke","Bukatira PS",16,42,439.08,"16-04-2025 05:16"
15714111,"BUKATIRA PS_001",,099008001,"Semuto , Nakaseke","Bukatira PS",109,19.03,1416.92,"16-04-2025 05:13"
15714111,"BUKATIRA PS_001",,099008001,"Semuto , Nakaseke","Bukatira PS",108,0,1435.96,"16-04-2025 05:12"
84216121,"BUKATIRA PS_158",,099008158,"Semuto , Nakaseke","Bukatira PS",20,156.45,341.86,"16-04-2025 05:07"
84216121,"BUKATIRA PS_158",,099008158,"Semuto , Nakaseke","Bukatira PS",19,0,498.31,"16-04-2025 04:58"
36788322,"BUKATIRA PS_169",,099008169,"Semuto , Nakaseke","Bukatira PS",7,80.26,1265.12,"16-04-2025 04:38"
36788322,"BUKATIRA PS_169",,099008169,"Semuto , Nakaseke","Bukatira PS",6,0,1345.38,"16-04-2025 04:31"
15725223,"BUKATIRA PS_006",,099008006,"Semuto , Nakaseke","Bukatira PS",19,38.67,583.58,"16-04-2025 03:59"
15725223,"BUKATIRA PS_006",,099008006,"Semuto , Nakaseke","Bukatira PS",18,0,622.25,"16-04-2025 03:56"
15725223,"BUKATIRA PS_006",,099008006,"Semuto , Nakaseke","Bukatira PS",18,2.37,622.25,"16-04-2025 03:56"
15725223,"BUKATIRA PS_006",,099008006,"Semuto , Nakaseke","Bukatira PS",17,34.08,624.62,"16-04-2025 03:56"
15725223,"BUKATIRA PS_006",,099008006,"Semuto , Nakaseke","Bukatira PS",16,0,658.7,"16-04-2025 03:53"
15725366,"BUKATIRA PS_021",,099008021,"Semuto , Nakaseke","Bukatira PS",7,36.7,765.33,"16-04-2025 03:46"
15725366,"BUKATIRA PS_021",,099008021,"Semuto , Nakaseke","Bukatira PS",6,0,802.03,"16-04-2025 03:43"
21218111,"BUKATIRA PS_181",,099008181,"Semuto , Nakaseke","Bukatira PS",68,0,191.21,"16-04-2025 03:42"
21218111,"BUKATIRA PS_181",,099008181,"Semuto , Nakaseke","Bukatira PS",68,0,191.21,"16-04-2025 03:42"
21218111,"BUKATIRA PS_181",,099008181,"Semuto , Nakaseke","Bukatira PS",68,6.72,191.21,"16-04-2025 03:41"
21218111,"BUKATIRA PS_181",,099008181,"Semuto , Nakaseke","Bukatira PS",67,12.63,197.93,"16-04-2025 03:40"
21218111,"BUKATIRA PS_181",,099008181,"Semuto , Nakaseke","Bukatira PS",66,0,210.56,"16-04-2025 03:40"
21218111,"BUKATIRA PS_181",,099008181,"Semuto , Nakaseke","Bukatira PS",66,35.52,210.56,"16-04-2025 03:39"
21218111,"BUKATIRA PS_181",,099008181,"Semuto , Nakaseke","Bukatira PS",65,0,246.07,"16-04-2025 03:36"
10010012,"BUKATIRA PS_198",,099008198,"Semuto , Nakaseke","Bukatira PS",34,39.82,82.87,"16-04-2025 03:14"
10010012,"BUKATIRA PS_198",,099008198,"Semuto , Nakaseke","Bukatira PS",33,0,122.69,"16-04-2025 03:12"
10010012,"BUKATIRA PS_198",,099008198,"Semuto , Nakaseke","Bukatira PS",33,40.44,122.69,"16-04-2025 03:11"
10010012,"BUKATIRA PS_198",,099008198,"Semuto , Nakaseke","Bukatira PS",32,0,163.14,"16-04-2025 03:09"
14114519,"BUKATIRA PS_015",,099008015,"Semuto , Nakaseke","Bukatira PS",20,0.26,424.52,"15-04-2025 18:02"
14114519,"BUKATIRA PS_015",,099008015,"Semuto , Nakaseke","Bukatira PS",20,0.73,424.52,"15-04-2025 18:01"
14114519,"BUKATIRA PS_015",,099008015,"Semuto , Nakaseke","Bukatira PS",19,0,425.25,"15-04-2025 18:01"
14114519,"BUKATIRA PS_015",,099008015,"Semuto , Nakaseke","Bukatira PS",19,0,425.25,"15-04-2025 18:00"
14114519,"BUKATIRA PS_015",,099008015,"Semuto , Nakaseke","Bukatira PS",18,0,425.78,"15-04-2025 17:58"
14114519,"BUKATIRA PS_015",,099008015,"Semuto , Nakaseke","Bukatira PS",18,45.49,425.78,"15-04-2025 17:58"
14114519,"BUKATIRA PS_015",,099008015,"Semuto , Nakaseke","Bukatira PS",17,31.94,471.28,"15-04-2025 17:52"
14114519,"BUKATIRA PS_015",,099008015,"Semuto , Nakaseke","Bukatira PS",16,0,503.22,"15-04-2025 17:50"
14114519,"BUKATIRA PS_015",,099008015,"Semuto , Nakaseke","Bukatira PS",16,0.01,503.22,"15-04-2025 17:50"
14114519,"BUKATIRA PS_015",,099008015,"Semuto , Nakaseke","Bukatira PS",16,0,503.22,"15-04-2025 17:49"
14114519,"BUKATIRA PS_015",,099008015,"Semuto , Nakaseke","Bukatira PS",16,0,503.22,"15-04-2025 17:49"
15778503,"BUKATIRA PS_031",,099008031,"Semuto , Nakaseke","Bukatira PS",8,20.69,4256.82,"15-04-2025 17:08"
15778503,"BUKATIRA PS_031",,099008031,"Semuto , Nakaseke","Bukatira PS",7,0,4277.51,"15-04-2025 17:07"
10015130,"BUKATIRA PS_152",,099008152,"Semuto , Nakaseke","Bukatira PS",9,77.64,565.16,"15-04-2025 17:06"
10015130,"BUKATIRA PS_152",,099008152,"Semuto , Nakaseke","Bukatira PS",8,0,642.8,"15-04-2025 16:58"
13216411,"BUKATIRA PS_185",,099008185,"Semuto , Nakaseke","Bukatira PS",11,85.11,553,"15-04-2025 16:47"
13216411,"BUKATIRA PS_185",,099008185,"Semuto , Nakaseke","Bukatira PS",10,0,638.11,"15-04-2025 16:42"
14116622,"BUKATIRA PS_018",,099008018,"Semuto , Nakaseke","Bukatira PS",74,0,0,"15-04-2025 16:32"
10010012,"BUKATIRA PS_198",,099008198,"Semuto , Nakaseke","Bukatira PS",32,0,163.14,"15-04-2025 16:27"
10010012,"BUKATIRA PS_198",,099008198,"Semuto , Nakaseke","Bukatira PS",32,12.64,163.14,"15-04-2025 16:26"
10010012,"BUKATIRA PS_198",,099008198,"Semuto , Nakaseke","Bukatira PS",31,0,175.78,"15-04-2025 16:25"
10010012,"BUKATIRA PS_198",,099008198,"Semuto , Nakaseke","Bukatira PS",31,30.38,175.78,"15-04-2025 16:25"
10010012,"BUKATIRA PS_198",,099008198,"Semuto , Nakaseke","Bukatira PS",30,19.83,206.16,"15-04-2025 16:22"
10010012,"BUKATIRA PS_198",,099008198,"Semuto , Nakaseke","Bukatira PS",29,19.93,225.99,"15-04-2025 16:20"
10010012,"BUKATIRA PS_198",,099008198,"Semuto , Nakaseke","Bukatira PS",28,0,245.91,"15-04-2025 16:17"
13245115,"BUKATIRA PS_177",,099008177,"Semuto , Nakaseke","Bukatira PS",55,0,120.75,"15-04-2025 16:17"
13245115,"BUKATIRA PS_177",,099008177,"Semuto , Nakaseke","Bukatira PS",55,0,120.75,"15-04-2025 16:16"
13245115,"BUKATIRA PS_177",,099008177,"Semuto , Nakaseke","Bukatira PS",55,20.29,120.75,"15-04-2025 16:16"
13245115,"BUKATIRA PS_177",,099008177,"Semuto , Nakaseke","Bukatira PS",54,0,141.03,"15-04-2025 16:15"
13245115,"BUKATIRA PS_177",,099008177,"Semuto , Nakaseke","Bukatira PS",54,0,141.03,"15-04-2025 16:14"
13245115,"BUKATIRA PS_177",,099008177,"Semuto , Nakaseke","Bukatira PS",54,21.52,141.03,"15-04-2025 16:14"
13245115,"BUKATIRA PS_177",,099008177,"Semuto , Nakaseke","Bukatira PS",53,0.16,162.56,"15-04-2025 16:13"
16411412,"BUKATIRA PS_180",,099008180,"Semuto , Nakaseke","Bukatira PS",21,97.2,327.09,"15-04-2025 16:12"
16411412,"BUKATIRA PS_180",,099008180,"Semuto , Nakaseke","Bukatira PS",20,0,424.29,"15-04-2025 16:05"
84221162,"BUKATIRA PS_151",,099008151,"Semuto , Nakaseke","Bukatira PS",43,45.75,4601.29,"15-04-2025 16:05"
84221162,"BUKATIRA PS_151",,099008151,"Semuto , Nakaseke","Bukatira PS",42,0,4647.04,"15-04-2025 16:02"
15714111,"BUKATIRA PS_001",,099008001,"Semuto , Nakaseke","Bukatira PS",108,39.68,1435.96,"15-04-2025 16:01"
15714111,"BUKATIRA PS_001",,099008001,"Semuto , Nakaseke","Bukatira PS",107,0,1475.63,"15-04-2025 15:59"
14120410,"BUKATIRA PS_072",,099008072,"Semuto , Nakaseke","Bukatira PS",25,0,0,"15-04-2025 15:58"
14114725,"BUKATIRA PS_012",,099008012,"Semuto , Nakaseke","Bukatira PS",41,0,0,"15-04-2025 15:58"
14120410,"BUKATIRA PS_072",,099008072,"Semuto , Nakaseke","Bukatira PS",25,0,0,"15-04-2025 15:58"
14114519,"BUKATIRA PS_015",,099008015,"Semuto , Nakaseke","Bukatira PS",16,38.26,503.22,"15-04-2025 15:57"
15766162,"BUKATIRA PS_049",,099008049,"Semuto , Nakaseke","Bukatira PS",28,7.5,594.87,"15-04-2025 15:55"
15766162,"BUKATIRA PS_049",,099008049,"Semuto , Nakaseke","Bukatira PS",27,0,602.37,"15-04-2025 15:54"
15766162,"BUKATIRA PS_049",,099008049,"Semuto , Nakaseke","Bukatira PS",27,7.66,602.37,"15-04-2025 15:54"
15766162,"BUKATIRA PS_049",,099008049,"Semuto , Nakaseke","Bukatira PS",26,0,610.04,"15-04-2025 15:53"
15766162,"BUKATIRA PS_049",,099008049,"Semuto , Nakaseke","Bukatira PS",26,8.16,610.04,"15-04-2025 15:53"
15766162,"BUKATIRA PS_049",,099008049,"Semuto , Nakaseke","Bukatira PS",25,0,618.19,"15-04-2025 15:52"
15766162,"BUKATIRA PS_049",,099008049,"Semuto , Nakaseke","Bukatira PS",25,21.04,618.19,"15-04-2025 15:52"
15766162,"BUKATIRA PS_049",,099008049,"Semuto , Nakaseke","Bukatira PS",24,0,639.24,"15-04-2025 15:50"
15766162,"BUKATIRA PS_049",,099008049,"Semuto , Nakaseke","Bukatira PS",24,18.34,639.24,"15-04-2025 15:50"
15766162,"BUKATIRA PS_049",,099008049,"Semuto , Nakaseke","Bukatira PS",23,0,657.58,"15-04-2025 15:48"
13245115,"BUKATIRA PS_177",,099008177,"Semuto , Nakaseke","Bukatira PS",53,0,162.56,"15-04-2025 15:48"
13245115,"BUKATIRA PS_177",,099008177,"Semuto , Nakaseke","Bukatira PS",53,0,162.56,"15-04-2025 15:48"
13245115,"BUKATIRA PS_177",,099008177,"Semuto , Nakaseke","Bukatira PS",52,0,163.66,"15-04-2025 15:47"
13245115,"BUKATIRA PS_177",,099008177,"Semuto , Nakaseke","Bukatira PS",52,3.3,163.66,"15-04-2025 15:46"
13245115,"BUKATIRA PS_177",,099008177,"Semuto , Nakaseke","Bukatira PS",51,0,166.97,"15-04-2025 15:46"
13245115,"BUKATIRA PS_177",,099008177,"Semuto , Nakaseke","Bukatira PS",50,0,168.63,"15-04-2025 15:46"
13245115,"BUKATIRA PS_177",,099008177,"Semuto , Nakaseke","Bukatira PS",50,2.67,168.63,"15-04-2025 15:45"
13245115,"BUKATIRA PS_177",,099008177,"Semuto , Nakaseke","Bukatira PS",49,0,171.3,"15-04-2025 15:44"
13245115,"BUKATIRA PS_177",,099008177,"Semuto , Nakaseke","Bukatira PS",49,2.66,171.3,"15-04-2025 15:44"
13245115,"BUKATIRA PS_177",,099008177,"Semuto , Nakaseke","Bukatira PS",48,0,173.96,"15-04-2025 15:44"
13245115,"BUKATIRA PS_177",,099008177,"Semuto , Nakaseke","Bukatira PS",48,2.3,173.96,"15-04-2025 15:43"
13245115,"BUKATIRA PS_177",,099008177,"Semuto , Nakaseke","Bukatira PS",47,0,176.26,"15-04-2025 15:43"
13245115,"BUKATIRA PS_177",,099008177,"Semuto , Nakaseke","Bukatira PS",47,2.36,176.26,"15-04-2025 15:43"
13245115,"BUKATIRA PS_177",,099008177,"Semuto , Nakaseke","Bukatira PS",46,14.5,178.62,"15-04-2025 15:43"
13245115,"BUKATIRA PS_177",,099008177,"Semuto , Nakaseke","Bukatira PS",45,3.72,193.12,"15-04-2025 15:41"
13245115,"BUKATIRA PS_177",,099008177,"Semuto , Nakaseke","Bukatira PS",44,0,196.84,"15-04-2025 15:41"
13245115,"BUKATIRA PS_177",,099008177,"Semuto , Nakaseke","Bukatira PS",44,0.62,196.84,"15-04-2025 15:40"
13245115,"BUKATIRA PS_177",,099008177,"Semuto , Nakaseke","Bukatira PS",43,0,197.46,"15-04-2025 15:40"
13245115,"BUKATIRA PS_177",,099008177,"Semuto , Nakaseke","Bukatira PS",43,10.08,197.46,"15-04-2025 15:40"
13245115,"BUKATIRA PS_177",,099008177,"Semuto , Nakaseke","Bukatira PS",42,0,207.53,"15-04-2025 15:38"
13245115,"BUKATIRA PS_177",,099008177,"Semuto , Nakaseke","Bukatira PS",41,5.97,209.25,"15-04-2025 15:38"
13245115,"BUKATIRA PS_177",,099008177,"Semuto , Nakaseke","Bukatira PS",40,0,215.22,"15-04-2025 15:37"
14114519,"BUKATIRA PS_015",,099008015,"Semuto , Nakaseke","Bukatira PS",15,0,541.48,"15-04-2025 15:37"
14114519,"BUKATIRA PS_015",,099008015,"Semuto , Nakaseke","Bukatira PS",15,0,541.48,"15-04-2025 15:37"
14114519,"BUKATIRA PS_015",,099008015,"Semuto , Nakaseke","Bukatira PS",14,27.41,543.08,"15-04-2025 15:36"
14114519,"BUKATIRA PS_015",,099008015,"Semuto , Nakaseke","Bukatira PS",13,6.31,570.49,"15-04-2025 15:34"
14114519,"BUKATIRA PS_015",,099008015,"Semuto , Nakaseke","Bukatira PS",12,0,576.8,"15-04-2025 15:34"
84221162,"BUKATIRA PS_151",,099008151,"Semuto , Nakaseke","Bukatira PS",42,1.34,4647.04,"15-04-2025 15:31"
84221162,"BUKATIRA PS_151",,099008151,"Semuto , Nakaseke","Bukatira PS",41,0,4648.38,"15-04-2025 15:31"
84221162,"BUKATIRA PS_151",,099008151,"Semuto , Nakaseke","Bukatira PS",41,16.94,4648.38,"15-04-2025 15:30"
84221162,"BUKATIRA PS_151",,099008151,"Semuto , Nakaseke","Bukatira PS",40,0,4665.33,"15-04-2025 15:29"
84221162,"BUKATIRA PS_151",,099008151,"Semuto , Nakaseke","Bukatira PS",40,2.59,4665.33,"15-04-2025 15:29"
84221162,"BUKATIRA PS_151",,099008151,"Semuto , Nakaseke","Bukatira PS",39,0,4667.92,"15-04-2025 15:28"
84221162,"BUKATIRA PS_151",,099008151,"Semuto , Nakaseke","Bukatira PS",39,19.87,4667.92,"15-04-2025 15:27"
84221162,"BUKATIRA PS_151",,099008151,"Semuto , Nakaseke","Bukatira PS",38,0,4687.79,"15-04-2025 15:26"
84221162,"BUKATIRA PS_151",,099008151,"Semuto , Nakaseke","Bukatira PS",38,0.62,4687.79,"15-04-2025 15:26"
84221162,"BUKATIRA PS_151",,099008151,"Semuto , Nakaseke","Bukatira PS",37,0.27,4688.41,"15-04-2025 15:25"
84221162,"BUKATIRA PS_151",,099008151,"Semuto , Nakaseke","Bukatira PS",37,0,4688.41,"15-04-2025 15:25"
84221162,"BUKATIRA PS_151",,099008151,"Semuto , Nakaseke","Bukatira PS",37,0.15,4688.41,"15-04-2025 15:25"
84221162,"BUKATIRA PS_151",,099008151,"Semuto , Nakaseke","Bukatira PS",37,0,4688.41,"15-04-2025 15:24"
84221162,"BUKATIRA PS_151",,099008151,"Semuto , Nakaseke","Bukatira PS",37,0,4688.41,"15-04-2025 15:24"
84221162,"BUKATIRA PS_151",,099008151,"Semuto , Nakaseke","Bukatira PS",37,0,4688.41,"15-04-2025 15:24"
15714111,"BUKATIRA PS_001",,099008001,"Semuto , Nakaseke","Bukatira PS",107,34.49,1475.63,"15-04-2025 15:23"
15714111,"BUKATIRA PS_001",,099008001,"Semuto , Nakaseke","Bukatira PS",106,37.09,1510.13,"15-04-2025 15:20"
15714111,"BUKATIRA PS_001",,099008001,"Semuto , Nakaseke","Bukatira PS",105,0,1547.22,"15-04-2025 15:17"
15710323,"BUKATIRA PS_011",,099008011,"Semuto , Nakaseke","Bukatira PS",3,40.91,870.52,"15-04-2025 15:17"
15714111,"BUKATIRA PS_001",,099008001,"Semuto , Nakaseke","Bukatira PS",105,38.71,1547.22,"15-04-2025 15:14"
15714111,"BUKATIRA PS_001",,099008001,"Semuto , Nakaseke","Bukatira PS",104,0,1585.93,"15-04-2025 15:11"
14114725,"BUKATIRA PS_012",,099008012,"Semuto , Nakaseke","Bukatira PS",41,0,0,"15-04-2025 15:10"
15714111,"BUKATIRA PS_001",,099008001,"Semuto , Nakaseke","Bukatira PS",104,15.96,1585.93,"15-04-2025 15:10"
15714111,"BUKATIRA PS_001",,099008001,"Semuto , Nakaseke","Bukatira PS",103,0,1601.89,"15-04-2025 15:09"
15714111,"BUKATIRA PS_001",,099008001,"Semuto , Nakaseke","Bukatira PS",103,23.44,1601.89,"15-04-2025 15:09"
15714111,"BUKATIRA PS_001",,099008001,"Semuto , Nakaseke","Bukatira PS",102,0,1625.33,"15-04-2025 15:07"
14114519,"BUKATIRA PS_015",,099008015,"Semuto , Nakaseke","Bukatira PS",12,39.35,576.8,"15-04-2025 15:07"
14114519,"BUKATIRA PS_015",,099008015,"Semuto , Nakaseke","Bukatira PS",11,0,616.15,"15-04-2025 15:04"
10015130,"BUKATIRA PS_152",,099008152,"Semuto , Nakaseke","Bukatira PS",8,46.77,642.8,"15-04-2025 15:04"
10015130,"BUKATIRA PS_152",,099008152,"Semuto , Nakaseke","Bukatira PS",7,0,689.57,"15-04-2025 15:01"
10015130,"BUKATIRA PS_152",,099008152,"Semuto , Nakaseke","Bukatira PS",7,6,689.57,"15-04-2025 15:00"
10015130,"BUKATIRA PS_152",,099008152,"Semuto , Nakaseke","Bukatira PS",6,0,695.57,"15-04-2025 15:00"
10015130,"BUKATIRA PS_152",,099008152,"Semuto , Nakaseke","Bukatira PS",6,24.24,695.57,"15-04-2025 14:59"
10015130,"BUKATIRA PS_152",,099008152,"Semuto , Nakaseke","Bukatira PS",5,0,719.81,"15-04-2025 14:57"
15725223,"BUKATIRA PS_006",,099008006,"Semuto , Nakaseke","Bukatira PS",16,6.45,658.7,"15-04-2025 14:57"
15725223,"BUKATIRA PS_006",,099008006,"Semuto , Nakaseke","Bukatira PS",15,0,665.15,"15-04-2025 14:57"
15725223,"BUKATIRA PS_006",,099008006,"Semuto , Nakaseke","Bukatira PS",15,19.32,665.15,"15-04-2025 14:56"
15725223,"BUKATIRA PS_006",,099008006,"Semuto , Nakaseke","Bukatira PS",14,0,684.47,"15-04-2025 14:55"
15725223,"BUKATIRA PS_006",,099008006,"Semuto , Nakaseke","Bukatira PS",14,28.61,684.47,"15-04-2025 14:55"
16475126,"BUKATIRA PS_178",,099008178,"Semuto , Nakaseke","Bukatira PS",59,6.39,465.21,"15-04-2025 14:53"
16475126,"BUKATIRA PS_178",,099008178,"Semuto , Nakaseke","Bukatira PS",58,18.11,471.61,"15-04-2025 14:52"
16475126,"BUKATIRA PS_178",,099008178,"Semuto , Nakaseke","Bukatira PS",57,0,489.72,"15-04-2025 14:51"
15725223,"BUKATIRA PS_006",,099008006,"Semuto , Nakaseke","Bukatira PS",13,2.32,713.08,"15-04-2025 14:51"
21218111,"BUKATIRA PS_181",,099008181,"Semuto , Nakaseke","Bukatira PS",65,6.51,246.07,"15-04-2025 14:51"
21218111,"BUKATIRA PS_181",,099008181,"Semuto , Nakaseke","Bukatira PS",64,8.81,252.58,"15-04-2025 14:50"
21218111,"BUKATIRA PS_181",,099008181,"Semuto , Nakaseke","Bukatira PS",63,0,261.39,"15-04-2025 14:49"
15714111,"BUKATIRA PS_001",,099008001,"Semuto , Nakaseke","Bukatira PS",102,179.38,1625.33,"15-04-2025 14:49"
15714111,"BUKATIRA PS_001",,099008001,"Semuto , Nakaseke","Bukatira PS",101,0,1804.71,"15-04-2025 14:39"
21218111,"BUKATIRA PS_181",,099008181,"Semuto , Nakaseke","Bukatira PS",63,20.23,261.39,"15-04-2025 14:38"
21218111,"BUKATIRA PS_181",,099008181,"Semuto , Nakaseke","Bukatira PS",62,0,281.62,"15-04-2025 14:37"
15714116,"BUKATIRA PS_039",,099008039,"Semuto , Nakaseke","Bukatira PS",28,143.09,0.29,"15-04-2025 14:36"
15714116,"BUKATIRA PS_039",,099008039,"Semuto , Nakaseke","Bukatira PS",27,32.81,143.38,"15-04-2025 14:28"
15714116,"BUKATIRA PS_039",,099008039,"Semuto , Nakaseke","Bukatira PS",26,57.89,176.19,"15-04-2025 14:26"
15714116,"BUKATIRA PS_039",,099008039,"Semuto , Nakaseke","Bukatira PS",25,19.07,234.08,"15-04-2025 14:22"
15714116,"BUKATIRA PS_039",,099008039,"Semuto , Nakaseke","Bukatira PS",24,14.8,253.16,"15-04-2025 14:21"
15714116,"BUKATIRA PS_039",,099008039,"Semuto , Nakaseke","Bukatira PS",23,16.55,267.96,"15-04-2025 14:20"
15714116,"BUKATIRA PS_039",,099008039,"Semuto , Nakaseke","Bukatira PS",22,3.16,284.51,"15-04-2025 14:19"
21211722,"BUKATIRA PS_167",,099008167,"Semuto , Nakaseke","Bukatira PS",12,80.91,420.87,"15-04-2025 14:18"
10010012,"BUKATIRA PS_198",,099008198,"Semuto , Nakaseke","Bukatira PS",28,136.42,245.91,"15-04-2025 14:14"
10010012,"BUKATIRA PS_198",,099008198,"Semuto , Nakaseke","Bukatira PS",27,0,382.33,"15-04-2025 14:03"
21218111,"BUKATIRA PS_181",,099008181,"Semuto , Nakaseke","Bukatira PS",62,19.64,281.62,"15-04-2025 14:03"
21218111,"BUKATIRA PS_181",,099008181,"Semuto , Nakaseke","Bukatira PS",61,0,301.26,"15-04-2025 14:01"
16420512,"BUKATIRA PS_188",,099008188,"Semuto , Nakaseke","Bukatira PS",20,78.09,217.99,"15-04-2025 14:01"
16420512,"BUKATIRA PS_188",,099008188,"Semuto , Nakaseke","Bukatira PS",19,0,296.08,"15-04-2025 13:55"
14119114,"BUKATIRA PS_009",,099008009,"Semuto , Nakaseke","Bukatira PS",15,8.68,481.08,"15-04-2025 13:54"
14119114,"BUKATIRA PS_009",,099008009,"Semuto , Nakaseke","Bukatira PS",14,38.75,489.76,"15-04-2025 13:54"
14119114,"BUKATIRA PS_009",,099008009,"Semuto , Nakaseke","Bukatira PS",13,9.61,528.51,"15-04-2025 13:51"
14119114,"BUKATIRA PS_009",,099008009,"Semuto , Nakaseke","Bukatira PS",12,0,538.12,"15-04-2025 13:50"
16420512,"BUKATIRA PS_188",,099008188,"Semuto , Nakaseke","Bukatira PS",19,38.29,296.08,"15-04-2025 13:49"
16420512,"BUKATIRA PS_188",,099008188,"Semuto , Nakaseke","Bukatira PS",18,0,334.37,"15-04-2025 13:46"
16420512,"BUKATIRA PS_188",,099008188,"Semuto , Nakaseke","Bukatira PS",18,36.87,334.37,"15-04-2025 13:45"
16420512,"BUKATIRA PS_188",,099008188,"Semuto , Nakaseke","Bukatira PS",17,0,371.24,"15-04-2025 13:43"
16420512,"BUKATIRA PS_188",,099008188,"Semuto , Nakaseke","Bukatira PS",17,39.38,371.24,"15-04-2025 13:42"
16420512,"BUKATIRA PS_188",,099008188,"Semuto , Nakaseke","Bukatira PS",16,0,410.62,"15-04-2025 13:38"
15714111,"BUKATIRA PS_001",,099008001,"Semuto , Nakaseke","Bukatira PS",100,0,1805.52,"15-04-2025 13:34"
15714111,"BUKATIRA PS_001",,099008001,"Semuto , Nakaseke","Bukatira PS",99,0,1806.25,"15-04-2025 13:34"
15714111,"BUKATIRA PS_001",,099008001,"Semuto , Nakaseke","Bukatira PS",99,1.53,1806.25,"15-04-2025 13:34"
15714111,"BUKATIRA PS_001",,099008001,"Semuto , Nakaseke","Bukatira PS",98,2.23,1807.77,"15-04-2025 13:33"
15714111,"BUKATIRA PS_001",,099008001,"Semuto , Nakaseke","Bukatira PS",97,0,1810,"15-04-2025 13:32"
14120410,"BUKATIRA PS_072",,099008072,"Semuto , Nakaseke","Bukatira PS",25,0,0,"15-04-2025 13:32"
14114725,"BUKATIRA PS_012",,099008012,"Semuto , Nakaseke","Bukatira PS",41,0,0,"15-04-2025 13:32"
21211722,"BUKATIRA PS_167",,099008167,"Semuto , Nakaseke","Bukatira PS",11,65.15,501.78,"15-04-2025 13:31"
21211722,"BUKATIRA PS_167",,099008167,"Semuto , Nakaseke","Bukatira PS",10,40.04,566.93,"15-04-2025 13:27"
21211722,"BUKATIRA PS_167",,099008167,"Semuto , Nakaseke","Bukatira PS",9,0,606.97,"15-04-2025 13:24"
68351162,"BUKATIRA PS_161",,099008161,"Semuto , Nakaseke","Bukatira PS",16,35.03,169.51,"15-04-2025 13:24"
68351162,"BUKATIRA PS_161",,099008161,"Semuto , Nakaseke","Bukatira PS",15,0,204.54,"15-04-2025 13:21"
68351162,"BUKATIRA PS_161",,099008161,"Semuto , Nakaseke","Bukatira PS",15,22.18,204.54,"15-04-2025 13:20"
68351162,"BUKATIRA PS_161",,099008161,"Semuto , Nakaseke","Bukatira PS",14,15.31,226.72,"15-04-2025 13:18"
68351162,"BUKATIRA PS_161",,099008161,"Semuto , Nakaseke","Bukatira PS",13,0,242.03,"15-04-2025 13:17"
21211722,"BUKATIRA PS_167",,099008167,"Semuto , Nakaseke","Bukatira PS",9,99.89,606.97,"15-04-2025 12:57"
21211722,"BUKATIRA PS_167",,099008167,"Semuto , Nakaseke","Bukatira PS",8,0,706.85,"15-04-2025 12:50"
16475126,"BUKATIRA PS_178",,099008178,"Semuto , Nakaseke","Bukatira PS",56,0,491.1,"15-04-2025 12:39"
16475126,"BUKATIRA PS_178",,099008178,"Semuto , Nakaseke","Bukatira PS",56,0,491.1,"15-04-2025 12:39"
16475126,"BUKATIRA PS_178",,099008178,"Semuto , Nakaseke","Bukatira PS",56,0,491.1,"15-04-2025 12:39"
16475126,"BUKATIRA PS_178",,099008178,"Semuto , Nakaseke","Bukatira PS",55,0,492.09,"15-04-2025 12:39"
16475126,"BUKATIRA PS_178",,099008178,"Semuto , Nakaseke","Bukatira PS",55,0.1,492.09,"15-04-2025 12:37"
16475126,"BUKATIRA PS_178",,099008178,"Semuto , Nakaseke","Bukatira PS",55,0.26,492.09,"15-04-2025 12:37"
16475126,"BUKATIRA PS_178",,099008178,"Semuto , Nakaseke","Bukatira PS",55,0,492.09,"15-04-2025 12:37"
16475126,"BUKATIRA PS_178",,099008178,"Semuto , Nakaseke","Bukatira PS",55,0,492.09,"15-04-2025 12:37"
16475126,"BUKATIRA PS_178",,099008178,"Semuto , Nakaseke","Bukatira PS",55,0,492.09,"15-04-2025 12:36"
16475126,"BUKATIRA PS_178",,099008178,"Semuto , Nakaseke","Bukatira PS",55,0,492.09,"15-04-2025 12:36"
16475126,"BUKATIRA PS_178",,099008178,"Semuto , Nakaseke","Bukatira PS",55,1.45,492.09,"15-04-2025 12:36"
16475126,"BUKATIRA PS_178",,099008178,"Semuto , Nakaseke","Bukatira PS",54,0,493.54,"15-04-2025 12:35"
16475126,"BUKATIRA PS_178",,099008178,"Semuto , Nakaseke","Bukatira PS",54,0,493.54,"15-04-2025 12:35"
16475126,"BUKATIRA PS_178",,099008178,"Semuto , Nakaseke","Bukatira PS",54,0,493.54,"15-04-2025 12:34"
16475126,"BUKATIRA PS_178",,099008178,"Semuto , Nakaseke","Bukatira PS",54,0,493.54,"15-04-2025 12:34"
16475126,"BUKATIRA PS_178",,099008178,"Semuto , Nakaseke","Bukatira PS",53,0,494.37,"15-04-2025 12:33"
16475126,"BUKATIRA PS_178",,099008178,"Semuto , Nakaseke","Bukatira PS",53,0.62,494.37,"15-04-2025 12:32"
16475126,"BUKATIRA PS_178",,099008178,"Semuto , Nakaseke","Bukatira PS",52,1.99,494.99,"15-04-2025 12:32"
16475126,"BUKATIRA PS_178",,099008178,"Semuto , Nakaseke","Bukatira PS",50,0,497.72,"15-04-2025 12:31"
16475126,"BUKATIRA PS_178",,099008178,"Semuto , Nakaseke","Bukatira PS",49,2.5,499.39,"15-04-2025 12:31"
16475126,"BUKATIRA PS_178",,099008178,"Semuto , Nakaseke","Bukatira PS",48,4.2,501.89,"15-04-2025 12:30"
16475126,"BUKATIRA PS_178",,099008178,"Semuto , Nakaseke","Bukatira PS",46,0,507.62,"15-04-2025 12:30"
16475126,"BUKATIRA PS_178",,099008178,"Semuto , Nakaseke","Bukatira PS",46,1.84,507.62,"15-04-2025 12:29"
16475126,"BUKATIRA PS_178",,099008178,"Semuto , Nakaseke","Bukatira PS",45,1.35,509.47,"15-04-2025 12:29"
16475126,"BUKATIRA PS_178",,099008178,"Semuto , Nakaseke","Bukatira PS",44,1.46,510.82,"15-04-2025 12:29"
16475126,"BUKATIRA PS_178",,099008178,"Semuto , Nakaseke","Bukatira PS",42,1.77,513.68,"15-04-2025 12:29"
16475126,"BUKATIRA PS_178",,099008178,"Semuto , Nakaseke","Bukatira PS",41,1.16,515.45,"15-04-2025 12:28"
16475126,"BUKATIRA PS_178",,099008178,"Semuto , Nakaseke","Bukatira PS",40,0,516.61,"15-04-2025 12:28"
16475126,"BUKATIRA PS_178",,099008178,"Semuto , Nakaseke","Bukatira PS",40,3.22,516.61,"15-04-2025 12:28"
16475126,"BUKATIRA PS_178",,099008178,"Semuto , Nakaseke","Bukatira PS",39,2.37,519.83,"15-04-2025 12:27"
16475126,"BUKATIRA PS_178",,099008178,"Semuto , Nakaseke","Bukatira PS",38,0.54,522.2,"15-04-2025 12:27"
16475126,"BUKATIRA PS_178",,099008178,"Semuto , Nakaseke","Bukatira PS",37,1.86,522.74,"15-04-2025 12:27"
16475126,"BUKATIRA PS_178",,099008178,"Semuto , Nakaseke","Bukatira PS",36,4.02,524.6,"15-04-2025 12:26"
16475126,"BUKATIRA PS_178",,099008178,"Semuto , Nakaseke","Bukatira PS",35,0,528.62,"15-04-2025 12:26"
13222312,"BUKATIRA PS_191",,099008191,"Semuto , Nakaseke","Bukatira PS",13,36.4,562.71,"15-04-2025 11:45"
13222312,"BUKATIRA PS_191",,099008191,"Semuto , Nakaseke","Bukatira PS",12,0,599.12,"15-04-2025 11:43"
13222312,"BUKATIRA PS_191",,099008191,"Semuto , Nakaseke","Bukatira PS",12,40.84,599.12,"15-04-2025 11:43"
13222312,"BUKATIRA PS_191",,099008191,"Semuto , Nakaseke","Bukatira PS",11,0,639.96,"15-04-2025 11:40"
68351162,"BUKATIRA PS_161",,099008161,"Semuto , Nakaseke","Bukatira PS",13,35.99,242.03,"15-04-2025 11:34"
68351162,"BUKATIRA PS_161",,099008161,"Semuto , Nakaseke","Bukatira PS",12,0,278.02,"15-04-2025 11:31"
68351162,"BUKATIRA PS_161",,099008161,"Semuto , Nakaseke","Bukatira PS",12,35.68,278.02,"15-04-2025 11:31"
68351162,"BUKATIRA PS_161",,099008161,"Semuto , Nakaseke","Bukatira PS",11,0,313.7,"15-04-2025 11:27"
14124618,"BUKATIRA PS_017",,099008017,"Semuto , Nakaseke","Bukatira PS",4,45.97,824.96,"15-04-2025 10:56"
14124618,"BUKATIRA PS_017",,099008017,"Semuto , Nakaseke","Bukatira PS",3,0,870.93,"15-04-2025 10:54"
19617131,"BUKATIRA PS_159",,099008159,"Semuto , Nakaseke","Bukatira PS",9,85.11,454.04,"15-04-2025 10:49"
19617131,"BUKATIRA PS_159",,099008159,"Semuto , Nakaseke","Bukatira PS",8,0,539.16,"15-04-2025 10:42"
15714111,"BUKATIRA PS_001",,099008001,"Semuto , Nakaseke","Bukatira PS",97,1.44,1810,"15-04-2025 10:42"
15714111,"BUKATIRA PS_001",,099008001,"Semuto , Nakaseke","Bukatira PS",96,8.61,1811.44,"15-04-2025 10:41"
15714111,"BUKATIRA PS_001",,099008001,"Semuto , Nakaseke","Bukatira PS",95,0,1820.04,"15-04-2025 10:40"
19617131,"BUKATIRA PS_159",,099008159,"Semuto , Nakaseke","Bukatira PS",7,0,540.15,"15-04-2025 10:40"
19617131,"BUKATIRA PS_159",,099008159,"Semuto , Nakaseke","Bukatira PS",6,0,540.81,"15-04-2025 10:39"
15714111,"BUKATIRA PS_001",,099008001,"Semuto , Nakaseke","Bukatira PS",95,0.74,1820.04,"15-04-2025 10:38"
15714111,"BUKATIRA PS_001",,099008001,"Semuto , Nakaseke","Bukatira PS",93,0,1821.75,"15-04-2025 10:38"
15714111,"BUKATIRA PS_001",,099008001,"Semuto , Nakaseke","Bukatira PS",93,3.6,1821.75,"15-04-2025 10:38"
15714111,"BUKATIRA PS_001",,099008001,"Semuto , Nakaseke","Bukatira PS",92,0,1825.35,"15-04-2025 10:37"
19617131,"BUKATIRA PS_159",,099008159,"Semuto , Nakaseke","Bukatira PS",6,41.92,540.81,"15-04-2025 10:37"
19617131,"BUKATIRA PS_159",,099008159,"Semuto , Nakaseke","Bukatira PS",5,0,582.73,"15-04-2025 10:34"
19617131,"BUKATIRA PS_159",,099008159,"Semuto , Nakaseke","Bukatira PS",5,42.86,582.73,"15-04-2025 10:34"
19617131,"BUKATIRA PS_159",,099008159,"Semuto , Nakaseke","Bukatira PS",4,0,625.59,"15-04-2025 10:30"
15714111,"BUKATIRA PS_001",,099008001,"Semuto , Nakaseke","Bukatira PS",91,0.76,1825.91,"15-04-2025 10:29"
15714111,"BUKATIRA PS_001",,099008001,"Semuto , Nakaseke","Bukatira PS",90,1.32,1826.67,"15-04-2025 10:29"
15714111,"BUKATIRA PS_001",,099008001,"Semuto , Nakaseke","Bukatira PS",89,0,1827.99,"15-04-2025 10:29"
15714111,"BUKATIRA PS_001",,099008001,"Semuto , Nakaseke","Bukatira PS",87,0,1829.6,"15-04-2025 10:29"
15714111,"BUKATIRA PS_001",,099008001,"Semuto , Nakaseke","Bukatira PS",87,9.85,1829.6,"15-04-2025 10:28"
15714111,"BUKATIRA PS_001",,099008001,"Semuto , Nakaseke","Bukatira PS",86,0,1839.46,"15-04-2025 10:27"
15714111,"BUKATIRA PS_001",,099008001,"Semuto , Nakaseke","Bukatira PS",86,7.79,1839.46,"15-04-2025 10:26"
15714111,"BUKATIRA PS_001",,099008001,"Semuto , Nakaseke","Bukatira PS",84,2.44,1847.9,"15-04-2025 10:25"
15714111,"BUKATIRA PS_001",,099008001,"Semuto , Nakaseke","Bukatira PS",83,5.98,1850.34,"15-04-2025 10:24"
15714111,"BUKATIRA PS_001",,099008001,"Semuto , Nakaseke","Bukatira PS",82,0,1856.32,"15-04-2025 10:24"
14120410,"BUKATIRA PS_072",,099008072,"Semuto , Nakaseke","Bukatira PS",25,0,0,"15-04-2025 10:23"
18024212,"BUKATIRA PS_153",,099008153,"Semuto , Nakaseke","Bukatira PS",6,1.23,844.66,"15-04-2025 10:21"
18024212,"BUKATIRA PS_153",,099008153,"Semuto , Nakaseke","Bukatira PS",5,0,845.89,"15-04-2025 10:21"
18024212,"BUKATIRA PS_153",,099008153,"Semuto , Nakaseke","Bukatira PS",5,0,845.89,"15-04-2025 10:20"
18024212,"BUKATIRA PS_153",,099008153,"Semuto , Nakaseke","Bukatira PS",5,1.77,845.89,"15-04-2025 10:18"
18024212,"BUKATIRA PS_153",,099008153,"Semuto , Nakaseke","Bukatira PS",4,39.29,847.66,"15-04-2025 10:17"
18024212,"BUKATIRA PS_153",,099008153,"Semuto , Nakaseke","Bukatira PS",3,0,886.95,"15-04-2025 10:12"
20966422,"BUKATIRA PS_162",,099008162,"Semuto , Nakaseke","Bukatira PS",9,72.52,228.94,"15-04-2025 10:11"
20966422,"BUKATIRA PS_162",,099008162,"Semuto , Nakaseke","Bukatira PS",8,0,301.46,"15-04-2025 10:07"
15714111,"BUKATIRA PS_001",,099008001,"Semuto , Nakaseke","Bukatira PS",80,0,1859.66,"15-04-2025 10:06"
15714111,"BUKATIRA PS_001",,099008001,"Semuto , Nakaseke","Bukatira PS",79,0.69,1860.74,"15-04-2025 10:06"
20966422,"BUKATIRA PS_162",,099008162,"Semuto , Nakaseke","Bukatira PS",8,65.22,301.46,"15-04-2025 10:06"
20966422,"BUKATIRA PS_162",,099008162,"Semuto , Nakaseke","Bukatira PS",7,0,366.68,"15-04-2025 10:00"
10030117,"BUKATIRA PS_163",,099008163,"Semuto , Nakaseke","Bukatira PS",17,0,508.42,"15-04-2025 09:49"
10030117,"BUKATIRA PS_163",,099008163,"Semuto , Nakaseke","Bukatira PS",16,0,509.79,"15-04-2025 09:49"
10030117,"BUKATIRA PS_163",,099008163,"Semuto , Nakaseke","Bukatira PS",16,39.6,509.79,"15-04-2025 09:48"
10030117,"BUKATIRA PS_163",,099008163,"Semuto , Nakaseke","Bukatira PS",15,0,549.39,"15-04-2025 09:42"
10030117,"BUKATIRA PS_163",,099008163,"Semuto , Nakaseke","Bukatira PS",15,8.48,549.39,"15-04-2025 09:41"
10030117,"BUKATIRA PS_163",,099008163,"Semuto , Nakaseke","Bukatira PS",14,7.23,557.87,"15-04-2025 09:40"
10030117,"BUKATIRA PS_163",,099008163,"Semuto , Nakaseke","Bukatira PS",13,5.06,565.1,"15-04-2025 09:40"
10030117,"BUKATIRA PS_163",,099008163,"Semuto , Nakaseke","Bukatira PS",12,1.8,570.16,"15-04-2025 09:40"
10030117,"BUKATIRA PS_163",,099008163,"Semuto , Nakaseke","Bukatira PS",10,0,573.2,"15-04-2025 09:39"
10030117,"BUKATIRA PS_163",,099008163,"Semuto , Nakaseke","Bukatira PS",10,17.63,573.2,"15-04-2025 09:39"
10030117,"BUKATIRA PS_163",,099008163,"Semuto , Nakaseke","Bukatira PS",9,0,590.83,"15-04-2025 09:38"
10030117,"BUKATIRA PS_163",,099008163,"Semuto , Nakaseke","Bukatira PS",9,0,590.83,"15-04-2025 09:15"
14815411,"BUKATIRA PS_199",,099008199,"Semuto , Nakaseke","Bukatira PS",5,22.51,783.12,"15-04-2025 08:39"
14815411,"BUKATIRA PS_199",,099008199,"Semuto , Nakaseke","Bukatira PS",4,0,805.63,"15-04-2025 08:37"
14815411,"BUKATIRA PS_199",,099008199,"Semuto , Nakaseke","Bukatira PS",4,37.53,805.63,"15-04-2025 08:36"
14815411,"BUKATIRA PS_199",,099008199,"Semuto , Nakaseke","Bukatira PS",3,0,843.15,"15-04-2025 08:34"
42071232,"BUKATIRA PS_176",,099008176,"Semuto , Nakaseke","Bukatira PS",42,37.48,314.13,"15-04-2025 08:23"
42071232,"BUKATIRA PS_176",,099008176,"Semuto , Nakaseke","Bukatira PS",41,0,351.61,"15-04-2025 08:21"
15714111,"BUKATIRA PS_001",,099008001,"Semuto , Nakaseke","Bukatira PS",78,0.96,1861.42,"15-04-2025 08:12"
15714111,"BUKATIRA PS_001",,099008001,"Semuto , Nakaseke","Bukatira PS",77,0,1862.38,"15-04-2025 08:12"
15714111,"BUKATIRA PS_001",,099008001,"Semuto , Nakaseke","Bukatira PS",77,1.59,1862.38,"15-04-2025 08:09"
14114725,"BUKATIRA PS_012",,099008012,"Semuto , Nakaseke","Bukatira PS",41,0,0,"15-04-2025 08:09"
14114725,"BUKATIRA PS_012",,099008012,"Semuto , Nakaseke","Bukatira PS",41,0,0,"15-04-2025 08:08"
15714111,"BUKATIRA PS_001",,099008001,"Semuto , Nakaseke","Bukatira PS",76,0,1863.97,"15-04-2025 08:08"
15714111,"BUKATIRA PS_001",,099008001,"Semuto , Nakaseke","Bukatira PS",76,7.03,1863.97,"15-04-2025 08:08"
14114725,"BUKATIRA PS_012",,099008012,"Semuto , Nakaseke","Bukatira PS",41,0,0,"15-04-2025 08:06"
15714111,"BUKATIRA PS_001",,099008001,"Semuto , Nakaseke","Bukatira PS",74,0,1871.77,"15-04-2025 08:06"
15714111,"BUKATIRA PS_001",,099008001,"Semuto , Nakaseke","Bukatira PS",73,0,1874.13,"15-04-2025 08:06"
15714111,"BUKATIRA PS_001",,099008001,"Semuto , Nakaseke","Bukatira PS",73,3.57,1874.13,"15-04-2025 08:06"
15714111,"BUKATIRA PS_001",,099008001,"Semuto , Nakaseke","Bukatira PS",72,2.9,1877.7,"15-04-2025 08:05"
15714111,"BUKATIRA PS_001",,099008001,"Semuto , Nakaseke","Bukatira PS",71,1.57,1880.6,"15-04-2025 08:05"
15714111,"BUKATIRA PS_001",,099008001,"Semuto , Nakaseke","Bukatira PS",69,0,1882.77,"15-04-2025 08:04"
14120410,"BUKATIRA PS_072",,099008072,"Semuto , Nakaseke","Bukatira PS",25,0,0,"15-04-2025 08:04"
15714111,"BUKATIRA PS_001",,099008001,"Semuto , Nakaseke","Bukatira PS",69,5.66,1882.77,"15-04-2025 08:04"
15714111,"BUKATIRA PS_001",,099008001,"Semuto , Nakaseke","Bukatira PS",68,0,1888.43,"15-04-2025 08:02"
15714111,"BUKATIRA PS_001",,099008001,"Semuto , Nakaseke","Bukatira PS",68,0,1888.43,"15-04-2025 07:58"
15714111,"BUKATIRA PS_001",,099008001,"Semuto , Nakaseke","Bukatira PS",68,1.47,1888.43,"15-04-2025 07:58"
15714111,"BUKATIRA PS_001",,099008001,"Semuto , Nakaseke","Bukatira PS",67,0,1889.9,"15-04-2025 07:57"
15714111,"BUKATIRA PS_001",,099008001,"Semuto , Nakaseke","Bukatira PS",66,0,1890.82,"15-04-2025 07:57"
15714111,"BUKATIRA PS_001",,099008001,"Semuto , Nakaseke","Bukatira PS",66,2.49,1890.82,"15-04-2025 07:56"
14120410,"BUKATIRA PS_072",,099008072,"Semuto , Nakaseke","Bukatira PS",25,0,0,"15-04-2025 07:55"
14114725,"BUKATIRA PS_012",,099008012,"Semuto , Nakaseke","Bukatira PS",41,0,0,"15-04-2025 07:55"
15714111,"BUKATIRA PS_001",,099008001,"Semuto , Nakaseke","Bukatira PS",64,0,1893.91,"15-04-2025 07:44"
15714111,"BUKATIRA PS_001",,099008001,"Semuto , Nakaseke","Bukatira PS",64,2.01,1893.91,"15-04-2025 07:43"
15714111,"BUKATIRA PS_001",,099008001,"Semuto , Nakaseke","Bukatira PS",63,2.65,1895.92,"15-04-2025 07:43"
15714111,"BUKATIRA PS_001",,099008001,"Semuto , Nakaseke","Bukatira PS",62,0,1898.57,"15-04-2025 07:43"
15714111,"BUKATIRA PS_001",,099008001,"Semuto , Nakaseke","Bukatira PS",62,0,1898.57,"15-04-2025 07:42"
14118011,"BUKATIRA PS_062",,099008062,"Semuto , Nakaseke","Bukatira PS",7,41.73,818,"15-04-2025 07:01"
14118011,"BUKATIRA PS_062",,099008062,"Semuto , Nakaseke","Bukatira PS",6,0,859.72,"15-04-2025 06:58"
11617612,"BUKATIRA PS_172",,099008172,"Semuto , Nakaseke","Bukatira PS",32,41.84,130.66,"15-04-2025 06:48"
11617612,"BUKATIRA PS_172",,099008172,"Semuto , Nakaseke","Bukatira PS",31,0.19,172.5,"15-04-2025 06:44"
11617612,"BUKATIRA PS_172",,099008172,"Semuto , Nakaseke","Bukatira PS",31,0,172.5,"15-04-2025 06:44"
18024212,"BUKATIRA PS_153",,099008153,"Semuto , Nakaseke","Bukatira PS",3,39.45,886.95,"15-04-2025 06:24"
18024212,"BUKATIRA PS_153",,099008153,"Semuto , Nakaseke","Bukatira PS",2,0,926.4,"15-04-2025 06:21"
18024212,"BUKATIRA PS_153",,099008153,"Semuto , Nakaseke","Bukatira PS",2,37.8,926.4,"15-04-2025 06:20"
18024212,"BUKATIRA PS_153",,099008153,"Semuto , Nakaseke","Bukatira PS",1,0,964.2,"15-04-2025 06:17"
18024212,"BUKATIRA PS_153",,099008153,"Semuto , Nakaseke","Bukatira PS",1,35.8,964.2,"15-04-2025 06:16"
18024212,"BUKATIRA PS_153",,099008153,"Semuto , Nakaseke","Bukatira PS",0,0,1000,"15-04-2025 06:14"
14121612,"BUKATIRA PS_029",,099008029,"Semuto , Nakaseke","Bukatira PS",1,571.6,428.4,"15-04-2025 06:13"
14121612,"BUKATIRA PS_029",,099008029,"Semuto , Nakaseke","Bukatira PS",0,0,1000,"15-04-2025 05:39"
36788322,"BUKATIRA PS_169",,099008169,"Semuto , Nakaseke","Bukatira PS",6,85.87,1345.38,"15-04-2025 05:38"
36788322,"BUKATIRA PS_169",,099008169,"Semuto , Nakaseke","Bukatira PS",5,0,1431.25,"15-04-2025 05:32"
13217212,"BUKATIRA PS_195",,099008195,"Semuto , Nakaseke","Bukatira PS",24,21.31,436.49,"15-04-2025 05:26"
13217212,"BUKATIRA PS_195",,099008195,"Semuto , Nakaseke","Bukatira PS",23,0,457.8,"15-04-2025 05:24"
15714111,"BUKATIRA PS_001",,099008001,"Semuto , Nakaseke","Bukatira PS",62,0,1898.57,"15-04-2025 05:23"
15714111,"BUKATIRA PS_001",,099008001,"Semuto , Nakaseke","Bukatira PS",62,0.75,1898.57,"15-04-2025 05:22"
15714111,"BUKATIRA PS_001",,099008001,"Semuto , Nakaseke","Bukatira PS",61,6.08,1899.31,"15-04-2025 05:22"
15714111,"BUKATIRA PS_001",,099008001,"Semuto , Nakaseke","Bukatira PS",60,1.5,1905.39,"15-04-2025 05:22"
15714111,"BUKATIRA PS_001",,099008001,"Semuto , Nakaseke","Bukatira PS",59,18.51,1906.89,"15-04-2025 05:21"
15714111,"BUKATIRA PS_001",,099008001,"Semuto , Nakaseke","Bukatira PS",58,51.68,1925.4,"15-04-2025 05:20"
15714111,"BUKATIRA PS_001",,099008001,"Semuto , Nakaseke","Bukatira PS",57,7.88,1977.09,"15-04-2025 05:17"
15714111,"BUKATIRA PS_001",,099008001,"Semuto , Nakaseke","Bukatira PS",56,17.23,1984.96,"15-04-2025 05:16"
13217212,"BUKATIRA PS_195",,099008195,"Semuto , Nakaseke","Bukatira PS",23,123.28,457.8,"15-04-2025 05:15"
13217212,"BUKATIRA PS_195",,099008195,"Semuto , Nakaseke","Bukatira PS",22,0,581.08,"15-04-2025 05:06"
15714111,"BUKATIRA PS_001",,099008001,"Semuto , Nakaseke","Bukatira PS",55,19.55,2002.19,"15-04-2025 05:06"
14114725,"BUKATIRA PS_012",,099008012,"Semuto , Nakaseke","Bukatira PS",41,0,0,"15-04-2025 05:05"
15714111,"BUKATIRA PS_001",,099008001,"Semuto , Nakaseke","Bukatira PS",54,294.38,2021.74,"15-04-2025 05:05"
15714111,"BUKATIRA PS_001",,099008001,"Semuto , Nakaseke","Bukatira PS",53,112.99,2316.12,"15-04-2025 04:46"
15714111,"BUKATIRA PS_001",,099008001,"Semuto , Nakaseke","Bukatira PS",52,0,2429.11,"15-04-2025 04:39"
14112593,"BUKATIRA PS_028",,099008028,"Semuto , Nakaseke","Bukatira PS",4,21.23,902.16,"15-04-2025 04:39"
14112593,"BUKATIRA PS_028",,099008028,"Semuto , Nakaseke","Bukatira PS",3,0,923.39,"15-04-2025 04:37"
13216411,"BUKATIRA PS_185",,099008185,"Semuto , Nakaseke","Bukatira PS",10,35.55,638.11,"15-04-2025 04:36"
13216411,"BUKATIRA PS_185",,099008185,"Semuto , Nakaseke","Bukatira PS",9,0,673.66,"15-04-2025 04:34"
13216411,"BUKATIRA PS_185",,099008185,"Semuto , Nakaseke","Bukatira PS",9,32.03,673.66,"15-04-2025 04:32"
13216411,"BUKATIRA PS_185",,099008185,"Semuto , Nakaseke","Bukatira PS",8,0,705.69,"15-04-2025 04:30"
13216411,"BUKATIRA PS_185",,099008185,"Semuto , Nakaseke","Bukatira PS",8,37.63,705.69,"15-04-2025 04:30"
13216411,"BUKATIRA PS_185",,099008185,"Semuto , Nakaseke","Bukatira PS",7,0,743.32,"15-04-2025 04:27"
14112593,"BUKATIRA PS_028",,099008028,"Semuto , Nakaseke","Bukatira PS",3,19.72,923.39,"15-04-2025 04:22"
14112593,"BUKATIRA PS_028",,099008028,"Semuto , Nakaseke","Bukatira PS",2,0,943.11,"15-04-2025 04:20"
42111722,"BUKATIRA PS_173",,099008173,"Semuto , Nakaseke","Bukatira PS",36,0,0,"15-04-2025 04:16"
42111722,"BUKATIRA PS_173",,099008173,"Semuto , Nakaseke","Bukatira PS",36,0,0,"15-04-2025 04:16"
84216121,"BUKATIRA PS_158",,099008158,"Semuto , Nakaseke","Bukatira PS",19,37.74,498.31,"15-04-2025 04:03"
84216121,"BUKATIRA PS_158",,099008158,"Semuto , Nakaseke","Bukatira PS",18,0,536.05,"15-04-2025 04:00"
21218111,"BUKATIRA PS_181",,099008181,"Semuto , Nakaseke","Bukatira PS",61,0,301.26,"15-04-2025 03:59"
21218111,"BUKATIRA PS_181",,099008181,"Semuto , Nakaseke","Bukatira PS",61,0,301.26,"15-04-2025 03:55"
21218111,"BUKATIRA PS_181",,099008181,"Semuto , Nakaseke","Bukatira PS",61,0,301.26,"15-04-2025 03:55"
21218111,"BUKATIRA PS_181",,099008181,"Semuto , Nakaseke","Bukatira PS",61,0,301.26,"15-04-2025 03:53"
21218111,"BUKATIRA PS_181",,099008181,"Semuto , Nakaseke","Bukatira PS",61,18.91,301.26,"15-04-2025 03:53"
21218111,"BUKATIRA PS_181",,099008181,"Semuto , Nakaseke","Bukatira PS",60,0,320.17,"15-04-2025 03:51"
21218111,"BUKATIRA PS_181",,099008181,"Semuto , Nakaseke","Bukatira PS",60,20.95,320.17,"15-04-2025 03:51"
21218111,"BUKATIRA PS_181",,099008181,"Semuto , Nakaseke","Bukatira PS",59,0,341.11,"15-04-2025 03:49"
13217212,"BUKATIRA PS_195",,099008195,"Semuto , Nakaseke","Bukatira PS",22,19.98,581.08,"15-04-2025 03:40"
13217212,"BUKATIRA PS_195",,099008195,"Semuto , Nakaseke","Bukatira PS",21,0,601.06,"15-04-2025 03:38"
10010012,"BUKATIRA PS_198",,099008198,"Semuto , Nakaseke","Bukatira PS",27,39.33,382.33,"15-04-2025 03:37"
10010012,"BUKATIRA PS_198",,099008198,"Semuto , Nakaseke","Bukatira PS",26,0,421.66,"15-04-2025 03:35"
10010012,"BUKATIRA PS_198",,099008198,"Semuto , Nakaseke","Bukatira PS",26,40.99,421.66,"15-04-2025 03:34"
10010012,"BUKATIRA PS_198",,099008198,"Semuto , Nakaseke","Bukatira PS",25,0,462.65,"15-04-2025 03:32"
15725223,"BUKATIRA PS_006",,099008006,"Semuto , Nakaseke","Bukatira PS",12,37.29,715.4,"15-04-2025 03:31"
15725223,"BUKATIRA PS_006",,099008006,"Semuto , Nakaseke","Bukatira PS",11,0,752.69,"15-04-2025 03:29"
15725223,"BUKATIRA PS_006",,099008006,"Semuto , Nakaseke","Bukatira PS",11,1.76,752.69,"15-04-2025 03:29"
15725223,"BUKATIRA PS_006",,099008006,"Semuto , Nakaseke","Bukatira PS",10,38.68,754.45,"15-04-2025 03:29"
15725223,"BUKATIRA PS_006",,099008006,"Semuto , Nakaseke","Bukatira PS",9,0,793.13,"15-04-2025 03:26"
10010012,"BUKATIRA PS_198",,099008198,"Semuto , Nakaseke","Bukatira PS",25,37.35,462.65,"15-04-2025 02:54"
10010012,"BUKATIRA PS_198",,099008198,"Semuto , Nakaseke","Bukatira PS",24,0,500,"15-04-2025 02:52"
10010012,"BUKATIRA PS_198",,099008198,"Semuto , Nakaseke","Bukatira PS",24,0,0,"14-04-2025 18:56"
15778503,"BUKATIRA PS_031",,099008031,"Semuto , Nakaseke","Bukatira PS",7,19.03,1977.51,"14-04-2025 18:53"
15778503,"BUKATIRA PS_031",,099008031,"Semuto , Nakaseke","Bukatira PS",6,0,1996.55,"14-04-2025 18:52"
14124618,"BUKATIRA PS_017",,099008017,"Semuto , Nakaseke","Bukatira PS",3,47.15,870.93,"14-04-2025 18:43"
14124618,"BUKATIRA PS_017",,099008017,"Semuto , Nakaseke","Bukatira PS",2,0,918.09,"14-04-2025 18:40"
16411412,"BUKATIRA PS_180",,099008180,"Semuto , Nakaseke","Bukatira PS",20,51.06,424.29,"14-04-2025 18:11"
16411412,"BUKATIRA PS_180",,099008180,"Semuto , Nakaseke","Bukatira PS",19,0,475.35,"14-04-2025 18:05"
16411412,"BUKATIRA PS_180",,099008180,"Semuto , Nakaseke","Bukatira PS",19,0,475.35,"14-04-2025 18:05"
42071232,"BUKATIRA PS_176",,099008176,"Semuto , Nakaseke","Bukatira PS",41,34.54,351.61,"14-04-2025 18:03"
42071232,"BUKATIRA PS_176",,099008176,"Semuto , Nakaseke","Bukatira PS",40,0,386.15,"14-04-2025 18:01"
14119114,"BUKATIRA PS_009",,099008009,"Semuto , Nakaseke","Bukatira PS",12,40.08,538.12,"14-04-2025 18:01"
14119114,"BUKATIRA PS_009",,099008009,"Semuto , Nakaseke","Bukatira PS",11,0,578.2,"14-04-2025 17:52"
42071232,"BUKATIRA PS_176",,099008176,"Semuto , Nakaseke","Bukatira PS",40,32.62,386.15,"14-04-2025 17:47"
10010012,"BUKATIRA PS_198",,099008198,"Semuto , Nakaseke","Bukatira PS",24,0,0,"14-04-2025 17:43"
10010012,"BUKATIRA PS_198",,099008198,"Semuto , Nakaseke","Bukatira PS",24,0,0,"14-04-2025 17:42"
10010012,"BUKATIRA PS_198",,099008198,"Semuto , Nakaseke","Bukatira PS",24,0,0,"14-04-2025 17:42"
10010012,"BUKATIRA PS_198",,099008198,"Semuto , Nakaseke","Bukatira PS",24,0,0,"14-04-2025 17:42"
42071232,"BUKATIRA PS_176",,099008176,"Semuto , Nakaseke","Bukatira PS",39,7.03,418.76,"14-04-2025 17:41"
42071232,"BUKATIRA PS_176",,099008176,"Semuto , Nakaseke","Bukatira PS",38,0,425.8,"14-04-2025 17:41"
42071232,"BUKATIRA PS_176",,099008176,"Semuto , Nakaseke","Bukatira PS",38,37.97,425.8,"14-04-2025 17:40"
10010012,"BUKATIRA PS_198",,099008198,"Semuto , Nakaseke","Bukatira PS",24,0,0,"14-04-2025 17:36"
10010012,"BUKATIRA PS_198",,099008198,"Semuto , Nakaseke","Bukatira PS",24,0,0,"14-04-2025 17:36"
10010012,"BUKATIRA PS_198",,099008198,"Semuto , Nakaseke","Bukatira PS",24,0,0,"14-04-2025 17:35"
42071232,"BUKATIRA PS_176",,099008176,"Semuto , Nakaseke","Bukatira PS",37,0,463.77,"14-04-2025 17:24"
14114519,"BUKATIRA PS_015",,099008015,"Semuto , Nakaseke","Bukatira PS",11,28.69,616.15,"14-04-2025 17:21"
14114519,"BUKATIRA PS_015",,099008015,"Semuto , Nakaseke","Bukatira PS",10,0,644.84,"14-04-2025 17:18"
14114519,"BUKATIRA PS_015",,099008015,"Semuto , Nakaseke","Bukatira PS",10,0.41,644.84,"14-04-2025 17:18"
14114519,"BUKATIRA PS_015",,099008015,"Semuto , Nakaseke","Bukatira PS",10,38.5,644.84,"14-04-2025 17:18"
14114519,"BUKATIRA PS_015",,099008015,"Semuto , Nakaseke","Bukatira PS",9,0,683.33,"14-04-2025 17:15"
14114519,"BUKATIRA PS_015",,099008015,"Semuto , Nakaseke","Bukatira PS",9,40.78,683.33,"14-04-2025 17:15"
14114519,"BUKATIRA PS_015",,099008015,"Semuto , Nakaseke","Bukatira PS",8,0,724.11,"14-04-2025 17:13"
11617612,"BUKATIRA PS_172",,099008172,"Semuto , Nakaseke","Bukatira PS",31,77.79,172.5,"14-04-2025 17:12"
11617612,"BUKATIRA PS_172",,099008172,"Semuto , Nakaseke","Bukatira PS",30,0,250.3,"14-04-2025 17:06"
20966422,"BUKATIRA PS_162",,099008162,"Semuto , Nakaseke","Bukatira PS",7,40.43,366.68,"14-04-2025 17:05"
20966422,"BUKATIRA PS_162",,099008162,"Semuto , Nakaseke","Bukatira PS",6,0,407.1,"14-04-2025 17:02"
42111722,"BUKATIRA PS_173",,099008173,"Semuto , Nakaseke","Bukatira PS",36,0,0,"14-04-2025 16:59"
42111722,"BUKATIRA PS_173",,099008173,"Semuto , Nakaseke","Bukatira PS",36,0,0,"14-04-2025 16:59"
42111722,"BUKATIRA PS_173",,099008173,"Semuto , Nakaseke","Bukatira PS",36,0,0,"14-04-2025 16:59"
42071232,"BUKATIRA PS_176",,099008176,"Semuto , Nakaseke","Bukatira PS",37,17.95,463.77,"14-04-2025 16:47"
42071232,"BUKATIRA PS_176",,099008176,"Semuto , Nakaseke","Bukatira PS",36,0,481.72,"14-04-2025 16:45"
21218111,"BUKATIRA PS_181",,099008181,"Semuto , Nakaseke","Bukatira PS",58,5.04,342.36,"14-04-2025 16:45"
21218111,"BUKATIRA PS_181",,099008181,"Semuto , Nakaseke","Bukatira PS",57,8.56,347.4,"14-04-2025 16:44"
21218111,"BUKATIRA PS_181",,099008181,"Semuto , Nakaseke","Bukatira PS",56,0,355.96,"14-04-2025 16:44"
21218111,"BUKATIRA PS_181",,099008181,"Semuto , Nakaseke","Bukatira PS",55,1.22,357.13,"14-04-2025 16:43"
21218111,"BUKATIRA PS_181",,099008181,"Semuto , Nakaseke","Bukatira PS",54,16.92,358.34,"14-04-2025 16:43"
21218111,"BUKATIRA PS_181",,099008181,"Semuto , Nakaseke","Bukatira PS",53,0,375.26,"14-04-2025 16:41"
16475126,"BUKATIRA PS_178",,099008178,"Semuto , Nakaseke","Bukatira PS",35,20.22,528.62,"14-04-2025 16:41"
84221162,"BUKATIRA PS_151",,099008151,"Semuto , Nakaseke","Bukatira PS",37,9.17,4688.41,"14-04-2025 16:40"
84221162,"BUKATIRA PS_151",,099008151,"Semuto , Nakaseke","Bukatira PS",36,0,4697.58,"14-04-2025 16:39"
84221162,"BUKATIRA PS_151",,099008151,"Semuto , Nakaseke","Bukatira PS",36,6.09,4697.58,"14-04-2025 16:39"
84221162,"BUKATIRA PS_151",,099008151,"Semuto , Nakaseke","Bukatira PS",35,0,4703.67,"14-04-2025 16:38"
14114519,"BUKATIRA PS_015",,099008015,"Semuto , Nakaseke","Bukatira PS",8,41.54,724.11,"14-04-2025 16:38"
14114519,"BUKATIRA PS_015",,099008015,"Semuto , Nakaseke","Bukatira PS",7,0,765.65,"14-04-2025 16:36"
84221162,"BUKATIRA PS_151",,099008151,"Semuto , Nakaseke","Bukatira PS",35,20.82,4703.67,"14-04-2025 16:35"
84221162,"BUKATIRA PS_151",,099008151,"Semuto , Nakaseke","Bukatira PS",34,0,4724.48,"14-04-2025 16:35"
84221162,"BUKATIRA PS_151",,099008151,"Semuto , Nakaseke","Bukatira PS",34,0,4724.48,"14-04-2025 16:35"
84221162,"BUKATIRA PS_151",,099008151,"Semuto , Nakaseke","Bukatira PS",34,20.28,4724.48,"14-04-2025 16:34"
84221162,"BUKATIRA PS_151",,099008151,"Semuto , Nakaseke","Bukatira PS",33,0,4744.76,"14-04-2025 16:33"
16475126,"BUKATIRA PS_178",,099008178,"Semuto , Nakaseke","Bukatira PS",34,36.7,548.84,"14-04-2025 16:32"
14114519,"BUKATIRA PS_015",,099008015,"Semuto , Nakaseke","Bukatira PS",7,24.4,765.65,"14-04-2025 16:30"
14114519,"BUKATIRA PS_015",,099008015,"Semuto , Nakaseke","Bukatira PS",6,12.78,790.05,"14-04-2025 16:28"
14114519,"BUKATIRA PS_015",,099008015,"Semuto , Nakaseke","Bukatira PS",5,0,802.82,"14-04-2025 16:28"
15766162,"BUKATIRA PS_049",,099008049,"Semuto , Nakaseke","Bukatira PS",23,9.48,657.58,"14-04-2025 16:28"
15766162,"BUKATIRA PS_049",,099008049,"Semuto , Nakaseke","Bukatira PS",22,0,667.05,"14-04-2025 16:27"
15766162,"BUKATIRA PS_049",,099008049,"Semuto , Nakaseke","Bukatira PS",22,18.89,667.05,"14-04-2025 16:27"
13245115,"BUKATIRA PS_177",,099008177,"Semuto , Nakaseke","Bukatira PS",40,34.49,215.22,"14-04-2025 16:25"
13245115,"BUKATIRA PS_177",,099008177,"Semuto , Nakaseke","Bukatira PS",39,0,249.72,"14-04-2025 16:23"
84221162,"BUKATIRA PS_151",,099008151,"Semuto , Nakaseke","Bukatira PS",33,20.41,4744.76,"14-04-2025 16:23"
84221162,"BUKATIRA PS_151",,099008151,"Semuto , Nakaseke","Bukatira PS",32,0,4765.17,"14-04-2025 16:22"
15714116,"BUKATIRA PS_039",,099008039,"Semuto , Nakaseke","Bukatira PS",21,19.64,287.67,"14-04-2025 16:22"
15714116,"BUKATIRA PS_039",,099008039,"Semuto , Nakaseke","Bukatira PS",20,0,307.31,"14-04-2025 16:21"
42071232,"BUKATIRA PS_176",,099008176,"Semuto , Nakaseke","Bukatira PS",36,37.71,481.72,"14-04-2025 16:20"
42071232,"BUKATIRA PS_176",,099008176,"Semuto , Nakaseke","Bukatira PS",35,0,519.43,"14-04-2025 16:18"
42071232,"BUKATIRA PS_176",,099008176,"Semuto , Nakaseke","Bukatira PS",35,38.65,519.43,"14-04-2025 16:17"
42071232,"BUKATIRA PS_176",,099008176,"Semuto , Nakaseke","Bukatira PS",34,0,558.09,"14-04-2025 16:15"
10025513,"BUKATIRA PS_154",,099008154,"Semuto , Nakaseke","Bukatira PS",2,37.7,922.56,"14-04-2025 16:15"
42071232,"BUKATIRA PS_176",,099008176,"Semuto , Nakaseke","Bukatira PS",34,32.12,558.09,"14-04-2025 16:11"
42071232,"BUKATIRA PS_176",,099008176,"Semuto , Nakaseke","Bukatira PS",33,0,590.21,"14-04-2025 16:09"
42071232,"BUKATIRA PS_176",,099008176,"Semuto , Nakaseke","Bukatira PS",33,7.4,590.21,"14-04-2025 16:08"
42071232,"BUKATIRA PS_176",,099008176,"Semuto , Nakaseke","Bukatira PS",32,0,597.61,"14-04-2025 16:07"
18017123,"BUKATIRA PS_160",,099008160,"Semuto , Nakaseke","Bukatira PS",52,0,0,"14-04-2025 16:07"
18017123,"BUKATIRA PS_160",,099008160,"Semuto , Nakaseke","Bukatira PS",52,0,0,"14-04-2025 16:06"
13245115,"BUKATIRA PS_177",,099008177,"Semuto , Nakaseke","Bukatira PS",39,20.68,249.72,"14-04-2025 16:06"
13245115,"BUKATIRA PS_177",,099008177,"Semuto , Nakaseke","Bukatira PS",38,0,270.39,"14-04-2025 16:05"
13245115,"BUKATIRA PS_177",,099008177,"Semuto , Nakaseke","Bukatira PS",38,36.37,270.39,"14-04-2025 16:04"
13245115,"BUKATIRA PS_177",,099008177,"Semuto , Nakaseke","Bukatira PS",36,0,307.46,"14-04-2025 16:01"
13245115,"BUKATIRA PS_177",,099008177,"Semuto , Nakaseke","Bukatira PS",36,39.51,307.46,"14-04-2025 16:01"
13245115,"BUKATIRA PS_177",,099008177,"Semuto , Nakaseke","Bukatira PS",35,0,346.97,"14-04-2025 15:58"
13245115,"BUKATIRA PS_177",,099008177,"Semuto , Nakaseke","Bukatira PS",35,19.4,346.97,"14-04-2025 15:57"
13245115,"BUKATIRA PS_177",,099008177,"Semuto , Nakaseke","Bukatira PS",34,20.6,366.38,"14-04-2025 15:56"
13245115,"BUKATIRA PS_177",,099008177,"Semuto , Nakaseke","Bukatira PS",33,0,386.98,"14-04-2025 15:55"
13245115,"BUKATIRA PS_177",,099008177,"Semuto , Nakaseke","Bukatira PS",33,21.25,386.98,"14-04-2025 15:55"
13245115,"BUKATIRA PS_177",,099008177,"Semuto , Nakaseke","Bukatira PS",32,0,408.22,"14-04-2025 15:53"
15766162,"BUKATIRA PS_049",,099008049,"Semuto , Nakaseke","Bukatira PS",21,5.56,685.94,"14-04-2025 15:52"
15766162,"BUKATIRA PS_049",,099008049,"Semuto , Nakaseke","Bukatira PS",20,0,691.51,"14-04-2025 15:52"
15766162,"BUKATIRA PS_049",,099008049,"Semuto , Nakaseke","Bukatira PS",20,12.4,691.51,"14-04-2025 15:51"
15766162,"BUKATIRA PS_049",,099008049,"Semuto , Nakaseke","Bukatira PS",19,18.88,703.9,"14-04-2025 15:50"
15766162,"BUKATIRA PS_049",,099008049,"Semuto , Nakaseke","Bukatira PS",18,10.14,722.79,"14-04-2025 15:49"
15766162,"BUKATIRA PS_049",,099008049,"Semuto , Nakaseke","Bukatira PS",17,0,732.92,"14-04-2025 15:48"
36149122,"BUKATIRA PS_166",,099008166,"Semuto , Nakaseke","Bukatira PS",22,43.12,437.49,"14-04-2025 15:48"
36149122,"BUKATIRA PS_166",,099008166,"Semuto , Nakaseke","Bukatira PS",21,24.7,480.61,"14-04-2025 15:44"
36149122,"BUKATIRA PS_166",,099008166,"Semuto , Nakaseke","Bukatira PS",20,0,505.31,"14-04-2025 15:43"
14815613,"BUKATIRA PS_182",,099008182,"Semuto , Nakaseke","Bukatira PS",3,18.18,946.32,"14-04-2025 15:42"
14815613,"BUKATIRA PS_182",,099008182,"Semuto , Nakaseke","Bukatira PS",2,0,964.5,"14-04-2025 15:40"
14815613,"BUKATIRA PS_182",,099008182,"Semuto , Nakaseke","Bukatira PS",1,0,965.95,"14-04-2025 15:40"
16421812,"BUKATIRA PS_197",,099008197,"Semuto , Nakaseke","Bukatira PS",28,9.57,625.98,"14-04-2025 15:40"
16421812,"BUKATIRA PS_197",,099008197,"Semuto , Nakaseke","Bukatira PS",27,0,635.55,"14-04-2025 15:39"
16421812,"BUKATIRA PS_197",,099008197,"Semuto , Nakaseke","Bukatira PS",27,20.38,635.55,"14-04-2025 15:39"
16421812,"BUKATIRA PS_197",,099008197,"Semuto , Nakaseke","Bukatira PS",26,0,655.93,"14-04-2025 15:38"
16421812,"BUKATIRA PS_197",,099008197,"Semuto , Nakaseke","Bukatira PS",26,9.3,655.93,"14-04-2025 15:37"
16421812,"BUKATIRA PS_197",,099008197,"Semuto , Nakaseke","Bukatira PS",25,0,665.23,"14-04-2025 15:37"
16421812,"BUKATIRA PS_197",,099008197,"Semuto , Nakaseke","Bukatira PS",25,19.98,665.23,"14-04-2025 15:37"
14114519,"BUKATIRA PS_015",,099008015,"Semuto , Nakaseke","Bukatira PS",5,39.29,802.82,"14-04-2025 15:35"
14114519,"BUKATIRA PS_015",,099008015,"Semuto , Nakaseke","Bukatira PS",4,0,842.12,"14-04-2025 15:33"
15714116,"BUKATIRA PS_039",,099008039,"Semuto , Nakaseke","Bukatira PS",20,62.42,307.31,"14-04-2025 15:33"
15714116,"BUKATIRA PS_039",,099008039,"Semuto , Nakaseke","Bukatira PS",19,0,369.73,"14-04-2025 15:29"
15714116,"BUKATIRA PS_039",,099008039,"Semuto , Nakaseke","Bukatira PS",19,36.71,369.73,"14-04-2025 15:28"
14111623,"BUKATIRA PS_037",,099008037,"Semuto , Nakaseke","Bukatira PS",10,33.32,902.44,"14-04-2025 15:26"
15714116,"BUKATIRA PS_039",,099008039,"Semuto , Nakaseke","Bukatira PS",18,166.83,406.44,"14-04-2025 15:24"
15714116,"BUKATIRA PS_039",,099008039,"Semuto , Nakaseke","Bukatira PS",17,0,573.27,"14-04-2025 15:12"
15714116,"BUKATIRA PS_039",,099008039,"Semuto , Nakaseke","Bukatira PS",17,19.32,573.27,"14-04-2025 15:11"
15714116,"BUKATIRA PS_039",,099008039,"Semuto , Nakaseke","Bukatira PS",16,0,592.59,"14-04-2025 15:10"
15714116,"BUKATIRA PS_039",,099008039,"Semuto , Nakaseke","Bukatira PS",16,72.38,592.59,"14-04-2025 15:10"
15714116,"BUKATIRA PS_039",,099008039,"Semuto , Nakaseke","Bukatira PS",15,0,664.97,"14-04-2025 15:06"
15714116,"BUKATIRA PS_039",,099008039,"Semuto , Nakaseke","Bukatira PS",15,18.99,664.97,"14-04-2025 15:06"
15714116,"BUKATIRA PS_039",,099008039,"Semuto , Nakaseke","Bukatira PS",14,15.55,683.96,"14-04-2025 15:04"
15714116,"BUKATIRA PS_039",,099008039,"Semuto , Nakaseke","Bukatira PS",13,15.39,699.51,"14-04-2025 15:03"
15714116,"BUKATIRA PS_039",,099008039,"Semuto , Nakaseke","Bukatira PS",12,22.81,714.89,"14-04-2025 15:02"
84216121,"BUKATIRA PS_158",,099008158,"Semuto , Nakaseke","Bukatira PS",18,0.69,536.05,"14-04-2025 15:00"
84216121,"BUKATIRA PS_158",,099008158,"Semuto , Nakaseke","Bukatira PS",17,38.74,536.74,"14-04-2025 15:00"
15714116,"BUKATIRA PS_039",,099008039,"Semuto , Nakaseke","Bukatira PS",11,20.69,737.7,"14-04-2025 14:57"
15714116,"BUKATIRA PS_039",,099008039,"Semuto , Nakaseke","Bukatira PS",10,0,758.39,"14-04-2025 14:56"
15714116,"BUKATIRA PS_039",,099008039,"Semuto , Nakaseke","Bukatira PS",10,2.1,758.39,"14-04-2025 14:56"
15714116,"BUKATIRA PS_039",,099008039,"Semuto , Nakaseke","Bukatira PS",9,0,760.5,"14-04-2025 14:56"
14120410,"BUKATIRA PS_072",,099008072,"Semuto , Nakaseke","Bukatira PS",25,0,0,"14-04-2025 14:55"
14114725,"BUKATIRA PS_012",,099008012,"Semuto , Nakaseke","Bukatira PS",41,0,0,"14-04-2025 14:55"
14114725,"BUKATIRA PS_012",,099008012,"Semuto , Nakaseke","Bukatira PS",41,0,0,"14-04-2025 14:55"
14819411,"BUKATIRA PS_155",,099008155,"Semuto , Nakaseke","Bukatira PS",16,9.29,762.42,"14-04-2025 14:55"
14819411,"BUKATIRA PS_155",,099008155,"Semuto , Nakaseke","Bukatira PS",15,0,771.71,"14-04-2025 14:54"
14819411,"BUKATIRA PS_155",,099008155,"Semuto , Nakaseke","Bukatira PS",15,9.23,771.71,"14-04-2025 14:53"
14819411,"BUKATIRA PS_155",,099008155,"Semuto , Nakaseke","Bukatira PS",14,0,780.94,"14-04-2025 14:53"
13217212,"BUKATIRA PS_195",,099008195,"Semuto , Nakaseke","Bukatira PS",21,17.83,601.06,"14-04-2025 14:49"
13217212,"BUKATIRA PS_195",,099008195,"Semuto , Nakaseke","Bukatira PS",20,0,618.89,"14-04-2025 14:47"
14114519,"BUKATIRA PS_015",,099008015,"Semuto , Nakaseke","Bukatira PS",4,40.5,842.12,"14-04-2025 14:46"
14114519,"BUKATIRA PS_015",,099008015,"Semuto , Nakaseke","Bukatira PS",3,0,882.61,"14-04-2025 14:44"
16420512,"BUKATIRA PS_188",,099008188,"Semuto , Nakaseke","Bukatira PS",16,37.72,410.62,"14-04-2025 14:44"
16420512,"BUKATIRA PS_188",,099008188,"Semuto , Nakaseke","Bukatira PS",15,0,448.34,"14-04-2025 14:41"
16420512,"BUKATIRA PS_188",,099008188,"Semuto , Nakaseke","Bukatira PS",15,39.88,448.34,"14-04-2025 14:41"
16420512,"BUKATIRA PS_188",,099008188,"Semuto , Nakaseke","Bukatira PS",14,0,488.22,"14-04-2025 14:39"
16420512,"BUKATIRA PS_188",,099008188,"Semuto , Nakaseke","Bukatira PS",14,37.81,488.22,"14-04-2025 14:38"
16420512,"BUKATIRA PS_188",,099008188,"Semuto , Nakaseke","Bukatira PS",13,0,526.03,"14-04-2025 14:36"
16420512,"BUKATIRA PS_188",,099008188,"Semuto , Nakaseke","Bukatira PS",13,41.69,526.03,"14-04-2025 14:35"
13210132,"BUKATIRA PS_187",,099008187,"Semuto , Nakaseke","Bukatira PS",7,58.52,399.21,"14-04-2025 14:33"
13210132,"BUKATIRA PS_187",,099008187,"Semuto , Nakaseke","Bukatira PS",6,31.16,457.74,"14-04-2025 14:29"
67236128,"BUKATIRA PS_084",,099008084,"Semuto , Nakaseke","Bukatira PS",10,4.3,805.6,"14-04-2025 14:26"
67236128,"BUKATIRA PS_084",,099008084,"Semuto , Nakaseke","Bukatira PS",9,1.56,809.89,"14-04-2025 14:25"
67236128,"BUKATIRA PS_084",,099008084,"Semuto , Nakaseke","Bukatira PS",8,0.62,811.45,"14-04-2025 14:25"
67236128,"BUKATIRA PS_084",,099008084,"Semuto , Nakaseke","Bukatira PS",7,16.29,812.07,"14-04-2025 14:25"
67236128,"BUKATIRA PS_084",,099008084,"Semuto , Nakaseke","Bukatira PS",6,4.7,828.37,"14-04-2025 14:23"
67236128,"BUKATIRA PS_084",,099008084,"Semuto , Nakaseke","Bukatira PS",5,9.28,833.07,"14-04-2025 14:22"
67236128,"BUKATIRA PS_084",,099008084,"Semuto , Nakaseke","Bukatira PS",4,0,842.35,"14-04-2025 14:22"
15715147,"BUKATIRA PS_060",,099008060,"Semuto , Nakaseke","Bukatira PS",20,21.86,268.26,"14-04-2025 14:21"
15715147,"BUKATIRA PS_060",,099008060,"Semuto , Nakaseke","Bukatira PS",19,2.49,290.12,"14-04-2025 14:19"
15715147,"BUKATIRA PS_060",,099008060,"Semuto , Nakaseke","Bukatira PS",18,17.03,292.6,"14-04-2025 14:19"
15715147,"BUKATIRA PS_060",,099008060,"Semuto , Nakaseke","Bukatira PS",17,1.16,309.63,"14-04-2025 14:18"
15715147,"BUKATIRA PS_060",,099008060,"Semuto , Nakaseke","Bukatira PS",16,2.74,310.79,"14-04-2025 14:17"
15715147,"BUKATIRA PS_060",,099008060,"Semuto , Nakaseke","Bukatira PS",15,8.39,313.53,"14-04-2025 14:17"
15715147,"BUKATIRA PS_060",,099008060,"Semuto , Nakaseke","Bukatira PS",13,0,322.98,"14-04-2025 14:16"
15715147,"BUKATIRA PS_060",,099008060,"Semuto , Nakaseke","Bukatira PS",12,3.7,325.52,"14-04-2025 14:16"
15715147,"BUKATIRA PS_060",,099008060,"Semuto , Nakaseke","Bukatira PS",10,5.63,330.52,"14-04-2025 14:16"
15715147,"BUKATIRA PS_060",,099008060,"Semuto , Nakaseke","Bukatira PS",9,12.27,336.15,"14-04-2025 14:15"
15715147,"BUKATIRA PS_060",,099008060,"Semuto , Nakaseke","Bukatira PS",8,41.13,348.42,"14-04-2025 14:14"
16475126,"BUKATIRA PS_178",,099008178,"Semuto , Nakaseke","Bukatira PS",33,19.47,585.54,"14-04-2025 14:11"
16475126,"BUKATIRA PS_178",,099008178,"Semuto , Nakaseke","Bukatira PS",32,16.26,605,"14-04-2025 14:08"
16475126,"BUKATIRA PS_178",,099008178,"Semuto , Nakaseke","Bukatira PS",31,3.05,621.26,"14-04-2025 14:07"
16475126,"BUKATIRA PS_178",,099008178,"Semuto , Nakaseke","Bukatira PS",30,0,624.32,"14-04-2025 14:07"
16475126,"BUKATIRA PS_178",,099008178,"Semuto , Nakaseke","Bukatira PS",30,0,624.32,"14-04-2025 14:06"
67236128,"BUKATIRA PS_084",,099008084,"Semuto , Nakaseke","Bukatira PS",4,35.73,842.35,"14-04-2025 14:06"
67236128,"BUKATIRA PS_084",,099008084,"Semuto , Nakaseke","Bukatira PS",3,0,878.09,"14-04-2025 14:04"
16475126,"BUKATIRA PS_178",,099008178,"Semuto , Nakaseke","Bukatira PS",30,4.46,624.32,"14-04-2025 14:03"
16475126,"BUKATIRA PS_178",,099008178,"Semuto , Nakaseke","Bukatira PS",29,0,628.78,"14-04-2025 14:03"
16475126,"BUKATIRA PS_178",,099008178,"Semuto , Nakaseke","Bukatira PS",29,0,628.78,"14-04-2025 14:02"
14114725,"BUKATIRA PS_012",,099008012,"Semuto , Nakaseke","Bukatira PS",41,0,0,"14-04-2025 14:02"
14120410,"BUKATIRA PS_072",,099008072,"Semuto , Nakaseke","Bukatira PS",25,0,0,"14-04-2025 14:02"
14114725,"BUKATIRA PS_012",,099008012,"Semuto , Nakaseke","Bukatira PS",41,0,0,"14-04-2025 14:01"
16475126,"BUKATIRA PS_178",,099008178,"Semuto , Nakaseke","Bukatira PS",29,0.36,628.78,"14-04-2025 14:01"
14120410,"BUKATIRA PS_072",,099008072,"Semuto , Nakaseke","Bukatira PS",25,0,0,"14-04-2025 14:01"
14114725,"BUKATIRA PS_012",,099008012,"Semuto , Nakaseke","Bukatira PS",41,0,0,"14-04-2025 14:00"
16475126,"BUKATIRA PS_178",,099008178,"Semuto , Nakaseke","Bukatira PS",29,0,628.78,"14-04-2025 14:00"
14114519,"BUKATIRA PS_015",,099008015,"Semuto , Nakaseke","Bukatira PS",3,38.53,882.61,"14-04-2025 14:00"
14114519,"BUKATIRA PS_015",,099008015,"Semuto , Nakaseke","Bukatira PS",2,0,921.14,"14-04-2025 13:56"
16475126,"BUKATIRA PS_178",,099008178,"Semuto , Nakaseke","Bukatira PS",29,0,628.78,"14-04-2025 13:56"
13222312,"BUKATIRA PS_191",,099008191,"Semuto , Nakaseke","Bukatira PS",10,37.65,641.53,"14-04-2025 13:56"
13222312,"BUKATIRA PS_191",,099008191,"Semuto , Nakaseke","Bukatira PS",9,0,679.17,"14-04-2025 13:53"
16475126,"BUKATIRA PS_178",,099008178,"Semuto , Nakaseke","Bukatira PS",29,7.1,628.78,"14-04-2025 13:50"
16475126,"BUKATIRA PS_178",,099008178,"Semuto , Nakaseke","Bukatira PS",28,0,635.88,"14-04-2025 13:49"
16475126,"BUKATIRA PS_178",,099008178,"Semuto , Nakaseke","Bukatira PS",27,0,637.17,"14-04-2025 13:49"
16475126,"BUKATIRA PS_178",,099008178,"Semuto , Nakaseke","Bukatira PS",27,8.87,637.17,"14-04-2025 13:49"
16475126,"BUKATIRA PS_178",,099008178,"Semuto , Nakaseke","Bukatira PS",26,2.08,646.04,"14-04-2025 13:48"
16475126,"BUKATIRA PS_178",,099008178,"Semuto , Nakaseke","Bukatira PS",25,0.17,648.12,"14-04-2025 13:47"
14819411,"BUKATIRA PS_155",,099008155,"Semuto , Nakaseke","Bukatira PS",14,1.19,780.94,"14-04-2025 13:47"
14819411,"BUKATIRA PS_155",,099008155,"Semuto , Nakaseke","Bukatira PS",13,6.22,782.13,"14-04-2025 13:47"
14819411,"BUKATIRA PS_155",,099008155,"Semuto , Nakaseke","Bukatira PS",12,0,788.35,"14-04-2025 13:46"
14819411,"BUKATIRA PS_155",,099008155,"Semuto , Nakaseke","Bukatira PS",12,17.89,788.35,"14-04-2025 13:46"
14819411,"BUKATIRA PS_155",,099008155,"Semuto , Nakaseke","Bukatira PS",11,0,806.24,"14-04-2025 13:44"
20132131,"BUKATIRA PS_200",,099008200,"Semuto , Nakaseke","Bukatira PS",4,117.53,768.4,"14-04-2025 13:31"
20132131,"BUKATIRA PS_200",,099008200,"Semuto , Nakaseke","Bukatira PS",3,0,885.93,"14-04-2025 13:22"
68351162,"BUKATIRA PS_161",,099008161,"Semuto , Nakaseke","Bukatira PS",11,146.93,313.7,"14-04-2025 13:21"
68351162,"BUKATIRA PS_161",,099008161,"Semuto , Nakaseke","Bukatira PS",10,0,460.62,"14-04-2025 13:09"
11617612,"BUKATIRA PS_172",,099008172,"Semuto , Nakaseke","Bukatira PS",30,5.79,250.3,"14-04-2025 13:07"
11617612,"BUKATIRA PS_172",,099008172,"Semuto , Nakaseke","Bukatira PS",29,8.15,256.08,"14-04-2025 13:06"
11617612,"BUKATIRA PS_172",,099008172,"Semuto , Nakaseke","Bukatira PS",28,4.28,264.24,"14-04-2025 13:06"
11617612,"BUKATIRA PS_172",,099008172,"Semuto , Nakaseke","Bukatira PS",27,0,268.51,"14-04-2025 13:06"
11617612,"BUKATIRA PS_172",,099008172,"Semuto , Nakaseke","Bukatira PS",26,2.95,269.57,"14-04-2025 13:05"
11617612,"BUKATIRA PS_172",,099008172,"Semuto , Nakaseke","Bukatira PS",25,5.61,272.52,"14-04-2025 13:05"
11617612,"BUKATIRA PS_172",,099008172,"Semuto , Nakaseke","Bukatira PS",24,3.4,278.13,"14-04-2025 13:05"
11617612,"BUKATIRA PS_172",,099008172,"Semuto , Nakaseke","Bukatira PS",23,10.25,281.53,"14-04-2025 13:04"
11617612,"BUKATIRA PS_172",,099008172,"Semuto , Nakaseke","Bukatira PS",22,2.29,291.78,"14-04-2025 13:03"
11617612,"BUKATIRA PS_172",,099008172,"Semuto , Nakaseke","Bukatira PS",21,1.56,294.07,"14-04-2025 13:03"
11617612,"BUKATIRA PS_172",,099008172,"Semuto , Nakaseke","Bukatira PS",20,0,295.64,"14-04-2025 13:03"
11617612,"BUKATIRA PS_172",,099008172,"Semuto , Nakaseke","Bukatira PS",20,104.56,295.64,"14-04-2025 12:46"
11617612,"BUKATIRA PS_172",,099008172,"Semuto , Nakaseke","Bukatira PS",19,0,400.2,"14-04-2025 12:37"
84221162,"BUKATIRA PS_151",,099008151,"Semuto , Nakaseke","Bukatira PS",32,0.3,4765.17,"14-04-2025 12:28"
84221162,"BUKATIRA PS_151",,099008151,"Semuto , Nakaseke","Bukatira PS",32,0,4765.17,"14-04-2025 12:28"
84221162,"BUKATIRA PS_151",,099008151,"Semuto , Nakaseke","Bukatira PS",32,0,4765.17,"14-04-2025 12:27"
84221162,"BUKATIRA PS_151",,099008151,"Semuto , Nakaseke","Bukatira PS",32,1.73,4765.17,"14-04-2025 12:27"
84221162,"BUKATIRA PS_151",,099008151,"Semuto , Nakaseke","Bukatira PS",31,0,4766.9,"14-04-2025 12:27"
84221162,"BUKATIRA PS_151",,099008151,"Semuto , Nakaseke","Bukatira PS",31,0,4766.9,"14-04-2025 12:27"
84221162,"BUKATIRA PS_151",,099008151,"Semuto , Nakaseke","Bukatira PS",31,0,4766.9,"14-04-2025 12:26"
84221162,"BUKATIRA PS_151",,099008151,"Semuto , Nakaseke","Bukatira PS",31,0,4766.9,"14-04-2025 12:26"
84221162,"BUKATIRA PS_151",,099008151,"Semuto , Nakaseke","Bukatira PS",30,0,4768.19,"14-04-2025 12:22"
84221162,"BUKATIRA PS_151",,099008151,"Semuto , Nakaseke","Bukatira PS",29,0,4770.59,"14-04-2025 12:21"
84221162,"BUKATIRA PS_151",,099008151,"Semuto , Nakaseke","Bukatira PS",29,0,4770.59,"14-04-2025 12:21"
84221162,"BUKATIRA PS_151",,099008151,"Semuto , Nakaseke","Bukatira PS",29,20.9,4770.59,"14-04-2025 12:21"
84221162,"BUKATIRA PS_151",,099008151,"Semuto , Nakaseke","Bukatira PS",28,0,4791.5,"14-04-2025 12:19"
84221162,"BUKATIRA PS_151",,099008151,"Semuto , Nakaseke","Bukatira PS",27,0,4792.1,"14-04-2025 12:19"
84221162,"BUKATIRA PS_151",,099008151,"Semuto , Nakaseke","Bukatira PS",27,20.78,4792.1,"14-04-2025 12:19"
84221162,"BUKATIRA PS_151",,099008151,"Semuto , Nakaseke","Bukatira PS",26,0,4812.88,"14-04-2025 12:17"
11617612,"BUKATIRA PS_172",,099008172,"Semuto , Nakaseke","Bukatira PS",19,153.14,400.2,"14-04-2025 12:15"
11617612,"BUKATIRA PS_172",,099008172,"Semuto , Nakaseke","Bukatira PS",18,0,553.34,"14-04-2025 12:02"
11617612,"BUKATIRA PS_172",,099008172,"Semuto , Nakaseke","Bukatira PS",18,0,553.34,"14-04-2025 12:02"
15714111,"BUKATIRA PS_001",,099008001,"Semuto , Nakaseke","Bukatira PS",52,13.05,2429.11,"14-04-2025 11:48"
15714111,"BUKATIRA PS_001",,099008001,"Semuto , Nakaseke","Bukatira PS",51,0,2442.16,"14-04-2025 11:47"
11617612,"BUKATIRA PS_172",,099008172,"Semuto , Nakaseke","Bukatira PS",18,0,553.34,"14-04-2025 10:55"
11617612,"BUKATIRA PS_172",,099008172,"Semuto , Nakaseke","Bukatira PS",18,26.93,553.34,"14-04-2025 10:54"
11617612,"BUKATIRA PS_172",,099008172,"Semuto , Nakaseke","Bukatira PS",17,0,580.27,"14-04-2025 10:50"
11617612,"BUKATIRA PS_172",,099008172,"Semuto , Nakaseke","Bukatira PS",17,2.15,580.27,"14-04-2025 10:49"
11617612,"BUKATIRA PS_172",,099008172,"Semuto , Nakaseke","Bukatira PS",16,5.91,582.43,"14-04-2025 10:48"
11617612,"BUKATIRA PS_172",,099008172,"Semuto , Nakaseke","Bukatira PS",15,0,588.33,"14-04-2025 10:47"
11617612,"BUKATIRA PS_172",,099008172,"Semuto , Nakaseke","Bukatira PS",15,10.78,588.33,"14-04-2025 10:47"
11617612,"BUKATIRA PS_172",,099008172,"Semuto , Nakaseke","Bukatira PS",14,1,599.12,"14-04-2025 10:46"
11617612,"BUKATIRA PS_172",,099008172,"Semuto , Nakaseke","Bukatira PS",13,0,600.11,"14-04-2025 10:45"
15714111,"BUKATIRA PS_001",,099008001,"Semuto , Nakaseke","Bukatira PS",51,1.75,2442.16,"14-04-2025 10:42"
15714111,"BUKATIRA PS_001",,099008001,"Semuto , Nakaseke","Bukatira PS",50,0.45,2443.91,"14-04-2025 10:42"
15714111,"BUKATIRA PS_001",,099008001,"Semuto , Nakaseke","Bukatira PS",50,5.87,2443.91,"14-04-2025 10:41"
15714111,"BUKATIRA PS_001",,099008001,"Semuto , Nakaseke","Bukatira PS",49,0,2449.79,"14-04-2025 10:41"
15714111,"BUKATIRA PS_001",,099008001,"Semuto , Nakaseke","Bukatira PS",49,5.57,2449.79,"14-04-2025 10:40"
15714111,"BUKATIRA PS_001",,099008001,"Semuto , Nakaseke","Bukatira PS",48,0,2455.35,"14-04-2025 10:40"
15714111,"BUKATIRA PS_001",,099008001,"Semuto , Nakaseke","Bukatira PS",48,1.93,2455.35,"14-04-2025 10:38"
15714111,"BUKATIRA PS_001",,099008001,"Semuto , Nakaseke","Bukatira PS",47,0,2457.28,"14-04-2025 10:38"
15714111,"BUKATIRA PS_001",,099008001,"Semuto , Nakaseke","Bukatira PS",47,3.08,2457.28,"14-04-2025 10:38"
15714111,"BUKATIRA PS_001",,099008001,"Semuto , Nakaseke","Bukatira PS",46,0.72,2460.36,"14-04-2025 10:37"
15714111,"BUKATIRA PS_001",,099008001,"Semuto , Nakaseke","Bukatira PS",45,0,2461.08,"14-04-2025 10:37"
15714111,"BUKATIRA PS_001",,099008001,"Semuto , Nakaseke","Bukatira PS",45,0.41,2461.08,"14-04-2025 10:23"
15714111,"BUKATIRA PS_001",,099008001,"Semuto , Nakaseke","Bukatira PS",45,0,2461.08,"14-04-2025 10:23"
15714111,"BUKATIRA PS_001",,099008001,"Semuto , Nakaseke","Bukatira PS",45,0.39,2461.08,"14-04-2025 10:22"
15714111,"BUKATIRA PS_001",,099008001,"Semuto , Nakaseke","Bukatira PS",45,0.42,2461.08,"14-04-2025 10:22"
15714111,"BUKATIRA PS_001",,099008001,"Semuto , Nakaseke","Bukatira PS",45,3.32,2461.08,"14-04-2025 10:22"
15714111,"BUKATIRA PS_001",,099008001,"Semuto , Nakaseke","Bukatira PS",44,0,2464.4,"14-04-2025 10:21"
15714111,"BUKATIRA PS_001",,099008001,"Semuto , Nakaseke","Bukatira PS",44,4.68,2464.4,"14-04-2025 10:20"
15714111,"BUKATIRA PS_001",,099008001,"Semuto , Nakaseke","Bukatira PS",43,0,2469.07,"14-04-2025 10:19"
15714111,"BUKATIRA PS_001",,099008001,"Semuto , Nakaseke","Bukatira PS",43,0,2469.07,"14-04-2025 10:19"
15714111,"BUKATIRA PS_001",,099008001,"Semuto , Nakaseke","Bukatira PS",43,0.59,2469.07,"14-04-2025 10:19"
15714111,"BUKATIRA PS_001",,099008001,"Semuto , Nakaseke","Bukatira PS",42,1.79,2469.67,"14-04-2025 10:18"
15714111,"BUKATIRA PS_001",,099008001,"Semuto , Nakaseke","Bukatira PS",41,2.81,2471.46,"14-04-2025 10:17"
15714111,"BUKATIRA PS_001",,099008001,"Semuto , Nakaseke","Bukatira PS",40,0,2474.27,"14-04-2025 10:17"
15714111,"BUKATIRA PS_001",,099008001,"Semuto , Nakaseke","Bukatira PS",40,13.78,2474.27,"14-04-2025 10:16"
15714111,"BUKATIRA PS_001",,099008001,"Semuto , Nakaseke","Bukatira PS",39,6.99,2488.05,"14-04-2025 10:13"
15714111,"BUKATIRA PS_001",,099008001,"Semuto , Nakaseke","Bukatira PS",38,0,2495.04,"14-04-2025 10:11"
15714111,"BUKATIRA PS_001",,099008001,"Semuto , Nakaseke","Bukatira PS",38,3.3,2495.04,"14-04-2025 09:58"
15714111,"BUKATIRA PS_001",,099008001,"Semuto , Nakaseke","Bukatira PS",37,0.96,2498.34,"14-04-2025 09:57"
15714111,"BUKATIRA PS_001",,099008001,"Semuto , Nakaseke","Bukatira PS",36,0,2499.29,"14-04-2025 09:57"
15714111,"BUKATIRA PS_001",,099008001,"Semuto , Nakaseke","Bukatira PS",35,0,2500,"14-04-2025 09:56"
15714111,"BUKATIRA PS_001",,099008001,"Semuto , Nakaseke","Bukatira PS",35,0,2500,"14-04-2025 09:56"
15714111,"BUKATIRA PS_001",,099008001,"Semuto , Nakaseke","Bukatira PS",35,0,0,"14-04-2025 09:56"
13217212,"BUKATIRA PS_195",,099008195,"Semuto , Nakaseke","Bukatira PS",20,14.7,618.89,"14-04-2025 09:51"
13217212,"BUKATIRA PS_195",,099008195,"Semuto , Nakaseke","Bukatira PS",19,4.72,633.59,"14-04-2025 09:49"
13217212,"BUKATIRA PS_195",,099008195,"Semuto , Nakaseke","Bukatira PS",18,0,638.31,"14-04-2025 09:49"
13217212,"BUKATIRA PS_195",,099008195,"Semuto , Nakaseke","Bukatira PS",18,24.85,638.31,"14-04-2025 09:49"
13217212,"BUKATIRA PS_195",,099008195,"Semuto , Nakaseke","Bukatira PS",17,0,663.16,"14-04-2025 09:47"
42071232,"BUKATIRA PS_176",,099008176,"Semuto , Nakaseke","Bukatira PS",32,22.23,597.61,"14-04-2025 09:36"
42071232,"BUKATIRA PS_176",,099008176,"Semuto , Nakaseke","Bukatira PS",31,0,619.84,"14-04-2025 09:34"
15715424,"BUKATIRA PS_076",,099008076,"Semuto , Nakaseke","Bukatira PS",2,26.21,973.17,"14-04-2025 09:29"
15715424,"BUKATIRA PS_076",,099008076,"Semuto , Nakaseke","Bukatira PS",1,0,999.38,"14-04-2025 09:27"
24413212,"BUKATIRA PS_196",,099008196,"Semuto , Nakaseke","Bukatira PS",1,42.45,957.55,"14-04-2025 09:01"
24413212,"BUKATIRA PS_196",,099008196,"Semuto , Nakaseke","Bukatira PS",0,0,1000,"14-04-2025 08:57"
16411412,"BUKATIRA PS_180",,099008180,"Semuto , Nakaseke","Bukatira PS",19,19.83,475.35,"14-04-2025 08:57"
16411412,"BUKATIRA PS_180",,099008180,"Semuto , Nakaseke","Bukatira PS",18,0,495.18,"14-04-2025 08:55"
16411412,"BUKATIRA PS_180",,099008180,"Semuto , Nakaseke","Bukatira PS",18,16.32,495.18,"14-04-2025 08:54"
16411412,"BUKATIRA PS_180",,099008180,"Semuto , Nakaseke","Bukatira PS",17,4.3,511.5,"14-04-2025 08:52"
16411412,"BUKATIRA PS_180",,099008180,"Semuto , Nakaseke","Bukatira PS",16,0,515.8,"14-04-2025 08:51"
16411412,"BUKATIRA PS_180",,099008180,"Semuto , Nakaseke","Bukatira PS",16,41.52,515.8,"14-04-2025 08:45"
16411412,"BUKATIRA PS_180",,099008180,"Semuto , Nakaseke","Bukatira PS",15,0,557.33,"14-04-2025 08:39"
15725366,"BUKATIRA PS_021",,099008021,"Semuto , Nakaseke","Bukatira PS",6,38.24,802.03,"14-04-2025 08:39"
15725366,"BUKATIRA PS_021",,099008021,"Semuto , Nakaseke","Bukatira PS",5,0,840.27,"14-04-2025 08:36"
16411412,"BUKATIRA PS_180",,099008180,"Semuto , Nakaseke","Bukatira PS",15,18.67,557.33,"14-04-2025 08:28"
16411412,"BUKATIRA PS_180",,099008180,"Semuto , Nakaseke","Bukatira PS",14,0,576,"14-04-2025 08:26"
16411412,"BUKATIRA PS_180",,099008180,"Semuto , Nakaseke","Bukatira PS",14,19.87,576,"14-04-2025 08:26"
16411412,"BUKATIRA PS_180",,099008180,"Semuto , Nakaseke","Bukatira PS",13,0,595.87,"14-04-2025 08:24"
16411412,"BUKATIRA PS_180",,099008180,"Semuto , Nakaseke","Bukatira PS",13,40.64,595.87,"14-04-2025 08:24"
16411412,"BUKATIRA PS_180",,099008180,"Semuto , Nakaseke","Bukatira PS",12,0,636.5,"14-04-2025 08:20"
14117521,"BUKATIRA PS_030",,099008030,"Semuto , Nakaseke","Bukatira PS",19,37.07,0.63,"14-04-2025 08:17"
14117521,"BUKATIRA PS_030",,099008030,"Semuto , Nakaseke","Bukatira PS",18,0,37.69,"14-04-2025 08:14"
14117521,"BUKATIRA PS_030",,099008030,"Semuto , Nakaseke","Bukatira PS",18,37.37,37.69,"14-04-2025 08:13"
14117521,"BUKATIRA PS_030",,099008030,"Semuto , Nakaseke","Bukatira PS",17,0,75.06,"14-04-2025 08:11"
14117521,"BUKATIRA PS_030",,099008030,"Semuto , Nakaseke","Bukatira PS",17,37.41,75.06,"14-04-2025 08:10"
14117521,"BUKATIRA PS_030",,099008030,"Semuto , Nakaseke","Bukatira PS",16,0,112.47,"14-04-2025 08:08"
14117521,"BUKATIRA PS_030",,099008030,"Semuto , Nakaseke","Bukatira PS",16,37.95,112.47,"14-04-2025 08:08"
14117521,"BUKATIRA PS_030",,099008030,"Semuto , Nakaseke","Bukatira PS",15,0,150.42,"14-04-2025 08:06"
14117521,"BUKATIRA PS_030",,099008030,"Semuto , Nakaseke","Bukatira PS",15,36.23,150.42,"14-04-2025 08:06"
14117521,"BUKATIRA PS_030",,099008030,"Semuto , Nakaseke","Bukatira PS",14,0,186.65,"14-04-2025 08:03"
14117521,"BUKATIRA PS_030",,099008030,"Semuto , Nakaseke","Bukatira PS",14,0.05,186.65,"14-04-2025 08:03"
14117521,"BUKATIRA PS_030",,099008030,"Semuto , Nakaseke","Bukatira PS",14,0,186.65,"14-04-2025 08:03"
13210132,"BUKATIRA PS_187",,099008187,"Semuto , Nakaseke","Bukatira PS",5,120.2,488.9,"14-04-2025 07:41"
13210132,"BUKATIRA PS_187",,099008187,"Semuto , Nakaseke","Bukatira PS",4,0,609.1,"14-04-2025 07:31"
15714116,"BUKATIRA PS_039",,099008039,"Semuto , Nakaseke","Bukatira PS",9,17.39,760.5,"14-04-2025 06:44"
15714116,"BUKATIRA PS_039",,099008039,"Semuto , Nakaseke","Bukatira PS",8,10.22,777.89,"14-04-2025 06:43"
15714116,"BUKATIRA PS_039",,099008039,"Semuto , Nakaseke","Bukatira PS",7,105.67,788.11,"14-04-2025 06:42"
15714116,"BUKATIRA PS_039",,099008039,"Semuto , Nakaseke","Bukatira PS",6,6.7,893.77,"14-04-2025 06:35"
15714116,"BUKATIRA PS_039",,099008039,"Semuto , Nakaseke","Bukatira PS",5,20.82,900.47,"14-04-2025 06:35"
15714116,"BUKATIRA PS_039",,099008039,"Semuto , Nakaseke","Bukatira PS",4,19.48,921.3,"14-04-2025 06:33"
15714116,"BUKATIRA PS_039",,099008039,"Semuto , Nakaseke","Bukatira PS",3,18.82,940.78,"14-04-2025 06:31"
15714116,"BUKATIRA PS_039",,099008039,"Semuto , Nakaseke","Bukatira PS",2,0,959.59,"14-04-2025 06:30"
15714116,"BUKATIRA PS_039",,099008039,"Semuto , Nakaseke","Bukatira PS",2,20.15,959.59,"14-04-2025 06:30"
15714116,"BUKATIRA PS_039",,099008039,"Semuto , Nakaseke","Bukatira PS",1,20.25,979.75,"14-04-2025 06:28"
14815411,"BUKATIRA PS_199",,099008199,"Semuto , Nakaseke","Bukatira PS",3,76.16,843.15,"14-04-2025 06:27"
14815411,"BUKATIRA PS_199",,099008199,"Semuto , Nakaseke","Bukatira PS",2,0,919.32,"14-04-2025 06:22"
36788322,"BUKATIRA PS_169",,099008169,"Semuto , Nakaseke","Bukatira PS",5,52.97,1431.25,"14-04-2025 05:22"
36788322,"BUKATIRA PS_169",,099008169,"Semuto , Nakaseke","Bukatira PS",4,0,1484.22,"14-04-2025 05:18"
14114943,"BUKATIRA PS_042",,099008042,"Semuto , Nakaseke","Bukatira PS",10,47.48,689.56,"14-04-2025 05:07"
14114943,"BUKATIRA PS_042",,099008042,"Semuto , Nakaseke","Bukatira PS",9,0,737.03,"14-04-2025 05:04"
14114943,"BUKATIRA PS_042",,099008042,"Semuto , Nakaseke","Bukatira PS",9,0,737.03,"14-04-2025 05:04"
14114943,"BUKATIRA PS_042",,099008042,"Semuto , Nakaseke","Bukatira PS",9,18.58,737.03,"14-04-2025 05:04"
14114943,"BUKATIRA PS_042",,099008042,"Semuto , Nakaseke","Bukatira PS",7,0,756.73,"14-04-2025 05:02"
14114943,"BUKATIRA PS_042",,099008042,"Semuto , Nakaseke","Bukatira PS",7,11.65,756.73,"14-04-2025 05:02"
14114943,"BUKATIRA PS_042",,099008042,"Semuto , Nakaseke","Bukatira PS",6,0,768.38,"14-04-2025 05:01"
14114943,"BUKATIRA PS_042",,099008042,"Semuto , Nakaseke","Bukatira PS",5,0,770.14,"14-04-2025 05:01"
14114943,"BUKATIRA PS_042",,099008042,"Semuto , Nakaseke","Bukatira PS",5,35.32,770.14,"14-04-2025 05:01"
14114943,"BUKATIRA PS_042",,099008042,"Semuto , Nakaseke","Bukatira PS",4,0,805.46,"14-04-2025 04:58"
14114943,"BUKATIRA PS_042",,099008042,"Semuto , Nakaseke","Bukatira PS",3,16.78,806.38,"14-04-2025 04:58"
14125542,"BUKATIRA PS_040",,099008040,"Semuto , Nakaseke","Bukatira PS",17,0,0,"14-04-2025 04:57"
14114943,"BUKATIRA PS_042",,099008042,"Semuto , Nakaseke","Bukatira PS",2,175.12,823.15,"14-04-2025 04:57"
14114943,"BUKATIRA PS_042",,099008042,"Semuto , Nakaseke","Bukatira PS",1,1.72,998.28,"14-04-2025 04:46"
14125542,"BUKATIRA PS_040",,099008040,"Semuto , Nakaseke","Bukatira PS",17,256.05,0.4,"14-04-2025 04:46"
14125542,"BUKATIRA PS_040",,099008040,"Semuto , Nakaseke","Bukatira PS",16,0,256.45,"14-04-2025 04:30"
15728191,"BUKATIRA PS_027",,099008027,"Semuto , Nakaseke","Bukatira PS",2,25.67,897.33,"14-04-2025 04:23"
15728191,"BUKATIRA PS_027",,099008027,"Semuto , Nakaseke","Bukatira PS",1,0,923.01,"14-04-2025 04:21"
21218111,"BUKATIRA PS_181",,099008181,"Semuto , Nakaseke","Bukatira PS",53,19.49,375.26,"14-04-2025 03:46"
21218111,"BUKATIRA PS_181",,099008181,"Semuto , Nakaseke","Bukatira PS",52,0,394.75,"14-04-2025 03:44"
21218111,"BUKATIRA PS_181",,099008181,"Semuto , Nakaseke","Bukatira PS",52,19.85,394.75,"14-04-2025 03:44"
21218111,"BUKATIRA PS_181",,099008181,"Semuto , Nakaseke","Bukatira PS",51,0,414.61,"14-04-2025 03:42"
15725223,"BUKATIRA PS_006",,099008006,"Semuto , Nakaseke","Bukatira PS",9,20.42,793.13,"14-04-2025 03:41"
15725223,"BUKATIRA PS_006",,099008006,"Semuto , Nakaseke","Bukatira PS",8,0,813.55,"14-04-2025 03:40"
15725223,"BUKATIRA PS_006",,099008006,"Semuto , Nakaseke","Bukatira PS",8,35.19,813.55,"14-04-2025 03:39"
15725223,"BUKATIRA PS_006",,099008006,"Semuto , Nakaseke","Bukatira PS",7,0,848.73,"14-04-2025 03:36"
15725223,"BUKATIRA PS_006",,099008006,"Semuto , Nakaseke","Bukatira PS",7,36.04,848.73,"14-04-2025 03:34"
15725223,"BUKATIRA PS_006",,099008006,"Semuto , Nakaseke","Bukatira PS",6,0,884.78,"14-04-2025 03:31"
15725223,"BUKATIRA PS_006",,099008006,"Semuto , Nakaseke","Bukatira PS",6,36.57,884.78,"14-04-2025 03:30"
15725223,"BUKATIRA PS_006",,099008006,"Semuto , Nakaseke","Bukatira PS",5,0,921.35,"14-04-2025 03:27"
15728191,"BUKATIRA PS_027",,099008027,"Semuto , Nakaseke","Bukatira PS",1,76.99,923.01,"14-04-2025 03:25"
15728191,"BUKATIRA PS_027",,099008027,"Semuto , Nakaseke","Bukatira PS",0,0,1000,"14-04-2025 03:20"
16411412,"BUKATIRA PS_180",,099008180,"Semuto , Nakaseke","Bukatira PS",12,45.49,636.5,"13-04-2025 17:51"
16411412,"BUKATIRA PS_180",,099008180,"Semuto , Nakaseke","Bukatira PS",11,0,681.99,"13-04-2025 17:47"
16475126,"BUKATIRA PS_178",,099008178,"Semuto , Nakaseke","Bukatira PS",25,0.39,648.12,"13-04-2025 17:02"
16475126,"BUKATIRA PS_178",,099008178,"Semuto , Nakaseke","Bukatira PS",25,0,648.12,"13-04-2025 17:02"
20966422,"BUKATIRA PS_162",,099008162,"Semuto , Nakaseke","Bukatira PS",6,80.72,407.1,"13-04-2025 16:50"
20966422,"BUKATIRA PS_162",,099008162,"Semuto , Nakaseke","Bukatira PS",5,0,487.82,"13-04-2025 16:42"
84913122,"BUKATIRA PS_171",,099008171,"Semuto , Nakaseke","Bukatira PS",9,41.52,742.58,"13-04-2025 16:41"
84913122,"BUKATIRA PS_171",,099008171,"Semuto , Nakaseke","Bukatira PS",8,0,784.1,"13-04-2025 16:39"
84913122,"BUKATIRA PS_171",,099008171,"Semuto , Nakaseke","Bukatira PS",8,38.66,784.1,"13-04-2025 16:38"
84913122,"BUKATIRA PS_171",,099008171,"Semuto , Nakaseke","Bukatira PS",7,0,822.76,"13-04-2025 16:34"
15778503,"BUKATIRA PS_031",,099008031,"Semuto , Nakaseke","Bukatira PS",6,40.8,846.55,"13-04-2025 16:30"
13217212,"BUKATIRA PS_195",,099008195,"Semuto , Nakaseke","Bukatira PS",17,22.27,663.16,"13-04-2025 16:27"
15766162,"BUKATIRA PS_049",,099008049,"Semuto , Nakaseke","Bukatira PS",17,43.67,732.92,"13-04-2025 16:26"
15766162,"BUKATIRA PS_049",,099008049,"Semuto , Nakaseke","Bukatira PS",16,17.89,776.6,"13-04-2025 16:23"
15766162,"BUKATIRA PS_049",,099008049,"Semuto , Nakaseke","Bukatira PS",15,0,794.49,"13-04-2025 16:22"
16421812,"BUKATIRA PS_197",,099008197,"Semuto , Nakaseke","Bukatira PS",24,19.87,685.21,"13-04-2025 16:22"
16421812,"BUKATIRA PS_197",,099008197,"Semuto , Nakaseke","Bukatira PS",23,0,705.08,"13-04-2025 16:20"
16421812,"BUKATIRA PS_197",,099008197,"Semuto , Nakaseke","Bukatira PS",23,1.49,705.08,"13-04-2025 16:20"
16421812,"BUKATIRA PS_197",,099008197,"Semuto , Nakaseke","Bukatira PS",22,9.55,706.57,"13-04-2025 16:20"
16421812,"BUKATIRA PS_197",,099008197,"Semuto , Nakaseke","Bukatira PS",21,0,716.11,"13-04-2025 16:19"
16421812,"BUKATIRA PS_197",,099008197,"Semuto , Nakaseke","Bukatira PS",21,7.93,716.11,"13-04-2025 16:19"
16421812,"BUKATIRA PS_197",,099008197,"Semuto , Nakaseke","Bukatira PS",20,0,724.04,"13-04-2025 16:18"
16421812,"BUKATIRA PS_197",,099008197,"Semuto , Nakaseke","Bukatira PS",20,21.93,724.04,"13-04-2025 16:18"
16421812,"BUKATIRA PS_197",,099008197,"Semuto , Nakaseke","Bukatira PS",19,0,745.98,"13-04-2025 16:16"
14111623,"BUKATIRA PS_037",,099008037,"Semuto , Nakaseke","Bukatira PS",9,12.75,935.76,"13-04-2025 16:16"
42071232,"BUKATIRA PS_176",,099008176,"Semuto , Nakaseke","Bukatira PS",31,13.37,619.84,"13-04-2025 16:16"
42071232,"BUKATIRA PS_176",,099008176,"Semuto , Nakaseke","Bukatira PS",30,0,633.21,"13-04-2025 16:14"
14111623,"BUKATIRA PS_037",,099008037,"Semuto , Nakaseke","Bukatira PS",8,9.29,948.5,"13-04-2025 16:14"
14111623,"BUKATIRA PS_037",,099008037,"Semuto , Nakaseke","Bukatira PS",7,0,957.8,"13-04-2025 16:13"
14111623,"BUKATIRA PS_037",,099008037,"Semuto , Nakaseke","Bukatira PS",7,15.78,957.8,"13-04-2025 16:13"
14111623,"BUKATIRA PS_037",,099008037,"Semuto , Nakaseke","Bukatira PS",6,0,973.57,"13-04-2025 16:12"
14111623,"BUKATIRA PS_037",,099008037,"Semuto , Nakaseke","Bukatira PS",5,0,975.19,"13-04-2025 16:12"
14111623,"BUKATIRA PS_037",,099008037,"Semuto , Nakaseke","Bukatira PS",4,0,977.51,"13-04-2025 16:12"
15725223,"BUKATIRA PS_006",,099008006,"Semuto , Nakaseke","Bukatira PS",5,4.65,921.35,"13-04-2025 16:11"
15725223,"BUKATIRA PS_006",,099008006,"Semuto , Nakaseke","Bukatira PS",4,0,925.99,"13-04-2025 16:11"
15725223,"BUKATIRA PS_006",,099008006,"Semuto , Nakaseke","Bukatira PS",4,33.99,925.99,"13-04-2025 16:10"
15725223,"BUKATIRA PS_006",,099008006,"Semuto , Nakaseke","Bukatira PS",3,0,959.98,"13-04-2025 16:08"
15725223,"BUKATIRA PS_006",,099008006,"Semuto , Nakaseke","Bukatira PS",3,7.01,959.98,"13-04-2025 16:08"
15725223,"BUKATIRA PS_006",,099008006,"Semuto , Nakaseke","Bukatira PS",2,0,966.99,"13-04-2025 16:07"
15725223,"BUKATIRA PS_006",,099008006,"Semuto , Nakaseke","Bukatira PS",2,0,966.99,"13-04-2025 16:07"
15725223,"BUKATIRA PS_006",,099008006,"Semuto , Nakaseke","Bukatira PS",2,0,966.99,"13-04-2025 16:07"
15725223,"BUKATIRA PS_006",,099008006,"Semuto , Nakaseke","Bukatira PS",2,30.85,966.99,"13-04-2025 16:06"
15725223,"BUKATIRA PS_006",,099008006,"Semuto , Nakaseke","Bukatira PS",1,0,997.83,"13-04-2025 16:04"
42111722,"BUKATIRA PS_173",,099008173,"Semuto , Nakaseke","Bukatira PS",36,0,0,"13-04-2025 16:04"
42111722,"BUKATIRA PS_173",,099008173,"Semuto , Nakaseke","Bukatira PS",36,17.04,0,"13-04-2025 16:03"
42111722,"BUKATIRA PS_173",,099008173,"Semuto , Nakaseke","Bukatira PS",35,0,17,"13-04-2025 16:02"
14114519,"BUKATIRA PS_015",,099008015,"Semuto , Nakaseke","Bukatira PS",2,38,921.14,"13-04-2025 16:01"
14114519,"BUKATIRA PS_015",,099008015,"Semuto , Nakaseke","Bukatira PS",1,0,959.14,"13-04-2025 15:59"
14114519,"BUKATIRA PS_015",,099008015,"Semuto , Nakaseke","Bukatira PS",1,40.86,959.14,"13-04-2025 15:59"
14114519,"BUKATIRA PS_015",,099008015,"Semuto , Nakaseke","Bukatira PS",0,0,1000,"13-04-2025 15:56"
84216121,"BUKATIRA PS_158",,099008158,"Semuto , Nakaseke","Bukatira PS",16,7.65,575.48,"13-04-2025 15:56"
84216121,"BUKATIRA PS_158",,099008158,"Semuto , Nakaseke","Bukatira PS",15,33.1,583.13,"13-04-2025 15:56"
84216121,"BUKATIRA PS_158",,099008158,"Semuto , Nakaseke","Bukatira PS",14,0,616.22,"13-04-2025 15:54"
68351162,"BUKATIRA PS_161",,099008161,"Semuto , Nakaseke","Bukatira PS",9,0,461.54,"13-04-2025 15:53"
68351162,"BUKATIRA PS_161",,099008161,"Semuto , Nakaseke","Bukatira PS",9,3.34,461.54,"13-04-2025 15:53"
68351162,"BUKATIRA PS_161",,099008161,"Semuto , Nakaseke","Bukatira PS",8,0,464.87,"13-04-2025 15:53"
68351162,"BUKATIRA PS_161",,099008161,"Semuto , Nakaseke","Bukatira PS",7,82.01,465.9,"13-04-2025 15:52"
68351162,"BUKATIRA PS_161",,099008161,"Semuto , Nakaseke","Bukatira PS",6,0,547.91,"13-04-2025 15:47"
36149122,"BUKATIRA PS_166",,099008166,"Semuto , Nakaseke","Bukatira PS",20,60.15,505.31,"13-04-2025 15:47"
36149122,"BUKATIRA PS_166",,099008166,"Semuto , Nakaseke","Bukatira PS",19,0,565.46,"13-04-2025 15:42"
24415513,"BUKATIRA PS_189",,099008189,"Semuto , Nakaseke","Bukatira PS",21,34.47,229.9,"13-04-2025 15:42"
24415513,"BUKATIRA PS_189",,099008189,"Semuto , Nakaseke","Bukatira PS",20,0,264.37,"13-04-2025 15:39"
24415513,"BUKATIRA PS_189",,099008189,"Semuto , Nakaseke","Bukatira PS",20,36.11,264.37,"13-04-2025 15:39"
24415513,"BUKATIRA PS_189",,099008189,"Semuto , Nakaseke","Bukatira PS",19,0,300.48,"13-04-2025 15:36"
24415513,"BUKATIRA PS_189",,099008189,"Semuto , Nakaseke","Bukatira PS",19,35.25,300.48,"13-04-2025 15:36"
24415513,"BUKATIRA PS_189",,099008189,"Semuto , Nakaseke","Bukatira PS",18,0,335.72,"13-04-2025 15:33"
24415513,"BUKATIRA PS_189",,099008189,"Semuto , Nakaseke","Bukatira PS",18,8.45,335.72,"13-04-2025 15:33"
24415513,"BUKATIRA PS_189",,099008189,"Semuto , Nakaseke","Bukatira PS",17,0,344.17,"13-04-2025 15:32"
24415513,"BUKATIRA PS_189",,099008189,"Semuto , Nakaseke","Bukatira PS",17,26.13,344.17,"13-04-2025 15:32"
24415513,"BUKATIRA PS_189",,099008189,"Semuto , Nakaseke","Bukatira PS",16,0,370.3,"13-04-2025 15:29"
21218111,"BUKATIRA PS_181",,099008181,"Semuto , Nakaseke","Bukatira PS",51,20.3,414.61,"13-04-2025 15:29"
21218111,"BUKATIRA PS_181",,099008181,"Semuto , Nakaseke","Bukatira PS",50,39.41,434.91,"13-04-2025 15:27"
21218111,"BUKATIRA PS_181",,099008181,"Semuto , Nakaseke","Bukatira PS",49,0,474.32,"13-04-2025 15:24"
15712512,"BUKATIRA PS_023",,099008023,"Semuto , Nakaseke","Bukatira PS",4,34.4,890.2,"13-04-2025 15:24"
15712512,"BUKATIRA PS_023",,099008023,"Semuto , Nakaseke","Bukatira PS",3,5.08,924.6,"13-04-2025 15:22"
15712512,"BUKATIRA PS_023",,099008023,"Semuto , Nakaseke","Bukatira PS",2,0,929.68,"13-04-2025 15:22"
84216121,"BUKATIRA PS_158",,099008158,"Semuto , Nakaseke","Bukatira PS",14,27.62,616.22,"13-04-2025 15:22"
84216121,"BUKATIRA PS_158",,099008158,"Semuto , Nakaseke","Bukatira PS",13,0,643.84,"13-04-2025 15:20"
84216121,"BUKATIRA PS_158",,099008158,"Semuto , Nakaseke","Bukatira PS",13,10.08,643.84,"13-04-2025 15:20"
84216121,"BUKATIRA PS_158",,099008158,"Semuto , Nakaseke","Bukatira PS",12,0,653.92,"13-04-2025 15:19"
14120410,"BUKATIRA PS_072",,099008072,"Semuto , Nakaseke","Bukatira PS",25,135.3,0,"13-04-2025 15:19"
14120410,"BUKATIRA PS_072",,099008072,"Semuto , Nakaseke","Bukatira PS",24,6.45,135.06,"13-04-2025 15:09"
14120410,"BUKATIRA PS_072",,099008072,"Semuto , Nakaseke","Bukatira PS",23,13.37,141.51,"13-04-2025 15:09"
10015130,"BUKATIRA PS_152",,099008152,"Semuto , Nakaseke","Bukatira PS",5,84.29,719.81,"13-04-2025 15:08"
36149122,"BUKATIRA PS_166",,099008166,"Semuto , Nakaseke","Bukatira PS",19,11.08,565.46,"13-04-2025 15:03"
36149122,"BUKATIRA PS_166",,099008166,"Semuto , Nakaseke","Bukatira PS",18,0,576.54,"13-04-2025 15:02"
36149122,"BUKATIRA PS_166",,099008166,"Semuto , Nakaseke","Bukatira PS",18,6.5,576.54,"13-04-2025 15:02"
36149122,"BUKATIRA PS_166",,099008166,"Semuto , Nakaseke","Bukatira PS",17,19.69,583.04,"13-04-2025 15:01"
36149122,"BUKATIRA PS_166",,099008166,"Semuto , Nakaseke","Bukatira PS",16,18.75,602.73,"13-04-2025 15:00"
36149122,"BUKATIRA PS_166",,099008166,"Semuto , Nakaseke","Bukatira PS",15,0,621.49,"13-04-2025 14:58"
42111722,"BUKATIRA PS_173",,099008173,"Semuto , Nakaseke","Bukatira PS",34,42.53,17.55,"13-04-2025 14:57"
42111722,"BUKATIRA PS_173",,099008173,"Semuto , Nakaseke","Bukatira PS",33,0,60.08,"13-04-2025 14:54"
42111722,"BUKATIRA PS_173",,099008173,"Semuto , Nakaseke","Bukatira PS",33,33.95,60.08,"13-04-2025 14:54"
36149122,"BUKATIRA PS_166",,099008166,"Semuto , Nakaseke","Bukatira PS",14,0,622.18,"13-04-2025 14:51"
42111722,"BUKATIRA PS_173",,099008173,"Semuto , Nakaseke","Bukatira PS",32,36.64,94.03,"13-04-2025 14:51"
42111722,"BUKATIRA PS_173",,099008173,"Semuto , Nakaseke","Bukatira PS",31,0,130.67,"13-04-2025 14:47"
24415513,"BUKATIRA PS_189",,099008189,"Semuto , Nakaseke","Bukatira PS",16,65.2,370.3,"13-04-2025 14:47"
24415513,"BUKATIRA PS_189",,099008189,"Semuto , Nakaseke","Bukatira PS",15,0,435.5,"13-04-2025 14:41"
24415513,"BUKATIRA PS_189",,099008189,"Semuto , Nakaseke","Bukatira PS",15,37.34,435.5,"13-04-2025 14:41"
24415513,"BUKATIRA PS_189",,099008189,"Semuto , Nakaseke","Bukatira PS",14,0,472.84,"13-04-2025 14:38"
24415513,"BUKATIRA PS_189",,099008189,"Semuto , Nakaseke","Bukatira PS",14,0,472.84,"13-04-2025 14:38"
42071232,"BUKATIRA PS_176",,099008176,"Semuto , Nakaseke","Bukatira PS",30,18.93,633.21,"13-04-2025 14:31"
42071232,"BUKATIRA PS_176",,099008176,"Semuto , Nakaseke","Bukatira PS",29,0,652.15,"13-04-2025 14:30"
42071232,"BUKATIRA PS_176",,099008176,"Semuto , Nakaseke","Bukatira PS",29,0.92,652.15,"13-04-2025 14:28"
42071232,"BUKATIRA PS_176",,099008176,"Semuto , Nakaseke","Bukatira PS",28,0,653.06,"13-04-2025 14:27"
42071232,"BUKATIRA PS_176",,099008176,"Semuto , Nakaseke","Bukatira PS",28,2.79,653.06,"13-04-2025 14:27"
42071232,"BUKATIRA PS_176",,099008176,"Semuto , Nakaseke","Bukatira PS",27,0,655.85,"13-04-2025 14:26"
42071232,"BUKATIRA PS_176",,099008176,"Semuto , Nakaseke","Bukatira PS",26,0,656.6,"13-04-2025 14:23"
42071232,"BUKATIRA PS_176",,099008176,"Semuto , Nakaseke","Bukatira PS",26,0,656.6,"13-04-2025 14:22"
42071232,"BUKATIRA PS_176",,099008176,"Semuto , Nakaseke","Bukatira PS",26,0,656.6,"13-04-2025 14:21"
42071232,"BUKATIRA PS_176",,099008176,"Semuto , Nakaseke","Bukatira PS",26,0.66,656.6,"13-04-2025 14:20"
42071232,"BUKATIRA PS_176",,099008176,"Semuto , Nakaseke","Bukatira PS",25,0,657.26,"13-04-2025 14:20"
18017123,"BUKATIRA PS_160",,099008160,"Semuto , Nakaseke","Bukatira PS",52,0,0,"13-04-2025 14:19"
42071232,"BUKATIRA PS_176",,099008176,"Semuto , Nakaseke","Bukatira PS",24,0,657.96,"13-04-2025 14:19"
42071232,"BUKATIRA PS_176",,099008176,"Semuto , Nakaseke","Bukatira PS",24,1.75,657.96,"13-04-2025 14:17"
42071232,"BUKATIRA PS_176",,099008176,"Semuto , Nakaseke","Bukatira PS",23,21.28,659.71,"13-04-2025 14:17"
42071232,"BUKATIRA PS_176",,099008176,"Semuto , Nakaseke","Bukatira PS",22,0,680.99,"13-04-2025 14:16"
42071232,"BUKATIRA PS_176",,099008176,"Semuto , Nakaseke","Bukatira PS",22,0,680.99,"13-04-2025 14:15"
42071232,"BUKATIRA PS_176",,099008176,"Semuto , Nakaseke","Bukatira PS",21,0,682.32,"13-04-2025 14:14"
42071232,"BUKATIRA PS_176",,099008176,"Semuto , Nakaseke","Bukatira PS",21,1.89,682.32,"13-04-2025 14:13"
42071232,"BUKATIRA PS_176",,099008176,"Semuto , Nakaseke","Bukatira PS",20,0,684.2,"13-04-2025 14:12"
42071232,"BUKATIRA PS_176",,099008176,"Semuto , Nakaseke","Bukatira PS",20,0,684.2,"13-04-2025 14:12"
42071232,"BUKATIRA PS_176",,099008176,"Semuto , Nakaseke","Bukatira PS",20,4.72,684.2,"13-04-2025 14:10"
42071232,"BUKATIRA PS_176",,099008176,"Semuto , Nakaseke","Bukatira PS",19,0,688.92,"13-04-2025 14:10"
42071232,"BUKATIRA PS_176",,099008176,"Semuto , Nakaseke","Bukatira PS",19,17.31,688.92,"13-04-2025 14:09"
18017123,"BUKATIRA PS_160",,099008160,"Semuto , Nakaseke","Bukatira PS",52,0,0,"13-04-2025 14:08"
18017123,"BUKATIRA PS_160",,099008160,"Semuto , Nakaseke","Bukatira PS",52,19.03,0.83,"13-04-2025 14:08"
18017123,"BUKATIRA PS_160",,099008160,"Semuto , Nakaseke","Bukatira PS",51,0,19.86,"13-04-2025 14:06"
36149122,"BUKATIRA PS_166",,099008166,"Semuto , Nakaseke","Bukatira PS",14,5.6,622.18,"13-04-2025 14:06"
36149122,"BUKATIRA PS_166",,099008166,"Semuto , Nakaseke","Bukatira PS",13,16.3,627.78,"13-04-2025 14:05"
36149122,"BUKATIRA PS_166",,099008166,"Semuto , Nakaseke","Bukatira PS",12,0,644.07,"13-04-2025 14:04"
84221162,"BUKATIRA PS_151",,099008151,"Semuto , Nakaseke","Bukatira PS",25,26.43,4814.62,"13-04-2025 14:03"
84221162,"BUKATIRA PS_151",,099008151,"Semuto , Nakaseke","Bukatira PS",24,4.51,4841.06,"13-04-2025 14:01"
84221162,"BUKATIRA PS_151",,099008151,"Semuto , Nakaseke","Bukatira PS",23,4.51,4845.56,"13-04-2025 14:01"
84221162,"BUKATIRA PS_151",,099008151,"Semuto , Nakaseke","Bukatira PS",22,8.24,4850.08,"13-04-2025 14:01"
84221162,"BUKATIRA PS_151",,099008151,"Semuto , Nakaseke","Bukatira PS",21,0,4858.32,"13-04-2025 14:01"
18017123,"BUKATIRA PS_160",,099008160,"Semuto , Nakaseke","Bukatira PS",51,0,19.86,"13-04-2025 14:00"
18017123,"BUKATIRA PS_160",,099008160,"Semuto , Nakaseke","Bukatira PS",51,0.58,19.86,"13-04-2025 14:00"
18017123,"BUKATIRA PS_160",,099008160,"Semuto , Nakaseke","Bukatira PS",50,5.39,20.43,"13-04-2025 14:00"
18017123,"BUKATIRA PS_160",,099008160,"Semuto , Nakaseke","Bukatira PS",49,0,25.82,"13-04-2025 13:58"
18017123,"BUKATIRA PS_160",,099008160,"Semuto , Nakaseke","Bukatira PS",49,36.6,25.82,"13-04-2025 13:58"
18017123,"BUKATIRA PS_160",,099008160,"Semuto , Nakaseke","Bukatira PS",48,0,62.42,"13-04-2025 13:54"
18017123,"BUKATIRA PS_160",,099008160,"Semuto , Nakaseke","Bukatira PS",48,37.68,62.42,"13-04-2025 13:53"
18017123,"BUKATIRA PS_160",,099008160,"Semuto , Nakaseke","Bukatira PS",47,0,100.09,"13-04-2025 13:49"
42071232,"BUKATIRA PS_176",,099008176,"Semuto , Nakaseke","Bukatira PS",18,6.83,706.23,"13-04-2025 13:49"
42071232,"BUKATIRA PS_176",,099008176,"Semuto , Nakaseke","Bukatira PS",17,0,713.06,"13-04-2025 13:48"
18017123,"BUKATIRA PS_160",,099008160,"Semuto , Nakaseke","Bukatira PS",47,2.46,100.09,"13-04-2025 13:47"
18017123,"BUKATIRA PS_160",,099008160,"Semuto , Nakaseke","Bukatira PS",46,0,102.55,"13-04-2025 13:47"
18017123,"BUKATIRA PS_160",,099008160,"Semuto , Nakaseke","Bukatira PS",46,0,102.55,"13-04-2025 13:47"
42071232,"BUKATIRA PS_176",,099008176,"Semuto , Nakaseke","Bukatira PS",17,2.62,713.06,"13-04-2025 13:41"
42071232,"BUKATIRA PS_176",,099008176,"Semuto , Nakaseke","Bukatira PS",16,0,715.68,"13-04-2025 13:41"
42071232,"BUKATIRA PS_176",,099008176,"Semuto , Nakaseke","Bukatira PS",16,26.99,715.68,"13-04-2025 13:40"
42071232,"BUKATIRA PS_176",,099008176,"Semuto , Nakaseke","Bukatira PS",15,0,742.67,"13-04-2025 13:38"
14116622,"BUKATIRA PS_018",,099008018,"Semuto , Nakaseke","Bukatira PS",74,5.07,0.54,"13-04-2025 13:38"
14116622,"BUKATIRA PS_018",,099008018,"Semuto , Nakaseke","Bukatira PS",73,0,5.6,"13-04-2025 13:37"
42071232,"BUKATIRA PS_176",,099008176,"Semuto , Nakaseke","Bukatira PS",14,0,744.51,"13-04-2025 13:37"
14116622,"BUKATIRA PS_018",,099008018,"Semuto , Nakaseke","Bukatira PS",73,36.44,5.6,"13-04-2025 13:37"
14116622,"BUKATIRA PS_018",,099008018,"Semuto , Nakaseke","Bukatira PS",72,0,42.04,"13-04-2025 13:34"
20132131,"BUKATIRA PS_200",,099008200,"Semuto , Nakaseke","Bukatira PS",3,34.82,885.93,"13-04-2025 13:33"
20132131,"BUKATIRA PS_200",,099008200,"Semuto , Nakaseke","Bukatira PS",2,0,920.75,"13-04-2025 13:31"
15715147,"BUKATIRA PS_060",,099008060,"Semuto , Nakaseke","Bukatira PS",7,37.49,389.55,"13-04-2025 13:30"
15715147,"BUKATIRA PS_060",,099008060,"Semuto , Nakaseke","Bukatira PS",6,0,427.04,"13-04-2025 13:28"
15715147,"BUKATIRA PS_060",,099008060,"Semuto , Nakaseke","Bukatira PS",6,42.07,427.04,"13-04-2025 13:28"
15715147,"BUKATIRA PS_060",,099008060,"Semuto , Nakaseke","Bukatira PS",5,0,469.11,"13-04-2025 13:26"
15715147,"BUKATIRA PS_060",,099008060,"Semuto , Nakaseke","Bukatira PS",5,39.66,469.11,"13-04-2025 13:25"
15715147,"BUKATIRA PS_060",,099008060,"Semuto , Nakaseke","Bukatira PS",4,0,508.77,"13-04-2025 13:22"
21211722,"BUKATIRA PS_167",,099008167,"Semuto , Nakaseke","Bukatira PS",8,105.2,706.85,"13-04-2025 13:21"
21211722,"BUKATIRA PS_167",,099008167,"Semuto , Nakaseke","Bukatira PS",7,0,812.05,"13-04-2025 13:14"
16420512,"BUKATIRA PS_188",,099008188,"Semuto , Nakaseke","Bukatira PS",12,20.6,567.73,"13-04-2025 13:10"
16420512,"BUKATIRA PS_188",,099008188,"Semuto , Nakaseke","Bukatira PS",11,0,588.32,"13-04-2025 13:08"
16420512,"BUKATIRA PS_188",,099008188,"Semuto , Nakaseke","Bukatira PS",11,0.91,588.32,"13-04-2025 13:08"
16420512,"BUKATIRA PS_188",,099008188,"Semuto , Nakaseke","Bukatira PS",10,22.36,589.23,"13-04-2025 13:08"
16420512,"BUKATIRA PS_188",,099008188,"Semuto , Nakaseke","Bukatira PS",9,19.72,611.59,"13-04-2025 13:06"
16420512,"BUKATIRA PS_188",,099008188,"Semuto , Nakaseke","Bukatira PS",8,0,631.31,"13-04-2025 13:05"
16420512,"BUKATIRA PS_188",,099008188,"Semuto , Nakaseke","Bukatira PS",8,21.38,631.31,"13-04-2025 13:05"
16420512,"BUKATIRA PS_188",,099008188,"Semuto , Nakaseke","Bukatira PS",7,0,652.68,"13-04-2025 13:03"
16420512,"BUKATIRA PS_188",,099008188,"Semuto , Nakaseke","Bukatira PS",7,45.67,652.68,"13-04-2025 13:03"
16420512,"BUKATIRA PS_188",,099008188,"Semuto , Nakaseke","Bukatira PS",6,0,698.35,"13-04-2025 12:59"
14819411,"BUKATIRA PS_155",,099008155,"Semuto , Nakaseke","Bukatira PS",11,9.26,806.24,"13-04-2025 12:58"
14819411,"BUKATIRA PS_155",,099008155,"Semuto , Nakaseke","Bukatira PS",10,0,815.5,"13-04-2025 12:57"
14819411,"BUKATIRA PS_155",,099008155,"Semuto , Nakaseke","Bukatira PS",10,10.28,815.5,"13-04-2025 12:57"
14819411,"BUKATIRA PS_155",,099008155,"Semuto , Nakaseke","Bukatira PS",9,0,825.78,"13-04-2025 12:56"
16420512,"BUKATIRA PS_188",,099008188,"Semuto , Nakaseke","Bukatira PS",6,41.97,698.35,"13-04-2025 12:56"
16420512,"BUKATIRA PS_188",,099008188,"Semuto , Nakaseke","Bukatira PS",5,44.18,740.32,"13-04-2025 12:52"
16420512,"BUKATIRA PS_188",,099008188,"Semuto , Nakaseke","Bukatira PS",4,23.13,784.5,"13-04-2025 12:49"
13222312,"BUKATIRA PS_191",,099008191,"Semuto , Nakaseke","Bukatira PS",9,3.32,679.17,"13-04-2025 12:48"
16420512,"BUKATIRA PS_188",,099008188,"Semuto , Nakaseke","Bukatira PS",3,17.35,807.63,"13-04-2025 12:47"
13222312,"BUKATIRA PS_191",,099008191,"Semuto , Nakaseke","Bukatira PS",8,36.61,682.5,"13-04-2025 12:46"
13222312,"BUKATIRA PS_191",,099008191,"Semuto , Nakaseke","Bukatira PS",7,0,719.11,"13-04-2025 12:44"
13222312,"BUKATIRA PS_191",,099008191,"Semuto , Nakaseke","Bukatira PS",7,37.61,719.11,"13-04-2025 12:43"
13222312,"BUKATIRA PS_191",,099008191,"Semuto , Nakaseke","Bukatira PS",6,0,756.72,"13-04-2025 12:41"
13222312,"BUKATIRA PS_191",,099008191,"Semuto , Nakaseke","Bukatira PS",6,3.58,756.72,"13-04-2025 12:40"
13222312,"BUKATIRA PS_191",,099008191,"Semuto , Nakaseke","Bukatira PS",5,0,760.3,"13-04-2025 12:40"
14119114,"BUKATIRA PS_009",,099008009,"Semuto , Nakaseke","Bukatira PS",11,66.99,578.2,"13-04-2025 12:40"
14119114,"BUKATIRA PS_009",,099008009,"Semuto , Nakaseke","Bukatira PS",10,0,645.18,"13-04-2025 12:33"
13217212,"BUKATIRA PS_195",,099008195,"Semuto , Nakaseke","Bukatira PS",16,45.33,685.43,"13-04-2025 12:32"
13217212,"BUKATIRA PS_195",,099008195,"Semuto , Nakaseke","Bukatira PS",15,0,730.76,"13-04-2025 12:28"
21218111,"BUKATIRA PS_181",,099008181,"Semuto , Nakaseke","Bukatira PS",49,0.41,474.32,"13-04-2025 12:21"
21218111,"BUKATIRA PS_181",,099008181,"Semuto , Nakaseke","Bukatira PS",49,0,474.32,"13-04-2025 12:20"
21218111,"BUKATIRA PS_181",,099008181,"Semuto , Nakaseke","Bukatira PS",49,1.11,474.32,"13-04-2025 12:20"
21218111,"BUKATIRA PS_181",,099008181,"Semuto , Nakaseke","Bukatira PS",48,0,475.43,"13-04-2025 12:19"
21218111,"BUKATIRA PS_181",,099008181,"Semuto , Nakaseke","Bukatira PS",48,6.03,475.43,"13-04-2025 12:19"
21218111,"BUKATIRA PS_181",,099008181,"Semuto , Nakaseke","Bukatira PS",47,0,481.46,"13-04-2025 12:19"
21218111,"BUKATIRA PS_181",,099008181,"Semuto , Nakaseke","Bukatira PS",47,0,481.46,"13-04-2025 12:18"
21218111,"BUKATIRA PS_181",,099008181,"Semuto , Nakaseke","Bukatira PS",46,0,482.69,"13-04-2025 12:18"
21218111,"BUKATIRA PS_181",,099008181,"Semuto , Nakaseke","Bukatira PS",46,4.6,482.69,"13-04-2025 12:17"
21218111,"BUKATIRA PS_181",,099008181,"Semuto , Nakaseke","Bukatira PS",45,0,487.29,"13-04-2025 12:17"
21218111,"BUKATIRA PS_181",,099008181,"Semuto , Nakaseke","Bukatira PS",45,0,487.29,"13-04-2025 12:17"
21218111,"BUKATIRA PS_181",,099008181,"Semuto , Nakaseke","Bukatira PS",45,0,487.29,"13-04-2025 12:16"
21218111,"BUKATIRA PS_181",,099008181,"Semuto , Nakaseke","Bukatira PS",45,7.12,487.29,"13-04-2025 12:16"
21218111,"BUKATIRA PS_181",,099008181,"Semuto , Nakaseke","Bukatira PS",44,7.8,494.41,"13-04-2025 12:15"
21218111,"BUKATIRA PS_181",,099008181,"Semuto , Nakaseke","Bukatira PS",43,1.24,502.22,"13-04-2025 12:13"
21218111,"BUKATIRA PS_181",,099008181,"Semuto , Nakaseke","Bukatira PS",42,0,503.46,"13-04-2025 12:13"
21218111,"BUKATIRA PS_181",,099008181,"Semuto , Nakaseke","Bukatira PS",42,2.47,503.46,"13-04-2025 12:13"
21218111,"BUKATIRA PS_181",,099008181,"Semuto , Nakaseke","Bukatira PS",41,3.44,505.93,"13-04-2025 12:12"
21218111,"BUKATIRA PS_181",,099008181,"Semuto , Nakaseke","Bukatira PS",40,0,509.37,"13-04-2025 12:11"
21218111,"BUKATIRA PS_181",,099008181,"Semuto , Nakaseke","Bukatira PS",39,3.32,510.19,"13-04-2025 12:11"
21218111,"BUKATIRA PS_181",,099008181,"Semuto , Nakaseke","Bukatira PS",38,19.9,513.51,"13-04-2025 12:10"
21218111,"BUKATIRA PS_181",,099008181,"Semuto , Nakaseke","Bukatira PS",36,0,534.43,"13-04-2025 12:07"
10021412,"BUKATIRA PS_194",,099008194,"Semuto , Nakaseke","Bukatira PS",7,0,783.96,"13-04-2025 12:07"
10021412,"BUKATIRA PS_194",,099008194,"Semuto , Nakaseke","Bukatira PS",6,17.13,785.01,"13-04-2025 12:06"
10021412,"BUKATIRA PS_194",,099008194,"Semuto , Nakaseke","Bukatira PS",5,31.29,802.14,"13-04-2025 12:04"
10021412,"BUKATIRA PS_194",,099008194,"Semuto , Nakaseke","Bukatira PS",4,0,833.42,"13-04-2025 12:01"
10021412,"BUKATIRA PS_194",,099008194,"Semuto , Nakaseke","Bukatira PS",4,3.4,833.42,"13-04-2025 12:01"
10021412,"BUKATIRA PS_194",,099008194,"Semuto , Nakaseke","Bukatira PS",3,0,836.82,"13-04-2025 12:01"
14819411,"BUKATIRA PS_155",,099008155,"Semuto , Nakaseke","Bukatira PS",9,4.07,825.78,"13-04-2025 11:56"
14819411,"BUKATIRA PS_155",,099008155,"Semuto , Nakaseke","Bukatira PS",8,8.92,829.85,"13-04-2025 11:56"
14819411,"BUKATIRA PS_155",,099008155,"Semuto , Nakaseke","Bukatira PS",7,16.16,838.77,"13-04-2025 11:55"
14819411,"BUKATIRA PS_155",,099008155,"Semuto , Nakaseke","Bukatira PS",6,0,854.94,"13-04-2025 11:51"
14819411,"BUKATIRA PS_155",,099008155,"Semuto , Nakaseke","Bukatira PS",6,23.32,854.94,"13-04-2025 11:51"
14819411,"BUKATIRA PS_155",,099008155,"Semuto , Nakaseke","Bukatira PS",5,0,878.25,"13-04-2025 11:48"
14819411,"BUKATIRA PS_155",,099008155,"Semuto , Nakaseke","Bukatira PS",5,3.33,878.25,"13-04-2025 11:48"
14819411,"BUKATIRA PS_155",,099008155,"Semuto , Nakaseke","Bukatira PS",4,0,881.59,"13-04-2025 11:47"
14819411,"BUKATIRA PS_155",,099008155,"Semuto , Nakaseke","Bukatira PS",4,4.08,881.59,"13-04-2025 11:47"
14819411,"BUKATIRA PS_155",,099008155,"Semuto , Nakaseke","Bukatira PS",3,0,885.67,"13-04-2025 11:47"
14819411,"BUKATIRA PS_155",,099008155,"Semuto , Nakaseke","Bukatira PS",3,14.04,885.67,"13-04-2025 11:46"
14819411,"BUKATIRA PS_155",,099008155,"Semuto , Nakaseke","Bukatira PS",2,0.05,899.71,"13-04-2025 11:46"
14819411,"BUKATIRA PS_155",,099008155,"Semuto , Nakaseke","Bukatira PS",2,0,899.71,"13-04-2025 11:45"
13217212,"BUKATIRA PS_195",,099008195,"Semuto , Nakaseke","Bukatira PS",15,41.2,730.76,"13-04-2025 11:40"
13217212,"BUKATIRA PS_195",,099008195,"Semuto , Nakaseke","Bukatira PS",14,0,771.96,"13-04-2025 11:36"
13217212,"BUKATIRA PS_195",,099008195,"Semuto , Nakaseke","Bukatira PS",14,0,771.96,"13-04-2025 11:16"
13217212,"BUKATIRA PS_195",,099008195,"Semuto , Nakaseke","Bukatira PS",13,1.65,772.66,"13-04-2025 11:16"
13217212,"BUKATIRA PS_195",,099008195,"Semuto , Nakaseke","Bukatira PS",12,1.18,774.31,"13-04-2025 11:16"
13217212,"BUKATIRA PS_195",,099008195,"Semuto , Nakaseke","Bukatira PS",11,15.48,775.49,"13-04-2025 11:15"
13217212,"BUKATIRA PS_195",,099008195,"Semuto , Nakaseke","Bukatira PS",10,0.01,790.97,"13-04-2025 11:14"
13217212,"BUKATIRA PS_195",,099008195,"Semuto , Nakaseke","Bukatira PS",10,0,790.97,"13-04-2025 11:13"
13217212,"BUKATIRA PS_195",,099008195,"Semuto , Nakaseke","Bukatira PS",10,24.74,790.97,"13-04-2025 11:13"
13217212,"BUKATIRA PS_195",,099008195,"Semuto , Nakaseke","Bukatira PS",9,0,815.71,"13-04-2025 11:11"
15766162,"BUKATIRA PS_049",,099008049,"Semuto , Nakaseke","Bukatira PS",15,7.85,794.49,"13-04-2025 11:11"
15766162,"BUKATIRA PS_049",,099008049,"Semuto , Nakaseke","Bukatira PS",14,0,802.34,"13-04-2025 11:10"
15766162,"BUKATIRA PS_049",,099008049,"Semuto , Nakaseke","Bukatira PS",14,9.05,802.34,"13-04-2025 11:10"
15766162,"BUKATIRA PS_049",,099008049,"Semuto , Nakaseke","Bukatira PS",13,0,811.39,"13-04-2025 11:09"
15766162,"BUKATIRA PS_049",,099008049,"Semuto , Nakaseke","Bukatira PS",13,18.74,811.39,"13-04-2025 11:08"
15766162,"BUKATIRA PS_049",,099008049,"Semuto , Nakaseke","Bukatira PS",12,0,830.13,"13-04-2025 11:07"
15766162,"BUKATIRA PS_049",,099008049,"Semuto , Nakaseke","Bukatira PS",12,19.22,830.13,"13-04-2025 11:07"
24414712,"BUKATIRA PS_192",,099008192,"Semuto , Nakaseke","Bukatira PS",0,0,0,"13-04-2025 11:06"
24414712,"BUKATIRA PS_192",,099008192,"Semuto , Nakaseke","Bukatira PS",0,0,0,"13-04-2025 11:05"
67236128,"BUKATIRA PS_084",,099008084,"Semuto , Nakaseke","Bukatira PS",3,39.68,878.09,"13-04-2025 10:51"
67236128,"BUKATIRA PS_084",,099008084,"Semuto , Nakaseke","Bukatira PS",2,0,917.77,"13-04-2025 10:48"
10010012,"BUKATIRA PS_198",,099008198,"Semuto , Nakaseke","Bukatira PS",24,0,0,"13-04-2025 10:39"
10010012,"BUKATIRA PS_198",,099008198,"Semuto , Nakaseke","Bukatira PS",24,0,0,"13-04-2025 10:39"
10010012,"BUKATIRA PS_198",,099008198,"Semuto , Nakaseke","Bukatira PS",24,0,0,"13-04-2025 10:39"
10010012,"BUKATIRA PS_198",,099008198,"Semuto , Nakaseke","Bukatira PS",24,0,0,"13-04-2025 10:38"
10010012,"BUKATIRA PS_198",,099008198,"Semuto , Nakaseke","Bukatira PS",24,0,0,"13-04-2025 10:38"
10010012,"BUKATIRA PS_198",,099008198,"Semuto , Nakaseke","Bukatira PS",24,0,0,"13-04-2025 10:38"
10010012,"BUKATIRA PS_198",,099008198,"Semuto , Nakaseke","Bukatira PS",24,0,0,"13-04-2025 10:37"
10010012,"BUKATIRA PS_198",,099008198,"Semuto , Nakaseke","Bukatira PS",24,0,0,"13-04-2025 10:37"
10010012,"BUKATIRA PS_198",,099008198,"Semuto , Nakaseke","Bukatira PS",24,0,0,"13-04-2025 10:37"
10010012,"BUKATIRA PS_198",,099008198,"Semuto , Nakaseke","Bukatira PS",24,0,0,"13-04-2025 10:37"
10010012,"BUKATIRA PS_198",,099008198,"Semuto , Nakaseke","Bukatira PS",24,0,0,"13-04-2025 10:36"
10010012,"BUKATIRA PS_198",,099008198,"Semuto , Nakaseke","Bukatira PS",24,0,0,"13-04-2025 10:36"
10010012,"BUKATIRA PS_198",,099008198,"Semuto , Nakaseke","Bukatira PS",24,0,0,"13-04-2025 10:36"
10010012,"BUKATIRA PS_198",,099008198,"Semuto , Nakaseke","Bukatira PS",24,0,0,"13-04-2025 10:36"
10010012,"BUKATIRA PS_198",,099008198,"Semuto , Nakaseke","Bukatira PS",24,0,0,"13-04-2025 10:36"
10010012,"BUKATIRA PS_198",,099008198,"Semuto , Nakaseke","Bukatira PS",24,0,0,"13-04-2025 10:35"
10010012,"BUKATIRA PS_198",,099008198,"Semuto , Nakaseke","Bukatira PS",24,0,0,"13-04-2025 10:34"
10010012,"BUKATIRA PS_198",,099008198,"Semuto , Nakaseke","Bukatira PS",24,0,0,"13-04-2025 10:34"
10010012,"BUKATIRA PS_198",,099008198,"Semuto , Nakaseke","Bukatira PS",24,0,0,"13-04-2025 10:34"
10010012,"BUKATIRA PS_198",,099008198,"Semuto , Nakaseke","Bukatira PS",24,0,0,"13-04-2025 10:33"
10010012,"BUKATIRA PS_198",,099008198,"Semuto , Nakaseke","Bukatira PS",24,0,0,"13-04-2025 10:33"
10010012,"BUKATIRA PS_198",,099008198,"Semuto , Nakaseke","Bukatira PS",24,0,0,"13-04-2025 10:33"
10010012,"BUKATIRA PS_198",,099008198,"Semuto , Nakaseke","Bukatira PS",24,0,0,"13-04-2025 10:33"
10010012,"BUKATIRA PS_198",,099008198,"Semuto , Nakaseke","Bukatira PS",24,0,0,"13-04-2025 10:33"
14112593,"BUKATIRA PS_028",,099008028,"Semuto , Nakaseke","Bukatira PS",2,20.87,943.11,"13-04-2025 10:06"
14112593,"BUKATIRA PS_028",,099008028,"Semuto , Nakaseke","Bukatira PS",1,0,963.98,"13-04-2025 10:04"
14112593,"BUKATIRA PS_028",,099008028,"Semuto , Nakaseke","Bukatira PS",1,36.02,963.98,"13-04-2025 10:04"
14112593,"BUKATIRA PS_028",,099008028,"Semuto , Nakaseke","Bukatira PS",0,0,1000,"13-04-2025 10:01"
84216121,"BUKATIRA PS_158",,099008158,"Semuto , Nakaseke","Bukatira PS",12,37.67,653.92,"13-04-2025 10:01"
84216121,"BUKATIRA PS_158",,099008158,"Semuto , Nakaseke","Bukatira PS",11,0,691.59,"13-04-2025 09:58"
84221162,"BUKATIRA PS_151",,099008151,"Semuto , Nakaseke","Bukatira PS",20,0,4859.34,"13-04-2025 09:42"
84221162,"BUKATIRA PS_151",,099008151,"Semuto , Nakaseke","Bukatira PS",19,0,4859.92,"13-04-2025 09:42"
84221162,"BUKATIRA PS_151",,099008151,"Semuto , Nakaseke","Bukatira PS",19,24.37,4859.92,"13-04-2025 09:41"
84221162,"BUKATIRA PS_151",,099008151,"Semuto , Nakaseke","Bukatira PS",18,17.16,4884.3,"13-04-2025 09:40"
84221162,"BUKATIRA PS_151",,099008151,"Semuto , Nakaseke","Bukatira PS",17,0,4901.46,"13-04-2025 09:38"
84221162,"BUKATIRA PS_151",,099008151,"Semuto , Nakaseke","Bukatira PS",17,0.4,4901.46,"13-04-2025 09:38"
84221162,"BUKATIRA PS_151",,099008151,"Semuto , Nakaseke","Bukatira PS",17,0,4901.46,"13-04-2025 09:38"
84221162,"BUKATIRA PS_151",,099008151,"Semuto , Nakaseke","Bukatira PS",17,48.68,4901.46,"13-04-2025 09:08"
84221162,"BUKATIRA PS_151",,099008151,"Semuto , Nakaseke","Bukatira PS",16,0,4950.14,"13-04-2025 09:04"
13210132,"BUKATIRA PS_187",,099008187,"Semuto , Nakaseke","Bukatira PS",4,121.84,609.1,"13-04-2025 09:04"
13210132,"BUKATIRA PS_187",,099008187,"Semuto , Nakaseke","Bukatira PS",3,0,730.94,"13-04-2025 08:55"
42071232,"BUKATIRA PS_176",,099008176,"Semuto , Nakaseke","Bukatira PS",14,39.33,744.51,"13-04-2025 08:52"
42071232,"BUKATIRA PS_176",,099008176,"Semuto , Nakaseke","Bukatira PS",13,0,783.84,"13-04-2025 08:49"
42071232,"BUKATIRA PS_176",,099008176,"Semuto , Nakaseke","Bukatira PS",13,39.53,783.84,"13-04-2025 08:41"
42071232,"BUKATIRA PS_176",,099008176,"Semuto , Nakaseke","Bukatira PS",12,0,823.37,"13-04-2025 08:38"
14118011,"BUKATIRA PS_062",,099008062,"Semuto , Nakaseke","Bukatira PS",6,80.81,859.72,"13-04-2025 08:37"
14118011,"BUKATIRA PS_062",,099008062,"Semuto , Nakaseke","Bukatira PS",5,0,940.54,"13-04-2025 08:28"
14119114,"BUKATIRA PS_009",,099008009,"Semuto , Nakaseke","Bukatira PS",10,1.94,645.18,"13-04-2025 08:25"
14119114,"BUKATIRA PS_009",,099008009,"Semuto , Nakaseke","Bukatira PS",9,0,647.13,"13-04-2025 08:25"
14119114,"BUKATIRA PS_009",,099008009,"Semuto , Nakaseke","Bukatira PS",9,0,647.13,"13-04-2025 08:25"
14119114,"BUKATIRA PS_009",,099008009,"Semuto , Nakaseke","Bukatira PS",9,0.64,647.13,"13-04-2025 08:24"
14119114,"BUKATIRA PS_009",,099008009,"Semuto , Nakaseke","Bukatira PS",8,0,647.77,"13-04-2025 08:24"
14119114,"BUKATIRA PS_009",,099008009,"Semuto , Nakaseke","Bukatira PS",8,63.95,647.77,"13-04-2025 08:24"
14119114,"BUKATIRA PS_009",,099008009,"Semuto , Nakaseke","Bukatira PS",7,0,711.72,"13-04-2025 08:18"
14124618,"BUKATIRA PS_017",,099008017,"Semuto , Nakaseke","Bukatira PS",2,43.95,918.09,"13-04-2025 08:18"
14124618,"BUKATIRA PS_017",,099008017,"Semuto , Nakaseke","Bukatira PS",1,0,962.04,"13-04-2025 08:15"
14116622,"BUKATIRA PS_018",,099008018,"Semuto , Nakaseke","Bukatira PS",72,0.07,42.04,"13-04-2025 08:09"
14116622,"BUKATIRA PS_018",,099008018,"Semuto , Nakaseke","Bukatira PS",72,0,42.04,"13-04-2025 08:09"
42071232,"BUKATIRA PS_176",,099008176,"Semuto , Nakaseke","Bukatira PS",11,0,824.3,"13-04-2025 08:09"
14116622,"BUKATIRA PS_018",,099008018,"Semuto , Nakaseke","Bukatira PS",71,0,44.3,"13-04-2025 08:08"
42071232,"BUKATIRA PS_176",,099008176,"Semuto , Nakaseke","Bukatira PS",11,1.81,824.3,"13-04-2025 08:08"
42071232,"BUKATIRA PS_176",,099008176,"Semuto , Nakaseke","Bukatira PS",10,0,826.11,"13-04-2025 08:08"
11617612,"BUKATIRA PS_172",,099008172,"Semuto , Nakaseke","Bukatira PS",13,41.35,600.11,"13-04-2025 07:40"
11617612,"BUKATIRA PS_172",,099008172,"Semuto , Nakaseke","Bukatira PS",12,0,641.46,"13-04-2025 07:37"
14116622,"BUKATIRA PS_018",,099008018,"Semuto , Nakaseke","Bukatira PS",71,3.66,44.3,"13-04-2025 07:36"
14116622,"BUKATIRA PS_018",,099008018,"Semuto , Nakaseke","Bukatira PS",70,3.68,47.96,"13-04-2025 07:36"
14116622,"BUKATIRA PS_018",,099008018,"Semuto , Nakaseke","Bukatira PS",69,16,51.64,"13-04-2025 07:36"
14116622,"BUKATIRA PS_018",,099008018,"Semuto , Nakaseke","Bukatira PS",68,7.07,67.64,"13-04-2025 07:35"
14116622,"BUKATIRA PS_018",,099008018,"Semuto , Nakaseke","Bukatira PS",67,0,74.71,"13-04-2025 07:33"
14116622,"BUKATIRA PS_018",,099008018,"Semuto , Nakaseke","Bukatira PS",67,0.13,74.71,"13-04-2025 07:33"
14116622,"BUKATIRA PS_018",,099008018,"Semuto , Nakaseke","Bukatira PS",66,0,75.44,"13-04-2025 07:33"
14116622,"BUKATIRA PS_018",,099008018,"Semuto , Nakaseke","Bukatira PS",66,1.87,75.44,"13-04-2025 07:32"
14116622,"BUKATIRA PS_018",,099008018,"Semuto , Nakaseke","Bukatira PS",65,2.57,77.31,"13-04-2025 07:32"
14116622,"BUKATIRA PS_018",,099008018,"Semuto , Nakaseke","Bukatira PS",64,0,79.88,"13-04-2025 07:31"
14116622,"BUKATIRA PS_018",,099008018,"Semuto , Nakaseke","Bukatira PS",64,10.85,79.88,"13-04-2025 07:31"
14116622,"BUKATIRA PS_018",,099008018,"Semuto , Nakaseke","Bukatira PS",62,4.33,91.44,"13-04-2025 07:30"
14116622,"BUKATIRA PS_018",,099008018,"Semuto , Nakaseke","Bukatira PS",61,0,95.78,"13-04-2025 07:30"
14116622,"BUKATIRA PS_018",,099008018,"Semuto , Nakaseke","Bukatira PS",61,2.54,95.78,"13-04-2025 07:29"
14116622,"BUKATIRA PS_018",,099008018,"Semuto , Nakaseke","Bukatira PS",60,7.63,98.31,"13-04-2025 07:29"
14116622,"BUKATIRA PS_018",,099008018,"Semuto , Nakaseke","Bukatira PS",59,0,105.94,"13-04-2025 07:28"
14116622,"BUKATIRA PS_018",,099008018,"Semuto , Nakaseke","Bukatira PS",59,6.77,105.94,"13-04-2025 07:28"
14116622,"BUKATIRA PS_018",,099008018,"Semuto , Nakaseke","Bukatira PS",58,0,112.71,"13-04-2025 07:27"
14116622,"BUKATIRA PS_018",,099008018,"Semuto , Nakaseke","Bukatira PS",58,1.25,112.71,"13-04-2025 07:27"
14116622,"BUKATIRA PS_018",,099008018,"Semuto , Nakaseke","Bukatira PS",57,0,113.96,"13-04-2025 07:27"
14116622,"BUKATIRA PS_018",,099008018,"Semuto , Nakaseke","Bukatira PS",57,18.39,113.96,"13-04-2025 07:26"
14116622,"BUKATIRA PS_018",,099008018,"Semuto , Nakaseke","Bukatira PS",56,8.51,132.34,"13-04-2025 07:24"
14116622,"BUKATIRA PS_018",,099008018,"Semuto , Nakaseke","Bukatira PS",55,11.08,140.85,"13-04-2025 07:23"
14116622,"BUKATIRA PS_018",,099008018,"Semuto , Nakaseke","Bukatira PS",54,0,151.93,"13-04-2025 07:22"
16421812,"BUKATIRA PS_197",,099008197,"Semuto , Nakaseke","Bukatira PS",19,9.96,745.98,"13-04-2025 07:19"
16421812,"BUKATIRA PS_197",,099008197,"Semuto , Nakaseke","Bukatira PS",18,0,755.94,"13-04-2025 07:18"
16421812,"BUKATIRA PS_197",,099008197,"Semuto , Nakaseke","Bukatira PS",18,2.18,755.94,"13-04-2025 07:18"
16421812,"BUKATIRA PS_197",,099008197,"Semuto , Nakaseke","Bukatira PS",17,0,758.12,"13-04-2025 07:18"
16421812,"BUKATIRA PS_197",,099008197,"Semuto , Nakaseke","Bukatira PS",16,0,758.88,"13-04-2025 07:17"
16421812,"BUKATIRA PS_197",,099008197,"Semuto , Nakaseke","Bukatira PS",16,18.76,758.88,"13-04-2025 07:17"
16421812,"BUKATIRA PS_197",,099008197,"Semuto , Nakaseke","Bukatira PS",15,0,777.64,"13-04-2025 07:16"
16421812,"BUKATIRA PS_197",,099008197,"Semuto , Nakaseke","Bukatira PS",15,6.96,777.64,"13-04-2025 07:16"
16421812,"BUKATIRA PS_197",,099008197,"Semuto , Nakaseke","Bukatira PS",14,0.85,784.61,"13-04-2025 07:14"
16421812,"BUKATIRA PS_197",,099008197,"Semuto , Nakaseke","Bukatira PS",13,12.61,785.45,"13-04-2025 07:14"
16421812,"BUKATIRA PS_197",,099008197,"Semuto , Nakaseke","Bukatira PS",12,0,798.07,"13-04-2025 07:13"
16421812,"BUKATIRA PS_197",,099008197,"Semuto , Nakaseke","Bukatira PS",12,10.16,798.07,"13-04-2025 07:13"
16421812,"BUKATIRA PS_197",,099008197,"Semuto , Nakaseke","Bukatira PS",11,0,808.23,"13-04-2025 07:12"
13245115,"BUKATIRA PS_177",,099008177,"Semuto , Nakaseke","Bukatira PS",32,0,408.22,"13-04-2025 06:49"
13245115,"BUKATIRA PS_177",,099008177,"Semuto , Nakaseke","Bukatira PS",32,2.84,408.22,"13-04-2025 06:48"
13245115,"BUKATIRA PS_177",,099008177,"Semuto , Nakaseke","Bukatira PS",31,0,411.06,"13-04-2025 06:48"
13245115,"BUKATIRA PS_177",,099008177,"Semuto , Nakaseke","Bukatira PS",31,2.06,411.06,"13-04-2025 06:48"
13245115,"BUKATIRA PS_177",,099008177,"Semuto , Nakaseke","Bukatira PS",30,0.45,413.12,"13-04-2025 06:47"
13245115,"BUKATIRA PS_177",,099008177,"Semuto , Nakaseke","Bukatira PS",29,2.9,413.77,"13-04-2025 06:47"
13245115,"BUKATIRA PS_177",,099008177,"Semuto , Nakaseke","Bukatira PS",28,0,416.67,"13-04-2025 06:47"
13245115,"BUKATIRA PS_177",,099008177,"Semuto , Nakaseke","Bukatira PS",28,2.46,416.67,"13-04-2025 06:46"
13245115,"BUKATIRA PS_177",,099008177,"Semuto , Nakaseke","Bukatira PS",27,0.77,419.13,"13-04-2025 06:46"
13245115,"BUKATIRA PS_177",,099008177,"Semuto , Nakaseke","Bukatira PS",26,3.03,419.9,"13-04-2025 06:46"
13245115,"BUKATIRA PS_177",,099008177,"Semuto , Nakaseke","Bukatira PS",25,1.85,422.92,"13-04-2025 06:46"
13245115,"BUKATIRA PS_177",,099008177,"Semuto , Nakaseke","Bukatira PS",24,2.01,424.77,"13-04-2025 06:45"
13245115,"BUKATIRA PS_177",,099008177,"Semuto , Nakaseke","Bukatira PS",23,0,426.78,"13-04-2025 06:45"
13245115,"BUKATIRA PS_177",,099008177,"Semuto , Nakaseke","Bukatira PS",23,10.78,426.78,"13-04-2025 06:45"
13245115,"BUKATIRA PS_177",,099008177,"Semuto , Nakaseke","Bukatira PS",22,0,437.56,"13-04-2025 06:42"
16475126,"BUKATIRA PS_178",,099008178,"Semuto , Nakaseke","Bukatira PS",25,5.99,648.12,"13-04-2025 06:42"
16475126,"BUKATIRA PS_178",,099008178,"Semuto , Nakaseke","Bukatira PS",24,12.17,654.1,"13-04-2025 06:41"
16475126,"BUKATIRA PS_178",,099008178,"Semuto , Nakaseke","Bukatira PS",23,0,666.27,"13-04-2025 06:39"
16475126,"BUKATIRA PS_178",,099008178,"Semuto , Nakaseke","Bukatira PS",23,14.3,666.27,"13-04-2025 06:39"
16475126,"BUKATIRA PS_178",,099008178,"Semuto , Nakaseke","Bukatira PS",22,2.52,680.57,"13-04-2025 06:38"
16475126,"BUKATIRA PS_178",,099008178,"Semuto , Nakaseke","Bukatira PS",21,17.34,683.09,"13-04-2025 06:37"
16475126,"BUKATIRA PS_178",,099008178,"Semuto , Nakaseke","Bukatira PS",20,0,700.43,"13-04-2025 06:36"
14116622,"BUKATIRA PS_018",,099008018,"Semuto , Nakaseke","Bukatira PS",54,16.61,151.93,"13-04-2025 06:36"
14116622,"BUKATIRA PS_018",,099008018,"Semuto , Nakaseke","Bukatira PS",53,19.21,168.55,"13-04-2025 06:34"
14116622,"BUKATIRA PS_018",,099008018,"Semuto , Nakaseke","Bukatira PS",52,0,187.76,"13-04-2025 06:33"
14116622,"BUKATIRA PS_018",,099008018,"Semuto , Nakaseke","Bukatira PS",52,15.73,187.76,"13-04-2025 06:32"
14116622,"BUKATIRA PS_018",,099008018,"Semuto , Nakaseke","Bukatira PS",51,20.68,203.49,"13-04-2025 06:30"
14116622,"BUKATIRA PS_018",,099008018,"Semuto , Nakaseke","Bukatira PS",50,0,224.17,"13-04-2025 06:29"
14116622,"BUKATIRA PS_018",,099008018,"Semuto , Nakaseke","Bukatira PS",50,11.98,224.17,"13-04-2025 06:28"
14116622,"BUKATIRA PS_018",,099008018,"Semuto , Nakaseke","Bukatira PS",49,25.53,236.16,"13-04-2025 06:27"
14116622,"BUKATIRA PS_018",,099008018,"Semuto , Nakaseke","Bukatira PS",48,0,261.69,"13-04-2025 06:25"
13245115,"BUKATIRA PS_177",,099008177,"Semuto , Nakaseke","Bukatira PS",22,37.64,437.56,"13-04-2025 06:14"
13245115,"BUKATIRA PS_177",,099008177,"Semuto , Nakaseke","Bukatira PS",21,36.08,475.19,"13-04-2025 06:11"
13245115,"BUKATIRA PS_177",,099008177,"Semuto , Nakaseke","Bukatira PS",20,0,511.27,"13-04-2025 06:08"
13245115,"BUKATIRA PS_177",,099008177,"Semuto , Nakaseke","Bukatira PS",20,46.54,511.27,"13-04-2025 06:08"
13245115,"BUKATIRA PS_177",,099008177,"Semuto , Nakaseke","Bukatira PS",19,0,557.81,"13-04-2025 06:02"
13245115,"BUKATIRA PS_177",,099008177,"Semuto , Nakaseke","Bukatira PS",19,3.07,557.81,"13-04-2025 06:02"
13245115,"BUKATIRA PS_177",,099008177,"Semuto , Nakaseke","Bukatira PS",18,8.82,560.88,"13-04-2025 06:02"
13245115,"BUKATIRA PS_177",,099008177,"Semuto , Nakaseke","Bukatira PS",17,9.72,569.7,"13-04-2025 06:01"
13245115,"BUKATIRA PS_177",,099008177,"Semuto , Nakaseke","Bukatira PS",16,0,579.42,"13-04-2025 06:00"
84221162,"BUKATIRA PS_151",,099008151,"Semuto , Nakaseke","Bukatira PS",16,27.19,4950.14,"13-04-2025 05:56"
84221162,"BUKATIRA PS_151",,099008151,"Semuto , Nakaseke","Bukatira PS",15,3.9,4977.33,"13-04-2025 05:52"
84221162,"BUKATIRA PS_151",,099008151,"Semuto , Nakaseke","Bukatira PS",14,28.07,4981.23,"13-04-2025 05:52"
84221162,"BUKATIRA PS_151",,099008151,"Semuto , Nakaseke","Bukatira PS",13,20.64,5009.3,"13-04-2025 05:49"
84221162,"BUKATIRA PS_151",,099008151,"Semuto , Nakaseke","Bukatira PS",12,0,5029.93,"13-04-2025 05:47"
14117417,"BUKATIRA PS_047",,099008047,"Semuto , Nakaseke","Bukatira PS",1,44.44,955.56,"13-04-2025 05:47"
14117417,"BUKATIRA PS_047",,099008047,"Semuto , Nakaseke","Bukatira PS",0,0,1000,"13-04-2025 05:43"
99146164,"BUKATIRA PS_092",,099008092,"Semuto , Nakaseke","Bukatira PS",1,77.51,922.49,"13-04-2025 05:43"
99146164,"BUKATIRA PS_092",,099008092,"Semuto , Nakaseke","Bukatira PS",0,0,1000,"13-04-2025 05:38"
15725366,"BUKATIRA PS_021",,099008021,"Semuto , Nakaseke","Bukatira PS",5,77.33,840.27,"13-04-2025 05:38"
15725366,"BUKATIRA PS_021",,099008021,"Semuto , Nakaseke","Bukatira PS",4,0,917.6,"13-04-2025 05:30"
13245115,"BUKATIRA PS_177",,099008177,"Semuto , Nakaseke","Bukatira PS",16,27.61,579.42,"13-04-2025 05:30"
13245115,"BUKATIRA PS_177",,099008177,"Semuto , Nakaseke","Bukatira PS",15,37.41,607.03,"13-04-2025 05:27"
13245115,"BUKATIRA PS_177",,099008177,"Semuto , Nakaseke","Bukatira PS",14,6.99,644.44,"13-04-2025 05:24"
13245115,"BUKATIRA PS_177",,099008177,"Semuto , Nakaseke","Bukatira PS",13,1.73,651.42,"13-04-2025 05:23"
13245115,"BUKATIRA PS_177",,099008177,"Semuto , Nakaseke","Bukatira PS",12,79.42,653.15,"13-04-2025 05:23"
15710323,"BUKATIRA PS_011",,099008011,"Semuto , Nakaseke","Bukatira PS",2,41.07,911.43,"13-04-2025 05:17"
68351162,"BUKATIRA PS_161",,099008161,"Semuto , Nakaseke","Bukatira PS",6,140.34,547.91,"13-04-2025 05:14"
68351162,"BUKATIRA PS_161",,099008161,"Semuto , Nakaseke","Bukatira PS",5,0,688.25,"13-04-2025 04:59"
36149122,"BUKATIRA PS_166",,099008166,"Semuto , Nakaseke","Bukatira PS",12,60.84,644.07,"13-04-2025 04:58"
36149122,"BUKATIRA PS_166",,099008166,"Semuto , Nakaseke","Bukatira PS",11,0,704.91,"13-04-2025 04:53"
36788322,"BUKATIRA PS_169",,099008169,"Semuto , Nakaseke","Bukatira PS",4,49.98,1484.22,"13-04-2025 04:53"
14125542,"BUKATIRA PS_040",,099008040,"Semuto , Nakaseke","Bukatira PS",16,55.55,256.45,"13-04-2025 04:49"
14125542,"BUKATIRA PS_040",,099008040,"Semuto , Nakaseke","Bukatira PS",15,33.92,312,"13-04-2025 04:45"
14125542,"BUKATIRA PS_040",,099008040,"Semuto , Nakaseke","Bukatira PS",14,0,345.92,"13-04-2025 04:43"
14125542,"BUKATIRA PS_040",,099008040,"Semuto , Nakaseke","Bukatira PS",14,39.93,345.92,"13-04-2025 04:43"
14125542,"BUKATIRA PS_040",,099008040,"Semuto , Nakaseke","Bukatira PS",13,0,385.85,"13-04-2025 04:41"
14125542,"BUKATIRA PS_040",,099008040,"Semuto , Nakaseke","Bukatira PS",13,9.01,385.85,"13-04-2025 04:40"
14125542,"BUKATIRA PS_040",,099008040,"Semuto , Nakaseke","Bukatira PS",12,2.01,394.85,"13-04-2025 04:40"
14125542,"BUKATIRA PS_040",,099008040,"Semuto , Nakaseke","Bukatira PS",10,0,398.77,"13-04-2025 04:40"
14125542,"BUKATIRA PS_040",,099008040,"Semuto , Nakaseke","Bukatira PS",10,40.06,398.77,"13-04-2025 04:39"
14125542,"BUKATIRA PS_040",,099008040,"Semuto , Nakaseke","Bukatira PS",9,0,438.83,"13-04-2025 04:37"
14125542,"BUKATIRA PS_040",,099008040,"Semuto , Nakaseke","Bukatira PS",9,20.36,438.83,"13-04-2025 04:36"
14125542,"BUKATIRA PS_040",,099008040,"Semuto , Nakaseke","Bukatira PS",8,0,459.19,"13-04-2025 04:36"
14125542,"BUKATIRA PS_040",,099008040,"Semuto , Nakaseke","Bukatira PS",8,41.59,459.19,"13-04-2025 04:36"
14125542,"BUKATIRA PS_040",,099008040,"Semuto , Nakaseke","Bukatira PS",7,0,500.79,"13-04-2025 04:32"
14125542,"BUKATIRA PS_040",,099008040,"Semuto , Nakaseke","Bukatira PS",7,12.89,500.79,"13-04-2025 04:32"
14125542,"BUKATIRA PS_040",,099008040,"Semuto , Nakaseke","Bukatira PS",6,0,513.68,"13-04-2025 04:31"
14125542,"BUKATIRA PS_040",,099008040,"Semuto , Nakaseke","Bukatira PS",5,2.73,514.68,"13-04-2025 04:31"
14125542,"BUKATIRA PS_040",,099008040,"Semuto , Nakaseke","Bukatira PS",3,54.02,517.98,"13-04-2025 04:31"
14125542,"BUKATIRA PS_040",,099008040,"Semuto , Nakaseke","Bukatira PS",2,254.95,572,"13-04-2025 04:27"
14125542,"BUKATIRA PS_040",,099008040,"Semuto , Nakaseke","Bukatira PS",1,0,826.95,"13-04-2025 04:11"
19626117,"BUKATIRA PS_184",,099008184,"Semuto , Nakaseke","Bukatira PS",1,98.72,901.28,"13-04-2025 03:54"
19626117,"BUKATIRA PS_184",,099008184,"Semuto , Nakaseke","Bukatira PS",0,0,1000,"13-04-2025 03:44"
42111722,"BUKATIRA PS_173",,099008173,"Semuto , Nakaseke","Bukatira PS",31,0,130.67,"12-04-2025 18:51"
42111722,"BUKATIRA PS_173",,099008173,"Semuto , Nakaseke","Bukatira PS",31,0,130.67,"12-04-2025 18:51"
42111722,"BUKATIRA PS_173",,099008173,"Semuto , Nakaseke","Bukatira PS",31,0,130.67,"12-04-2025 18:02"
42111722,"BUKATIRA PS_173",,099008173,"Semuto , Nakaseke","Bukatira PS",31,0,130.67,"12-04-2025 18:01"
42111722,"BUKATIRA PS_173",,099008173,"Semuto , Nakaseke","Bukatira PS",31,0.05,130.67,"12-04-2025 18:01"
42111722,"BUKATIRA PS_173",,099008173,"Semuto , Nakaseke","Bukatira PS",31,22.14,130.67,"12-04-2025 18:01"
42111722,"BUKATIRA PS_173",,099008173,"Semuto , Nakaseke","Bukatira PS",30,0,152.81,"12-04-2025 17:59"
42111722,"BUKATIRA PS_173",,099008173,"Semuto , Nakaseke","Bukatira PS",30,12.58,152.81,"12-04-2025 17:59"
42111722,"BUKATIRA PS_173",,099008173,"Semuto , Nakaseke","Bukatira PS",28,0,166.5,"12-04-2025 17:58"
42111722,"BUKATIRA PS_173",,099008173,"Semuto , Nakaseke","Bukatira PS",28,0,166.5,"12-04-2025 17:57"
42111722,"BUKATIRA PS_173",,099008173,"Semuto , Nakaseke","Bukatira PS",28,0,166.5,"12-04-2025 17:57"
42111722,"BUKATIRA PS_173",,099008173,"Semuto , Nakaseke","Bukatira PS",28,35.09,166.5,"12-04-2025 17:56"
42111722,"BUKATIRA PS_173",,099008173,"Semuto , Nakaseke","Bukatira PS",27,0,201.59,"12-04-2025 17:51"
14119114,"BUKATIRA PS_009",,099008009,"Semuto , Nakaseke","Bukatira PS",7,48.3,711.72,"12-04-2025 17:19"
14119114,"BUKATIRA PS_009",,099008009,"Semuto , Nakaseke","Bukatira PS",6,0,760.02,"12-04-2025 17:12"
10015130,"BUKATIRA PS_152",,099008152,"Semuto , Nakaseke","Bukatira PS",4,38.11,804.1,"12-04-2025 17:10"
10015130,"BUKATIRA PS_152",,099008152,"Semuto , Nakaseke","Bukatira PS",3,0,842.2,"12-04-2025 17:07"
10010012,"BUKATIRA PS_198",,099008198,"Semuto , Nakaseke","Bukatira PS",24,0,0,"12-04-2025 16:54"
10010012,"BUKATIRA PS_198",,099008198,"Semuto , Nakaseke","Bukatira PS",24,0,0,"12-04-2025 16:53"
10010012,"BUKATIRA PS_198",,099008198,"Semuto , Nakaseke","Bukatira PS",24,0,0,"12-04-2025 16:53"
10010012,"BUKATIRA PS_198",,099008198,"Semuto , Nakaseke","Bukatira PS",24,0,0,"12-04-2025 16:53"
10010012,"BUKATIRA PS_198",,099008198,"Semuto , Nakaseke","Bukatira PS",24,0,0,"12-04-2025 16:53"
10010012,"BUKATIRA PS_198",,099008198,"Semuto , Nakaseke","Bukatira PS",24,0,0,"12-04-2025 16:52"
10010012,"BUKATIRA PS_198",,099008198,"Semuto , Nakaseke","Bukatira PS",24,0,0,"12-04-2025 16:52"
10010012,"BUKATIRA PS_198",,099008198,"Semuto , Nakaseke","Bukatira PS",24,0,0,"12-04-2025 16:52"
10010012,"BUKATIRA PS_198",,099008198,"Semuto , Nakaseke","Bukatira PS",24,0,0,"12-04-2025 16:51"
10010012,"BUKATIRA PS_198",,099008198,"Semuto , Nakaseke","Bukatira PS",24,0,0,"12-04-2025 16:51"
10010012,"BUKATIRA PS_198",,099008198,"Semuto , Nakaseke","Bukatira PS",24,0,0,"12-04-2025 16:51"
10010012,"BUKATIRA PS_198",,099008198,"Semuto , Nakaseke","Bukatira PS",24,0,0,"12-04-2025 16:50"
10010012,"BUKATIRA PS_198",,099008198,"Semuto , Nakaseke","Bukatira PS",24,0,0,"12-04-2025 16:50"
10010012,"BUKATIRA PS_198",,099008198,"Semuto , Nakaseke","Bukatira PS",24,6.1,0.78,"12-04-2025 16:50"
10010012,"BUKATIRA PS_198",,099008198,"Semuto , Nakaseke","Bukatira PS",23,1.32,6.89,"12-04-2025 16:49"
10010012,"BUKATIRA PS_198",,099008198,"Semuto , Nakaseke","Bukatira PS",22,0,8.21,"12-04-2025 16:48"
20966422,"BUKATIRA PS_162",,099008162,"Semuto , Nakaseke","Bukatira PS",5,114.3,487.82,"12-04-2025 16:39"
20966422,"BUKATIRA PS_162",,099008162,"Semuto , Nakaseke","Bukatira PS",4,0,602.12,"12-04-2025 16:29"
24415513,"BUKATIRA PS_189",,099008189,"Semuto , Nakaseke","Bukatira PS",14,3.5,472.84,"12-04-2025 16:29"
24415513,"BUKATIRA PS_189",,099008189,"Semuto , Nakaseke","Bukatira PS",13,30.64,476.34,"12-04-2025 16:29"
24415513,"BUKATIRA PS_189",,099008189,"Semuto , Nakaseke","Bukatira PS",12,0,506.98,"12-04-2025 16:27"
24415513,"BUKATIRA PS_189",,099008189,"Semuto , Nakaseke","Bukatira PS",12,21.4,506.98,"12-04-2025 16:26"
24415513,"BUKATIRA PS_189",,099008189,"Semuto , Nakaseke","Bukatira PS",11,0,528.38,"12-04-2025 16:25"
24415513,"BUKATIRA PS_189",,099008189,"Semuto , Nakaseke","Bukatira PS",11,12.54,528.38,"12-04-2025 16:25"
24415513,"BUKATIRA PS_189",,099008189,"Semuto , Nakaseke","Bukatira PS",10,0,540.92,"12-04-2025 16:24"
24415513,"BUKATIRA PS_189",,099008189,"Semuto , Nakaseke","Bukatira PS",10,31.23,540.92,"12-04-2025 16:23"
10030117,"BUKATIRA PS_163",,099008163,"Semuto , Nakaseke","Bukatira PS",9,117.94,590.83,"12-04-2025 16:21"
10030117,"BUKATIRA PS_163",,099008163,"Semuto , Nakaseke","Bukatira PS",8,0,708.77,"12-04-2025 16:14"
14116622,"BUKATIRA PS_018",,099008018,"Semuto , Nakaseke","Bukatira PS",48,33.36,261.69,"12-04-2025 16:14"
14116622,"BUKATIRA PS_018",,099008018,"Semuto , Nakaseke","Bukatira PS",47,0,295.05,"12-04-2025 16:12"
14120410,"BUKATIRA PS_072",,099008072,"Semuto , Nakaseke","Bukatira PS",22,50.83,154.88,"12-04-2025 16:04"
14120410,"BUKATIRA PS_072",,099008072,"Semuto , Nakaseke","Bukatira PS",21,0,205.71,"12-04-2025 16:00"
14116622,"BUKATIRA PS_018",,099008018,"Semuto , Nakaseke","Bukatira PS",47,34.5,295.05,"12-04-2025 16:00"
14116622,"BUKATIRA PS_018",,099008018,"Semuto , Nakaseke","Bukatira PS",46,0,329.55,"12-04-2025 15:58"
15766162,"BUKATIRA PS_049",,099008049,"Semuto , Nakaseke","Bukatira PS",11,1.04,849.36,"12-04-2025 15:55"
15766162,"BUKATIRA PS_049",,099008049,"Semuto , Nakaseke","Bukatira PS",10,7.89,850.39,"12-04-2025 15:54"
15766162,"BUKATIRA PS_049",,099008049,"Semuto , Nakaseke","Bukatira PS",9,0,858.29,"12-04-2025 15:54"
15766162,"BUKATIRA PS_049",,099008049,"Semuto , Nakaseke","Bukatira PS",9,7.54,858.29,"12-04-2025 15:53"
15766162,"BUKATIRA PS_049",,099008049,"Semuto , Nakaseke","Bukatira PS",8,0,865.83,"12-04-2025 15:53"
15766162,"BUKATIRA PS_049",,099008049,"Semuto , Nakaseke","Bukatira PS",8,18.14,865.83,"12-04-2025 15:53"
15766162,"BUKATIRA PS_049",,099008049,"Semuto , Nakaseke","Bukatira PS",7,0,883.97,"12-04-2025 15:51"
15766162,"BUKATIRA PS_049",,099008049,"Semuto , Nakaseke","Bukatira PS",7,18.85,883.97,"12-04-2025 15:51"
15766162,"BUKATIRA PS_049",,099008049,"Semuto , Nakaseke","Bukatira PS",6,0,902.82,"12-04-2025 15:49"
15710323,"BUKATIRA PS_011",,099008011,"Semuto , Nakaseke","Bukatira PS",1,47.51,952.49,"12-04-2025 15:48"
15710323,"BUKATIRA PS_011",,099008011,"Semuto , Nakaseke","Bukatira PS",0,0,1000,"12-04-2025 15:44"
24415513,"BUKATIRA PS_189",,099008189,"Semuto , Nakaseke","Bukatira PS",9,34.96,572.14,"12-04-2025 15:44"
24415513,"BUKATIRA PS_189",,099008189,"Semuto , Nakaseke","Bukatira PS",8,70.93,607.1,"12-04-2025 15:40"
24415513,"BUKATIRA PS_189",,099008189,"Semuto , Nakaseke","Bukatira PS",7,0,678.03,"12-04-2025 15:35"
14120410,"BUKATIRA PS_072",,099008072,"Semuto , Nakaseke","Bukatira PS",21,55.05,205.71,"12-04-2025 15:34"
14120410,"BUKATIRA PS_072",,099008072,"Semuto , Nakaseke","Bukatira PS",20,1.85,260.76,"12-04-2025 15:31"
21218111,"BUKATIRA PS_181",,099008181,"Semuto , Nakaseke","Bukatira PS",36,38.76,534.43,"12-04-2025 15:31"
21218111,"BUKATIRA PS_181",,099008181,"Semuto , Nakaseke","Bukatira PS",35,0,573.19,"12-04-2025 15:28"
14116622,"BUKATIRA PS_018",,099008018,"Semuto , Nakaseke","Bukatira PS",46,33.65,329.55,"12-04-2025 15:27"
14116622,"BUKATIRA PS_018",,099008018,"Semuto , Nakaseke","Bukatira PS",45,0,363.19,"12-04-2025 15:25"
14116622,"BUKATIRA PS_018",,099008018,"Semuto , Nakaseke","Bukatira PS",44,0.9,364.07,"12-04-2025 15:25"
14116622,"BUKATIRA PS_018",,099008018,"Semuto , Nakaseke","Bukatira PS",43,0,364.97,"12-04-2025 15:24"
14116622,"BUKATIRA PS_018",,099008018,"Semuto , Nakaseke","Bukatira PS",43,38.46,364.97,"12-04-2025 15:24"
14116622,"BUKATIRA PS_018",,099008018,"Semuto , Nakaseke","Bukatira PS",42,2.28,403.44,"12-04-2025 15:21"
14116622,"BUKATIRA PS_018",,099008018,"Semuto , Nakaseke","Bukatira PS",41,30.33,405.71,"12-04-2025 15:21"
14120410,"BUKATIRA PS_072",,099008072,"Semuto , Nakaseke","Bukatira PS",19,1.8,262.61,"12-04-2025 15:20"
14116622,"BUKATIRA PS_018",,099008018,"Semuto , Nakaseke","Bukatira PS",40,1.69,436.04,"12-04-2025 15:20"
14116622,"BUKATIRA PS_018",,099008018,"Semuto , Nakaseke","Bukatira PS",39,5.85,437.73,"12-04-2025 15:18"
14120410,"BUKATIRA PS_072",,099008072,"Semuto , Nakaseke","Bukatira PS",17,0,265.41,"12-04-2025 15:18"
14116622,"BUKATIRA PS_018",,099008018,"Semuto , Nakaseke","Bukatira PS",38,0,443.58,"12-04-2025 15:18"
14120410,"BUKATIRA PS_072",,099008072,"Semuto , Nakaseke","Bukatira PS",17,0,265.41,"12-04-2025 15:17"
14120410,"BUKATIRA PS_072",,099008072,"Semuto , Nakaseke","Bukatira PS",17,16.29,265.41,"12-04-2025 15:17"
14120410,"BUKATIRA PS_072",,099008072,"Semuto , Nakaseke","Bukatira PS",16,0,281.7,"12-04-2025 15:17"
14120410,"BUKATIRA PS_072",,099008072,"Semuto , Nakaseke","Bukatira PS",16,14.72,281.7,"12-04-2025 15:14"
14120410,"BUKATIRA PS_072",,099008072,"Semuto , Nakaseke","Bukatira PS",14,3.9,297.35,"12-04-2025 15:13"
14120410,"BUKATIRA PS_072",,099008072,"Semuto , Nakaseke","Bukatira PS",13,69.67,301.25,"12-04-2025 15:12"
14120410,"BUKATIRA PS_072",,099008072,"Semuto , Nakaseke","Bukatira PS",12,21.36,370.92,"12-04-2025 15:07"
14120410,"BUKATIRA PS_072",,099008072,"Semuto , Nakaseke","Bukatira PS",11,15.25,392.28,"12-04-2025 15:05"
14120410,"BUKATIRA PS_072",,099008072,"Semuto , Nakaseke","Bukatira PS",10,31.75,407.53,"12-04-2025 15:04"
14120410,"BUKATIRA PS_072",,099008072,"Semuto , Nakaseke","Bukatira PS",9,90.08,439.28,"12-04-2025 15:02"
14120410,"BUKATIRA PS_072",,099008072,"Semuto , Nakaseke","Bukatira PS",8,18.74,529.36,"12-04-2025 14:56"
14120410,"BUKATIRA PS_072",,099008072,"Semuto , Nakaseke","Bukatira PS",7,0,548.1,"12-04-2025 14:55"
14120410,"BUKATIRA PS_072",,099008072,"Semuto , Nakaseke","Bukatira PS",7,0,548.1,"12-04-2025 14:55"
16411412,"BUKATIRA PS_180",,099008180,"Semuto , Nakaseke","Bukatira PS",11,30.76,681.99,"12-04-2025 14:54"
16411412,"BUKATIRA PS_180",,099008180,"Semuto , Nakaseke","Bukatira PS",10,0,712.74,"12-04-2025 14:49"
14116622,"BUKATIRA PS_018",,099008018,"Semuto , Nakaseke","Bukatira PS",38,18.29,443.58,"12-04-2025 14:42"
14116622,"BUKATIRA PS_018",,099008018,"Semuto , Nakaseke","Bukatira PS",37,0,461.87,"12-04-2025 14:40"
14120410,"BUKATIRA PS_072",,099008072,"Semuto , Nakaseke","Bukatira PS",7,66.57,548.1,"12-04-2025 14:40"
14120410,"BUKATIRA PS_072",,099008072,"Semuto , Nakaseke","Bukatira PS",6,0,614.67,"12-04-2025 14:36"
21218111,"BUKATIRA PS_181",,099008181,"Semuto , Nakaseke","Bukatira PS",34,0,574.26,"12-04-2025 14:35"
21218111,"BUKATIRA PS_181",,099008181,"Semuto , Nakaseke","Bukatira PS",34,18.47,574.26,"12-04-2025 14:35"
21218111,"BUKATIRA PS_181",,099008181,"Semuto , Nakaseke","Bukatira PS",33,0,592.73,"12-04-2025 14:33"
21218111,"BUKATIRA PS_181",,099008181,"Semuto , Nakaseke","Bukatira PS",33,5.23,592.73,"12-04-2025 14:33"
21218111,"BUKATIRA PS_181",,099008181,"Semuto , Nakaseke","Bukatira PS",32,8.49,597.96,"12-04-2025 14:31"
21218111,"BUKATIRA PS_181",,099008181,"Semuto , Nakaseke","Bukatira PS",31,0,606.45,"12-04-2025 14:31"
21218111,"BUKATIRA PS_181",,099008181,"Semuto , Nakaseke","Bukatira PS",30,13.37,606.99,"12-04-2025 14:30"
21218111,"BUKATIRA PS_181",,099008181,"Semuto , Nakaseke","Bukatira PS",29,1.74,620.36,"12-04-2025 14:29"
21218111,"BUKATIRA PS_181",,099008181,"Semuto , Nakaseke","Bukatira PS",28,3.39,622.1,"12-04-2025 14:29"
21218111,"BUKATIRA PS_181",,099008181,"Semuto , Nakaseke","Bukatira PS",27,2.39,625.48,"12-04-2025 14:28"
21218111,"BUKATIRA PS_181",,099008181,"Semuto , Nakaseke","Bukatira PS",26,0.01,627.87,"12-04-2025 14:28"
21218111,"BUKATIRA PS_181",,099008181,"Semuto , Nakaseke","Bukatira PS",26,0,627.87,"12-04-2025 14:28"
21218111,"BUKATIRA PS_181",,099008181,"Semuto , Nakaseke","Bukatira PS",26,0,627.87,"12-04-2025 14:27"
13210132,"BUKATIRA PS_187",,099008187,"Semuto , Nakaseke","Bukatira PS",3,129.59,730.94,"12-04-2025 14:27"
13210132,"BUKATIRA PS_187",,099008187,"Semuto , Nakaseke","Bukatira PS",2,0,860.53,"12-04-2025 14:18"
16411412,"BUKATIRA PS_180",,099008180,"Semuto , Nakaseke","Bukatira PS",10,19.04,712.74,"12-04-2025 14:16"
16411412,"BUKATIRA PS_180",,099008180,"Semuto , Nakaseke","Bukatira PS",9,0,731.79,"12-04-2025 14:15"
16411412,"BUKATIRA PS_180",,099008180,"Semuto , Nakaseke","Bukatira PS",9,57.41,731.79,"12-04-2025 13:27"
16411412,"BUKATIRA PS_180",,099008180,"Semuto , Nakaseke","Bukatira PS",8,7.27,789.2,"12-04-2025 13:23"
16411412,"BUKATIRA PS_180",,099008180,"Semuto , Nakaseke","Bukatira PS",7,0,796.47,"12-04-2025 13:22"
13216411,"BUKATIRA PS_185",,099008185,"Semuto , Nakaseke","Bukatira PS",7,82.16,743.32,"12-04-2025 13:12"
13216411,"BUKATIRA PS_185",,099008185,"Semuto , Nakaseke","Bukatira PS",6,0,825.48,"12-04-2025 13:06"
14119114,"BUKATIRA PS_009",,099008009,"Semuto , Nakaseke","Bukatira PS",6,72.75,760.02,"12-04-2025 12:52"
14119114,"BUKATIRA PS_009",,099008009,"Semuto , Nakaseke","Bukatira PS",5,0,832.76,"12-04-2025 12:48"
13216411,"BUKATIRA PS_185",,099008185,"Semuto , Nakaseke","Bukatira PS",6,45.32,825.48,"12-04-2025 12:47"
13216411,"BUKATIRA PS_185",,099008185,"Semuto , Nakaseke","Bukatira PS",5,0,870.8,"12-04-2025 12:45"
10010012,"BUKATIRA PS_198",,099008198,"Semuto , Nakaseke","Bukatira PS",22,18.86,8.21,"12-04-2025 12:36"
10010012,"BUKATIRA PS_198",,099008198,"Semuto , Nakaseke","Bukatira PS",21,34.66,27.07,"12-04-2025 12:34"
10010012,"BUKATIRA PS_198",,099008198,"Semuto , Nakaseke","Bukatira PS",20,0,61.73,"12-04-2025 12:31"
10010012,"BUKATIRA PS_198",,099008198,"Semuto , Nakaseke","Bukatira PS",20,23.01,61.73,"12-04-2025 12:30"
10010012,"BUKATIRA PS_198",,099008198,"Semuto , Nakaseke","Bukatira PS",19,0.98,84.74,"12-04-2025 12:29"
10010012,"BUKATIRA PS_198",,099008198,"Semuto , Nakaseke","Bukatira PS",18,14.51,85.72,"12-04-2025 12:28"
10010012,"BUKATIRA PS_198",,099008198,"Semuto , Nakaseke","Bukatira PS",17,0.23,100.24,"12-04-2025 12:27"
10010012,"BUKATIRA PS_198",,099008198,"Semuto , Nakaseke","Bukatira PS",17,41.03,100.24,"12-04-2025 12:27"
10010012,"BUKATIRA PS_198",,099008198,"Semuto , Nakaseke","Bukatira PS",16,0,141.26,"12-04-2025 12:24"
42111722,"BUKATIRA PS_173",,099008173,"Semuto , Nakaseke","Bukatira PS",27,11.35,201.59,"12-04-2025 12:14"
42111722,"BUKATIRA PS_173",,099008173,"Semuto , Nakaseke","Bukatira PS",26,11.2,212.95,"12-04-2025 12:13"
42111722,"BUKATIRA PS_173",,099008173,"Semuto , Nakaseke","Bukatira PS",25,0,224.15,"12-04-2025 12:12"
10025513,"BUKATIRA PS_154",,099008154,"Semuto , Nakaseke","Bukatira PS",1,39.74,960.26,"12-04-2025 12:07"
10025513,"BUKATIRA PS_154",,099008154,"Semuto , Nakaseke","Bukatira PS",0,0,1000,"12-04-2025 12:06"
10025513,"BUKATIRA PS_154",,099008154,"Semuto , Nakaseke","Bukatira PS",0,0,1000,"12-04-2025 12:05"
68351162,"BUKATIRA PS_161",,099008161,"Semuto , Nakaseke","Bukatira PS",5,68.82,688.25,"12-04-2025 11:34"
68351162,"BUKATIRA PS_161",,099008161,"Semuto , Nakaseke","Bukatira PS",4,0,757.06,"12-04-2025 11:26"
19635125,"BUKATIRA PS_165",,099008165,"Semuto , Nakaseke","Bukatira PS",38,35.05,2013.61,"12-04-2025 11:19"
19635125,"BUKATIRA PS_165",,099008165,"Semuto , Nakaseke","Bukatira PS",37,0,2048.66,"12-04-2025 11:16"
19635125,"BUKATIRA PS_165",,099008165,"Semuto , Nakaseke","Bukatira PS",37,29.66,2048.66,"12-04-2025 11:14"
19635125,"BUKATIRA PS_165",,099008165,"Semuto , Nakaseke","Bukatira PS",36,8.71,2078.32,"12-04-2025 11:11"
19635125,"BUKATIRA PS_165",,099008165,"Semuto , Nakaseke","Bukatira PS",35,0,2087.03,"12-04-2025 11:10"
19635125,"BUKATIRA PS_165",,099008165,"Semuto , Nakaseke","Bukatira PS",35,35.01,2087.03,"12-04-2025 11:08"
19635125,"BUKATIRA PS_165",,099008165,"Semuto , Nakaseke","Bukatira PS",34,0,2122.04,"12-04-2025 11:04"
19635125,"BUKATIRA PS_165",,099008165,"Semuto , Nakaseke","Bukatira PS",34,32.57,2122.04,"12-04-2025 11:01"
19635125,"BUKATIRA PS_165",,099008165,"Semuto , Nakaseke","Bukatira PS",33,2.97,2154.61,"12-04-2025 10:58"
19635125,"BUKATIRA PS_165",,099008165,"Semuto , Nakaseke","Bukatira PS",32,0,2157.58,"12-04-2025 10:58"
14120410,"BUKATIRA PS_072",,099008072,"Semuto , Nakaseke","Bukatira PS",6,39.4,614.67,"12-04-2025 10:57"
19635125,"BUKATIRA PS_165",,099008165,"Semuto , Nakaseke","Bukatira PS",32,40.28,2157.58,"12-04-2025 10:52"
19635125,"BUKATIRA PS_165",,099008165,"Semuto , Nakaseke","Bukatira PS",31,0,2197.87,"12-04-2025 10:48"
19635125,"BUKATIRA PS_165",,099008165,"Semuto , Nakaseke","Bukatira PS",31,33.24,2197.87,"12-04-2025 10:48"
19635125,"BUKATIRA PS_165",,099008165,"Semuto , Nakaseke","Bukatira PS",30,0,2231.1,"12-04-2025 10:45"
19635125,"BUKATIRA PS_165",,099008165,"Semuto , Nakaseke","Bukatira PS",30,33.96,2231.1,"12-04-2025 10:44"
19635125,"BUKATIRA PS_165",,099008165,"Semuto , Nakaseke","Bukatira PS",29,0,2265.07,"12-04-2025 10:41"
24422412,"BUKATIRA PS_157",,099008157,"Semuto , Nakaseke","Bukatira PS",4,39.02,842.75,"12-04-2025 10:41"
24422412,"BUKATIRA PS_157",,099008157,"Semuto , Nakaseke","Bukatira PS",3,0,881.77,"12-04-2025 10:37"
24422412,"BUKATIRA PS_157",,099008157,"Semuto , Nakaseke","Bukatira PS",3,38.59,881.77,"12-04-2025 10:37"
24422412,"BUKATIRA PS_157",,099008157,"Semuto , Nakaseke","Bukatira PS",2,0,920.36,"12-04-2025 10:33"
19635125,"BUKATIRA PS_165",,099008165,"Semuto , Nakaseke","Bukatira PS",29,33.69,2265.07,"12-04-2025 10:33"
42071232,"BUKATIRA PS_176",,099008176,"Semuto , Nakaseke","Bukatira PS",10,38.92,826.11,"12-04-2025 10:30"
68351162,"BUKATIRA PS_161",,099008161,"Semuto , Nakaseke","Bukatira PS",4,90.7,757.06,"12-04-2025 10:26"
68351162,"BUKATIRA PS_161",,099008161,"Semuto , Nakaseke","Bukatira PS",3,0,847.77,"12-04-2025 10:17"
68351162,"BUKATIRA PS_161",,099008161,"Semuto , Nakaseke","Bukatira PS",3,0,847.77,"12-04-2025 10:17"
19635125,"BUKATIRA PS_165",,099008165,"Semuto , Nakaseke","Bukatira PS",28,40.2,2298.76,"12-04-2025 10:17"
19635125,"BUKATIRA PS_165",,099008165,"Semuto , Nakaseke","Bukatira PS",27,0,2338.95,"12-04-2025 10:13"
19635125,"BUKATIRA PS_165",,099008165,"Semuto , Nakaseke","Bukatira PS",27,72.06,2338.95,"12-04-2025 10:13"
19635125,"BUKATIRA PS_165",,099008165,"Semuto , Nakaseke","Bukatira PS",26,0,2411.01,"12-04-2025 10:06"
24422412,"BUKATIRA PS_157",,099008157,"Semuto , Nakaseke","Bukatira PS",2,12.98,920.36,"12-04-2025 10:05"
24422412,"BUKATIRA PS_157",,099008157,"Semuto , Nakaseke","Bukatira PS",1,66.66,933.34,"12-04-2025 10:04"
24422412,"BUKATIRA PS_157",,099008157,"Semuto , Nakaseke","Bukatira PS",0,0,1000,"12-04-2025 09:58"
16475126,"BUKATIRA PS_178",,099008178,"Semuto , Nakaseke","Bukatira PS",20,9.53,700.43,"12-04-2025 09:58"
16475126,"BUKATIRA PS_178",,099008178,"Semuto , Nakaseke","Bukatira PS",19,27.12,709.96,"12-04-2025 09:57"
16475126,"BUKATIRA PS_178",,099008178,"Semuto , Nakaseke","Bukatira PS",18,3.48,737.08,"12-04-2025 09:54"
16475126,"BUKATIRA PS_178",,099008178,"Semuto , Nakaseke","Bukatira PS",17,3.53,740.55,"12-04-2025 09:54"
16475126,"BUKATIRA PS_178",,099008178,"Semuto , Nakaseke","Bukatira PS",16,3.17,744.09,"12-04-2025 09:53"
84216121,"BUKATIRA PS_158",,099008158,"Semuto , Nakaseke","Bukatira PS",11,3.4,691.59,"12-04-2025 09:52"
84216121,"BUKATIRA PS_158",,099008158,"Semuto , Nakaseke","Bukatira PS",10,36.88,694.99,"12-04-2025 09:51"
84216121,"BUKATIRA PS_158",,099008158,"Semuto , Nakaseke","Bukatira PS",9,0,731.87,"12-04-2025 09:48"
16475126,"BUKATIRA PS_178",,099008178,"Semuto , Nakaseke","Bukatira PS",15,8.07,747.25,"12-04-2025 09:47"
16475126,"BUKATIRA PS_178",,099008178,"Semuto , Nakaseke","Bukatira PS",14,11.68,755.32,"12-04-2025 09:46"
16475126,"BUKATIRA PS_178",,099008178,"Semuto , Nakaseke","Bukatira PS",13,0,767.01,"12-04-2025 09:45"
16475126,"BUKATIRA PS_178",,099008178,"Semuto , Nakaseke","Bukatira PS",12,0,767.81,"12-04-2025 09:44"
19635125,"BUKATIRA PS_165",,099008165,"Semuto , Nakaseke","Bukatira PS",26,38.22,2411.01,"12-04-2025 09:44"
19635125,"BUKATIRA PS_165",,099008165,"Semuto , Nakaseke","Bukatira PS",25,0,2449.24,"12-04-2025 09:41"
19635125,"BUKATIRA PS_165",,099008165,"Semuto , Nakaseke","Bukatira PS",25,29.78,2449.24,"12-04-2025 09:40"
19635125,"BUKATIRA PS_165",,099008165,"Semuto , Nakaseke","Bukatira PS",24,0,2479.02,"12-04-2025 09:37"
19635125,"BUKATIRA PS_165",,099008165,"Semuto , Nakaseke","Bukatira PS",24,11.18,2479.02,"12-04-2025 09:37"
19635125,"BUKATIRA PS_165",,099008165,"Semuto , Nakaseke","Bukatira PS",23,14.07,2490.2,"12-04-2025 09:36"
19635125,"BUKATIRA PS_165",,099008165,"Semuto , Nakaseke","Bukatira PS",22,3.56,2504.27,"12-04-2025 09:34"
19635125,"BUKATIRA PS_165",,099008165,"Semuto , Nakaseke","Bukatira PS",21,0,2507.83,"12-04-2025 09:34"
19635125,"BUKATIRA PS_165",,099008165,"Semuto , Nakaseke","Bukatira PS",21,63.95,2507.83,"12-04-2025 09:34"
19635125,"BUKATIRA PS_165",,099008165,"Semuto , Nakaseke","Bukatira PS",20,0,2571.78,"12-04-2025 09:28"
42111722,"BUKATIRA PS_173",,099008173,"Semuto , Nakaseke","Bukatira PS",24,0,225.89,"12-04-2025 09:27"
42111722,"BUKATIRA PS_173",,099008173,"Semuto , Nakaseke","Bukatira PS",24,35.35,225.89,"12-04-2025 09:27"
42111722,"BUKATIRA PS_173",,099008173,"Semuto , Nakaseke","Bukatira PS",23,0,261.23,"12-04-2025 09:24"
42111722,"BUKATIRA PS_173",,099008173,"Semuto , Nakaseke","Bukatira PS",23,34.57,261.23,"12-04-2025 09:24"
42111722,"BUKATIRA PS_173",,099008173,"Semuto , Nakaseke","Bukatira PS",22,0,295.81,"12-04-2025 09:21"
42111722,"BUKATIRA PS_173",,099008173,"Semuto , Nakaseke","Bukatira PS",22,35.04,295.81,"12-04-2025 09:20"
14125542,"BUKATIRA PS_040",,099008040,"Semuto , Nakaseke","Bukatira PS",1,173.05,826.95,"12-04-2025 09:17"
15759241,"BUKATIRA PS_043",,099008043,"Semuto , Nakaseke","Bukatira PS",15,300.17,0,"12-04-2025 09:02"
15759241,"BUKATIRA PS_043",,099008043,"Semuto , Nakaseke","Bukatira PS",14,0,300.02,"12-04-2025 08:35"
15759241,"BUKATIRA PS_043",,099008043,"Semuto , Nakaseke","Bukatira PS",14,53.46,300.02,"12-04-2025 08:35"
14116840,"BUKATIRA PS_035",,099008035,"Semuto , Nakaseke","Bukatira PS",14,0,0,"12-04-2025 08:31"
18017123,"BUKATIRA PS_160",,099008160,"Semuto , Nakaseke","Bukatira PS",46,19.68,102.55,"12-04-2025 08:30"
18017123,"BUKATIRA PS_160",,099008160,"Semuto , Nakaseke","Bukatira PS",45,33.88,122.24,"12-04-2025 08:29"
18017123,"BUKATIRA PS_160",,099008160,"Semuto , Nakaseke","Bukatira PS",44,28.82,156.12,"12-04-2025 08:25"
18017123,"BUKATIRA PS_160",,099008160,"Semuto , Nakaseke","Bukatira PS",43,35.8,184.94,"12-04-2025 08:23"
18017123,"BUKATIRA PS_160",,099008160,"Semuto , Nakaseke","Bukatira PS",42,0,220.74,"12-04-2025 08:20"
14120410,"BUKATIRA PS_072",,099008072,"Semuto , Nakaseke","Bukatira PS",5,19.71,654.06,"12-04-2025 08:19"
14120410,"BUKATIRA PS_072",,099008072,"Semuto , Nakaseke","Bukatira PS",4,0,673.77,"12-04-2025 08:17"
14120410,"BUKATIRA PS_072",,099008072,"Semuto , Nakaseke","Bukatira PS",4,22.34,673.77,"12-04-2025 08:17"
19635125,"BUKATIRA PS_165",,099008165,"Semuto , Nakaseke","Bukatira PS",20,38.57,71.78,"12-04-2025 08:15"
19635125,"BUKATIRA PS_165",,099008165,"Semuto , Nakaseke","Bukatira PS",19,37.29,110.35,"12-04-2025 08:12"
19635125,"BUKATIRA PS_165",,099008165,"Semuto , Nakaseke","Bukatira PS",18,0,147.64,"12-04-2025 08:08"
18017123,"BUKATIRA PS_160",,099008160,"Semuto , Nakaseke","Bukatira PS",42,3.74,220.74,"12-04-2025 08:08"
18017123,"BUKATIRA PS_160",,099008160,"Semuto , Nakaseke","Bukatira PS",41,33.91,224.48,"12-04-2025 08:08"
18017123,"BUKATIRA PS_160",,099008160,"Semuto , Nakaseke","Bukatira PS",40,0,258.39,"12-04-2025 08:05"
84216121,"BUKATIRA PS_158",,099008158,"Semuto , Nakaseke","Bukatira PS",9,36.18,731.87,"12-04-2025 08:04"
84216121,"BUKATIRA PS_158",,099008158,"Semuto , Nakaseke","Bukatira PS",8,0,768.05,"12-04-2025 08:01"
13222312,"BUKATIRA PS_191",,099008191,"Semuto , Nakaseke","Bukatira PS",5,35.97,760.3,"12-04-2025 08:01"
13222312,"BUKATIRA PS_191",,099008191,"Semuto , Nakaseke","Bukatira PS",4,0,796.27,"12-04-2025 07:58"
13222312,"BUKATIRA PS_191",,099008191,"Semuto , Nakaseke","Bukatira PS",4,39.4,796.27,"12-04-2025 07:57"
19635125,"BUKATIRA PS_165",,099008165,"Semuto , Nakaseke","Bukatira PS",18,0,147.64,"12-04-2025 07:53"
19635125,"BUKATIRA PS_165",,099008165,"Semuto , Nakaseke","Bukatira PS",17,0,148.65,"12-04-2025 07:53"
19635125,"BUKATIRA PS_165",,099008165,"Semuto , Nakaseke","Bukatira PS",16,25.58,149.85,"12-04-2025 07:52"
19635125,"BUKATIRA PS_165",,099008165,"Semuto , Nakaseke","Bukatira PS",15,46.56,175.42,"12-04-2025 07:50"
19635125,"BUKATIRA PS_165",,099008165,"Semuto , Nakaseke","Bukatira PS",14,0,221.98,"12-04-2025 07:46"
15725366,"BUKATIRA PS_021",,099008021,"Semuto , Nakaseke","Bukatira PS",4,38.05,917.6,"12-04-2025 07:45"
15725366,"BUKATIRA PS_021",,099008021,"Semuto , Nakaseke","Bukatira PS",3,0,955.65,"12-04-2025 07:42"
19635125,"BUKATIRA PS_165",,099008165,"Semuto , Nakaseke","Bukatira PS",14,72.89,221.98,"12-04-2025 07:41"
19635125,"BUKATIRA PS_165",,099008165,"Semuto , Nakaseke","Bukatira PS",13,0,294.87,"12-04-2025 07:34"
19635125,"BUKATIRA PS_165",,099008165,"Semuto , Nakaseke","Bukatira PS",13,73.48,294.87,"12-04-2025 07:28"
19635125,"BUKATIRA PS_165",,099008165,"Semuto , Nakaseke","Bukatira PS",12,0,368.36,"12-04-2025 07:21"
19635125,"BUKATIRA PS_165",,099008165,"Semuto , Nakaseke","Bukatira PS",12,76.15,368.36,"12-04-2025 07:16"
19635125,"BUKATIRA PS_165",,099008165,"Semuto , Nakaseke","Bukatira PS",11,0,444.51,"12-04-2025 07:09"
15714111,"BUKATIRA PS_001",,099008001,"Semuto , Nakaseke","Bukatira PS",35,71.24,0.15,"12-04-2025 07:08"
15714111,"BUKATIRA PS_001",,099008001,"Semuto , Nakaseke","Bukatira PS",34,0,71.38,"12-04-2025 07:02"
19635125,"BUKATIRA PS_165",,099008165,"Semuto , Nakaseke","Bukatira PS",11,75.79,444.51,"12-04-2025 07:02"
19635125,"BUKATIRA PS_165",,099008165,"Semuto , Nakaseke","Bukatira PS",10,0,520.3,"12-04-2025 06:55"
15714111,"BUKATIRA PS_001",,099008001,"Semuto , Nakaseke","Bukatira PS",34,2.05,71.38,"12-04-2025 06:55"
15714111,"BUKATIRA PS_001",,099008001,"Semuto , Nakaseke","Bukatira PS",33,0,73.43,"12-04-2025 06:54"
15714111,"BUKATIRA PS_001",,099008001,"Semuto , Nakaseke","Bukatira PS",33,1.41,73.43,"12-04-2025 06:54"
15714111,"BUKATIRA PS_001",,099008001,"Semuto , Nakaseke","Bukatira PS",32,11.14,74.85,"12-04-2025 06:54"
15714111,"BUKATIRA PS_001",,099008001,"Semuto , Nakaseke","Bukatira PS",31,0,85.99,"12-04-2025 06:52"
15714111,"BUKATIRA PS_001",,099008001,"Semuto , Nakaseke","Bukatira PS",31,0,85.99,"12-04-2025 06:52"
19635125,"BUKATIRA PS_165",,099008165,"Semuto , Nakaseke","Bukatira PS",10,75.22,520.3,"12-04-2025 06:48"
19635125,"BUKATIRA PS_165",,099008165,"Semuto , Nakaseke","Bukatira PS",9,0,595.51,"12-04-2025 06:41"
15714111,"BUKATIRA PS_001",,099008001,"Semuto , Nakaseke","Bukatira PS",31,40.79,85.99,"12-04-2025 06:40"
15714111,"BUKATIRA PS_001",,099008001,"Semuto , Nakaseke","Bukatira PS",30,0,126.78,"12-04-2025 06:37"
15714111,"BUKATIRA PS_001",,099008001,"Semuto , Nakaseke","Bukatira PS",30,40.14,126.78,"12-04-2025 06:36"
16411412,"BUKATIRA PS_180",,099008180,"Semuto , Nakaseke","Bukatira PS",7,9.81,796.47,"12-04-2025 06:32"
16411412,"BUKATIRA PS_180",,099008180,"Semuto , Nakaseke","Bukatira PS",6,10.21,806.28,"12-04-2025 06:31"
16411412,"BUKATIRA PS_180",,099008180,"Semuto , Nakaseke","Bukatira PS",5,0,816.49,"12-04-2025 06:29"
15714111,"BUKATIRA PS_001",,099008001,"Semuto , Nakaseke","Bukatira PS",29,31.35,166.93,"12-04-2025 06:28"
15714111,"BUKATIRA PS_001",,099008001,"Semuto , Nakaseke","Bukatira PS",28,0,198.28,"12-04-2025 06:25"
15714111,"BUKATIRA PS_001",,099008001,"Semuto , Nakaseke","Bukatira PS",28,10.13,198.28,"12-04-2025 06:23"
15714111,"BUKATIRA PS_001",,099008001,"Semuto , Nakaseke","Bukatira PS",27,0,208.41,"12-04-2025 06:21"
15714111,"BUKATIRA PS_001",,099008001,"Semuto , Nakaseke","Bukatira PS",26,20.04,209.28,"12-04-2025 06:21"
15714111,"BUKATIRA PS_001",,099008001,"Semuto , Nakaseke","Bukatira PS",25,65.65,229.32,"12-04-2025 06:18"
15715424,"BUKATIRA PS_076",,099008076,"Semuto , Nakaseke","Bukatira PS",0,0,1000,"12-04-2025 06:12"
15725223,"BUKATIRA PS_006",,099008006,"Semuto , Nakaseke","Bukatira PS",1,2.17,997.83,"12-04-2025 06:12"
15714111,"BUKATIRA PS_001",,099008001,"Semuto , Nakaseke","Bukatira PS",24,20.3,294.97,"12-04-2025 06:11"
15714111,"BUKATIRA PS_001",,099008001,"Semuto , Nakaseke","Bukatira PS",23,18.74,315.27,"12-04-2025 06:09"
15714111,"BUKATIRA PS_001",,099008001,"Semuto , Nakaseke","Bukatira PS",22,0,334.01,"12-04-2025 06:08"
19635125,"BUKATIRA PS_165",,099008165,"Semuto , Nakaseke","Bukatira PS",9,73.54,595.51,"12-04-2025 06:07"
19635125,"BUKATIRA PS_165",,099008165,"Semuto , Nakaseke","Bukatira PS",8,0,669.05,"12-04-2025 06:01"
15714111,"BUKATIRA PS_001",,099008001,"Semuto , Nakaseke","Bukatira PS",22,72.61,334.01,"12-04-2025 06:01"
14116622,"BUKATIRA PS_018",,099008018,"Semuto , Nakaseke","Bukatira PS",37,35.17,461.87,"12-04-2025 05:54"
14116622,"BUKATIRA PS_018",,099008018,"Semuto , Nakaseke","Bukatira PS",36,0,497.04,"12-04-2025 05:51"
19635125,"BUKATIRA PS_165",,099008165,"Semuto , Nakaseke","Bukatira PS",8,35.69,669.05,"12-04-2025 05:51"
19635125,"BUKATIRA PS_165",,099008165,"Semuto , Nakaseke","Bukatira PS",7,0,704.74,"12-04-2025 05:48"
15714111,"BUKATIRA PS_001",,099008001,"Semuto , Nakaseke","Bukatira PS",21,53.27,406.62,"12-04-2025 05:48"
14116622,"BUKATIRA PS_018",,099008018,"Semuto , Nakaseke","Bukatira PS",36,5.16,497.04,"12-04-2025 05:43"
14116622,"BUKATIRA PS_018",,099008018,"Semuto , Nakaseke","Bukatira PS",35,31.39,502.2,"12-04-2025 05:43"
14116622,"BUKATIRA PS_018",,099008018,"Semuto , Nakaseke","Bukatira PS",34,0,533.59,"12-04-2025 05:40"
15714111,"BUKATIRA PS_001",,099008001,"Semuto , Nakaseke","Bukatira PS",20,18.75,459.89,"12-04-2025 05:40"
19635125,"BUKATIRA PS_165",,099008165,"Semuto , Nakaseke","Bukatira PS",7,36.7,704.74,"12-04-2025 05:38"
19635125,"BUKATIRA PS_165",,099008165,"Semuto , Nakaseke","Bukatira PS",6,0,741.44,"12-04-2025 05:35"
36788322,"BUKATIRA PS_169",,099008169,"Semuto , Nakaseke","Bukatira PS",3,39.23,1534.2,"12-04-2025 05:35"
36788322,"BUKATIRA PS_169",,099008169,"Semuto , Nakaseke","Bukatira PS",2,0,1573.43,"12-04-2025 05:31"
16411412,"BUKATIRA PS_180",,099008180,"Semuto , Nakaseke","Bukatira PS",5,18.6,816.49,"12-04-2025 05:30"
16411412,"BUKATIRA PS_180",,099008180,"Semuto , Nakaseke","Bukatira PS",4,0,835.09,"12-04-2025 05:28"
19635125,"BUKATIRA PS_165",,099008165,"Semuto , Nakaseke","Bukatira PS",6,37.1,741.44,"12-04-2025 05:28"
15714111,"BUKATIRA PS_001",,099008001,"Semuto , Nakaseke","Bukatira PS",19,61.68,478.64,"12-04-2025 05:25"
15714111,"BUKATIRA PS_001",,099008001,"Semuto , Nakaseke","Bukatira PS",18,0,540.32,"12-04-2025 05:19"
19635125,"BUKATIRA PS_165",,099008165,"Semuto , Nakaseke","Bukatira PS",5,37.49,778.54,"12-04-2025 05:18"
19635125,"BUKATIRA PS_165",,099008165,"Semuto , Nakaseke","Bukatira PS",4,0,816.04,"12-04-2025 05:15"
13217212,"BUKATIRA PS_195",,099008195,"Semuto , Nakaseke","Bukatira PS",9,37.91,815.71,"12-04-2025 05:13"
13217212,"BUKATIRA PS_195",,099008195,"Semuto , Nakaseke","Bukatira PS",8,0,853.62,"12-04-2025 05:10"
19635125,"BUKATIRA PS_165",,099008165,"Semuto , Nakaseke","Bukatira PS",4,72.2,816.04,"12-04-2025 05:09"
19635125,"BUKATIRA PS_165",,099008165,"Semuto , Nakaseke","Bukatira PS",3,0,888.23,"12-04-2025 05:02"
15714111,"BUKATIRA PS_001",,099008001,"Semuto , Nakaseke","Bukatira PS",18,78.25,540.32,"12-04-2025 05:02"
19635125,"BUKATIRA PS_165",,099008165,"Semuto , Nakaseke","Bukatira PS",3,35.28,888.23,"12-04-2025 04:55"
19635125,"BUKATIRA PS_165",,099008165,"Semuto , Nakaseke","Bukatira PS",2,0,923.51,"12-04-2025 04:52"
15714111,"BUKATIRA PS_001",,099008001,"Semuto , Nakaseke","Bukatira PS",17,27.03,618.57,"12-04-2025 04:52"
15714111,"BUKATIRA PS_001",,099008001,"Semuto , Nakaseke","Bukatira PS",16,7.27,645.6,"12-04-2025 04:49"
15714111,"BUKATIRA PS_001",,099008001,"Semuto , Nakaseke","Bukatira PS",15,0,652.87,"12-04-2025 04:49"
19635125,"BUKATIRA PS_165",,099008165,"Semuto , Nakaseke","Bukatira PS",2,34.31,923.51,"12-04-2025 04:47"
19635125,"BUKATIRA PS_165",,099008165,"Semuto , Nakaseke","Bukatira PS",1,0,957.82,"12-04-2025 04:43"
15715147,"BUKATIRA PS_060",,099008060,"Semuto , Nakaseke","Bukatira PS",4,146.38,508.77,"12-04-2025 04:43"
15715147,"BUKATIRA PS_060",,099008060,"Semuto , Nakaseke","Bukatira PS",3,0,655.15,"12-04-2025 04:30"
15714111,"BUKATIRA PS_001",,099008001,"Semuto , Nakaseke","Bukatira PS",15,29.09,652.87,"12-04-2025 04:29"
15714111,"BUKATIRA PS_001",,099008001,"Semuto , Nakaseke","Bukatira PS",14,0,681.96,"12-04-2025 04:27"
15714111,"BUKATIRA PS_001",,099008001,"Semuto , Nakaseke","Bukatira PS",14,0,681.96,"12-04-2025 04:26"
15714111,"BUKATIRA PS_001",,099008001,"Semuto , Nakaseke","Bukatira PS",14,20.32,681.96,"12-04-2025 04:21"
15714111,"BUKATIRA PS_001",,099008001,"Semuto , Nakaseke","Bukatira PS",13,0,702.28,"12-04-2025 04:20"
16475126,"BUKATIRA PS_178",,099008178,"Semuto , Nakaseke","Bukatira PS",11,0,769.23,"12-04-2025 04:19"
16475126,"BUKATIRA PS_178",,099008178,"Semuto , Nakaseke","Bukatira PS",11,2.8,769.23,"12-04-2025 04:19"
16475126,"BUKATIRA PS_178",,099008178,"Semuto , Nakaseke","Bukatira PS",10,1.97,772.03,"12-04-2025 04:19"
16475126,"BUKATIRA PS_178",,099008178,"Semuto , Nakaseke","Bukatira PS",9,2.94,773.99,"12-04-2025 04:19"
16475126,"BUKATIRA PS_178",,099008178,"Semuto , Nakaseke","Bukatira PS",8,34,776.93,"12-04-2025 04:18"
16475126,"BUKATIRA PS_178",,099008178,"Semuto , Nakaseke","Bukatira PS",7,19.9,810.93,"12-04-2025 04:15"
16475126,"BUKATIRA PS_178",,099008178,"Semuto , Nakaseke","Bukatira PS",6,0,830.83,"12-04-2025 04:14"
15712512,"BUKATIRA PS_023",,099008023,"Semuto , Nakaseke","Bukatira PS",2,34.99,929.68,"12-04-2025 04:13"
15712512,"BUKATIRA PS_023",,099008023,"Semuto , Nakaseke","Bukatira PS",1,0,964.67,"12-04-2025 04:10"
15712512,"BUKATIRA PS_023",,099008023,"Semuto , Nakaseke","Bukatira PS",1,35.33,964.67,"12-04-2025 04:09"
15712512,"BUKATIRA PS_023",,099008023,"Semuto , Nakaseke","Bukatira PS",0,0,1000,"12-04-2025 04:06"
24415513,"BUKATIRA PS_189",,099008189,"Semuto , Nakaseke","Bukatira PS",7,94.95,678.03,"12-04-2025 04:05"
24415513,"BUKATIRA PS_189",,099008189,"Semuto , Nakaseke","Bukatira PS",6,0,772.98,"12-04-2025 03:54"
15714111,"BUKATIRA PS_001",,099008001,"Semuto , Nakaseke","Bukatira PS",13,38.1,702.28,"12-04-2025 03:53"
15714111,"BUKATIRA PS_001",,099008001,"Semuto , Nakaseke","Bukatira PS",12,0,740.38,"12-04-2025 03:50"
15714111,"BUKATIRA PS_001",,099008001,"Semuto , Nakaseke","Bukatira PS",12,73.01,740.38,"12-04-2025 03:45"
15714111,"BUKATIRA PS_001",,099008001,"Semuto , Nakaseke","Bukatira PS",11,0,813.39,"12-04-2025 03:38"
24415513,"BUKATIRA PS_189",,099008189,"Semuto , Nakaseke","Bukatira PS",6,1.29,772.98,"12-04-2025 03:25"
24415513,"BUKATIRA PS_189",,099008189,"Semuto , Nakaseke","Bukatira PS",5,88.73,774.27,"12-04-2025 03:25"
24415513,"BUKATIRA PS_189",,099008189,"Semuto , Nakaseke","Bukatira PS",4,0.31,863,"12-04-2025 03:11"
24415513,"BUKATIRA PS_189",,099008189,"Semuto , Nakaseke","Bukatira PS",4,0,863,"12-04-2025 03:11"
24415513,"BUKATIRA PS_189",,099008189,"Semuto , Nakaseke","Bukatira PS",4,0,863,"12-04-2025 03:10"
15778503,"BUKATIRA PS_031",,099008031,"Semuto , Nakaseke","Bukatira PS",5,57.27,887.35,"11-04-2025 21:11"
15778503,"BUKATIRA PS_031",,099008031,"Semuto , Nakaseke","Bukatira PS",4,0,944.62,"11-04-2025 21:06"
10010012,"BUKATIRA PS_198",,099008198,"Semuto , Nakaseke","Bukatira PS",16,37.71,141.26,"11-04-2025 19:32"
10010012,"BUKATIRA PS_198",,099008198,"Semuto , Nakaseke","Bukatira PS",15,0,178.97,"11-04-2025 19:28"
14124618,"BUKATIRA PS_017",,099008017,"Semuto , Nakaseke","Bukatira PS",1,37.96,962.04,"11-04-2025 18:32"
14124618,"BUKATIRA PS_017",,099008017,"Semuto , Nakaseke","Bukatira PS",0,0,1000,"11-04-2025 18:28"
16411412,"BUKATIRA PS_180",,099008180,"Semuto , Nakaseke","Bukatira PS",4,39.22,835.09,"11-04-2025 18:11"
16411412,"BUKATIRA PS_180",,099008180,"Semuto , Nakaseke","Bukatira PS",3,0,874.31,"11-04-2025 18:07"
14119114,"BUKATIRA PS_009",,099008009,"Semuto , Nakaseke","Bukatira PS",5,37.37,832.76,"11-04-2025 18:03"
14119114,"BUKATIRA PS_009",,099008009,"Semuto , Nakaseke","Bukatira PS",4,0,870.14,"11-04-2025 17:59"
84913122,"BUKATIRA PS_171",,099008171,"Semuto , Nakaseke","Bukatira PS",7,37.17,822.76,"11-04-2025 17:51"
84913122,"BUKATIRA PS_171",,099008171,"Semuto , Nakaseke","Bukatira PS",6,0,859.93,"11-04-2025 17:48"
84913122,"BUKATIRA PS_171",,099008171,"Semuto , Nakaseke","Bukatira PS",6,36.77,859.93,"11-04-2025 17:47"
14120410,"BUKATIRA PS_072",,099008072,"Semuto , Nakaseke","Bukatira PS",3,29.93,696.11,"11-04-2025 17:44"
14120410,"BUKATIRA PS_072",,099008072,"Semuto , Nakaseke","Bukatira PS",2,271.39,726.04,"11-04-2025 17:41"
14120410,"BUKATIRA PS_072",,099008072,"Semuto , Nakaseke","Bukatira PS",1,0,997.43,"11-04-2025 17:16"
21218111,"BUKATIRA PS_181",,099008181,"Semuto , Nakaseke","Bukatira PS",26,13.26,627.87,"11-04-2025 17:16"
14120410,"BUKATIRA PS_072",,099008072,"Semuto , Nakaseke","Bukatira PS",1,2.57,997.43,"11-04-2025 17:14"
21218111,"BUKATIRA PS_181",,099008181,"Semuto , Nakaseke","Bukatira PS",25,4.56,641.14,"11-04-2025 17:14"
21218111,"BUKATIRA PS_181",,099008181,"Semuto , Nakaseke","Bukatira PS",24,0,645.7,"11-04-2025 17:13"
20966422,"BUKATIRA PS_162",,099008162,"Semuto , Nakaseke","Bukatira PS",4,278.62,602.12,"11-04-2025 17:13"
20966422,"BUKATIRA PS_162",,099008162,"Semuto , Nakaseke","Bukatira PS",3,0,880.75,"11-04-2025 16:35"
15766162,"BUKATIRA PS_049",,099008049,"Semuto , Nakaseke","Bukatira PS",5,5.29,904,"11-04-2025 16:35"
15766162,"BUKATIRA PS_049",,099008049,"Semuto , Nakaseke","Bukatira PS",4,31.63,909.28,"11-04-2025 16:34"
15766162,"BUKATIRA PS_049",,099008049,"Semuto , Nakaseke","Bukatira PS",3,0,940.91,"11-04-2025 16:31"
16421812,"BUKATIRA PS_197",,099008197,"Semuto , Nakaseke","Bukatira PS",11,9.89,808.23,"11-04-2025 16:30"
15766162,"BUKATIRA PS_049",,099008049,"Semuto , Nakaseke","Bukatira PS",3,0.85,940.91,"11-04-2025 16:30"
16421812,"BUKATIRA PS_197",,099008197,"Semuto , Nakaseke","Bukatira PS",10,8.23,818.12,"11-04-2025 16:29"
16421812,"BUKATIRA PS_197",,099008197,"Semuto , Nakaseke","Bukatira PS",9,18.59,826.35,"11-04-2025 16:28"
16421812,"BUKATIRA PS_197",,099008197,"Semuto , Nakaseke","Bukatira PS",8,0,844.95,"11-04-2025 16:27"
16421812,"BUKATIRA PS_197",,099008197,"Semuto , Nakaseke","Bukatira PS",8,0.36,844.95,"11-04-2025 16:27"
16421812,"BUKATIRA PS_197",,099008197,"Semuto , Nakaseke","Bukatira PS",8,0.5,844.95,"11-04-2025 16:26"
16421812,"BUKATIRA PS_197",,099008197,"Semuto , Nakaseke","Bukatira PS",8,8.63,844.95,"11-04-2025 16:26"
16421812,"BUKATIRA PS_197",,099008197,"Semuto , Nakaseke","Bukatira PS",7,0,853.58,"11-04-2025 16:25"
16421812,"BUKATIRA PS_197",,099008197,"Semuto , Nakaseke","Bukatira PS",7,0.58,853.58,"11-04-2025 16:24"
16421812,"BUKATIRA PS_197",,099008197,"Semuto , Nakaseke","Bukatira PS",6,17.34,854.16,"11-04-2025 16:24"
16421812,"BUKATIRA PS_197",,099008197,"Semuto , Nakaseke","Bukatira PS",5,0,871.49,"11-04-2025 16:23"
16421812,"BUKATIRA PS_197",,099008197,"Semuto , Nakaseke","Bukatira PS",5,0.79,871.49,"11-04-2025 16:22"
16421812,"BUKATIRA PS_197",,099008197,"Semuto , Nakaseke","Bukatira PS",4,8.7,872.29,"11-04-2025 16:22"
16421812,"BUKATIRA PS_197",,099008197,"Semuto , Nakaseke","Bukatira PS",3,0,880.99,"11-04-2025 16:21"
10015130,"BUKATIRA PS_152",,099008152,"Semuto , Nakaseke","Bukatira PS",2,73.11,843.87,"11-04-2025 16:20"
10015130,"BUKATIRA PS_152",,099008152,"Semuto , Nakaseke","Bukatira PS",1,0,916.98,"11-04-2025 16:13"
36149122,"BUKATIRA PS_166",,099008166,"Semuto , Nakaseke","Bukatira PS",11,18.3,704.91,"11-04-2025 16:12"
36149122,"BUKATIRA PS_166",,099008166,"Semuto , Nakaseke","Bukatira PS",10,0,723.21,"11-04-2025 16:11"
36149122,"BUKATIRA PS_166",,099008166,"Semuto , Nakaseke","Bukatira PS",10,36.58,723.21,"11-04-2025 16:10"
36149122,"BUKATIRA PS_166",,099008166,"Semuto , Nakaseke","Bukatira PS",9,0,759.8,"11-04-2025 16:07"
42071232,"BUKATIRA PS_176",,099008176,"Semuto , Nakaseke","Bukatira PS",9,2.68,865.04,"11-04-2025 16:07"
24415513,"BUKATIRA PS_189",,099008189,"Semuto , Nakaseke","Bukatira PS",4,33.26,863,"11-04-2025 16:06"
24415513,"BUKATIRA PS_189",,099008189,"Semuto , Nakaseke","Bukatira PS",3,0,896.26,"11-04-2025 16:02"
24415513,"BUKATIRA PS_189",,099008189,"Semuto , Nakaseke","Bukatira PS",3,36.15,896.26,"11-04-2025 16:02"
24415513,"BUKATIRA PS_189",,099008189,"Semuto , Nakaseke","Bukatira PS",2,0,932.41,"11-04-2025 15:59"
24415513,"BUKATIRA PS_189",,099008189,"Semuto , Nakaseke","Bukatira PS",2,33.53,932.41,"11-04-2025 15:59"
24415513,"BUKATIRA PS_189",,099008189,"Semuto , Nakaseke","Bukatira PS",1,34.06,965.94,"11-04-2025 15:55"
24415513,"BUKATIRA PS_189",,099008189,"Semuto , Nakaseke","Bukatira PS",0,0,1000,"11-04-2025 15:52"
24415513,"BUKATIRA PS_189",,099008189,"Semuto , Nakaseke","Bukatira PS",12586,0,0,"11-04-2025 15:52"
21218111,"BUKATIRA PS_181",,099008181,"Semuto , Nakaseke","Bukatira PS",24,85.27,645.7,"11-04-2025 15:51"
21218111,"BUKATIRA PS_181",,099008181,"Semuto , Nakaseke","Bukatira PS",23,0,730.97,"11-04-2025 15:43"
13216411,"BUKATIRA PS_185",,099008185,"Semuto , Nakaseke","Bukatira PS",5,1.61,870.8,"11-04-2025 15:42"
13216411,"BUKATIRA PS_185",,099008185,"Semuto , Nakaseke","Bukatira PS",4,16.38,872.41,"11-04-2025 15:42"
13216411,"BUKATIRA PS_185",,099008185,"Semuto , Nakaseke","Bukatira PS",3,0,888.79,"11-04-2025 15:40"
13216411,"BUKATIRA PS_185",,099008185,"Semuto , Nakaseke","Bukatira PS",3,36.65,888.79,"11-04-2025 15:40"
13216411,"BUKATIRA PS_185",,099008185,"Semuto , Nakaseke","Bukatira PS",2,0.89,925.43,"11-04-2025 15:37"
13216411,"BUKATIRA PS_185",,099008185,"Semuto , Nakaseke","Bukatira PS",1,73.68,926.32,"11-04-2025 15:36"
14116622,"BUKATIRA PS_018",,099008018,"Semuto , Nakaseke","Bukatira PS",34,54.89,533.59,"11-04-2025 15:29"
14116622,"BUKATIRA PS_018",,099008018,"Semuto , Nakaseke","Bukatira PS",33,0,588.48,"11-04-2025 15:24"
84221162,"BUKATIRA PS_151",,099008151,"Semuto , Nakaseke","Bukatira PS",12,71.4,529.93,"11-04-2025 15:23"
84221162,"BUKATIRA PS_151",,099008151,"Semuto , Nakaseke","Bukatira PS",11,0,601.33,"11-04-2025 15:17"
16475126,"BUKATIRA PS_178",,099008178,"Semuto , Nakaseke","Bukatira PS",5,0,832.39,"11-04-2025 15:16"
16475126,"BUKATIRA PS_178",,099008178,"Semuto , Nakaseke","Bukatira PS",5,64.39,832.39,"11-04-2025 15:16"
16475126,"BUKATIRA PS_178",,099008178,"Semuto , Nakaseke","Bukatira PS",4,2.25,896.77,"11-04-2025 15:10"
10010012,"BUKATIRA PS_198",,099008198,"Semuto , Nakaseke","Bukatira PS",15,49.19,178.97,"11-04-2025 15:10"
15714111,"BUKATIRA PS_001",,099008001,"Semuto , Nakaseke","Bukatira PS",11,53.39,813.39,"11-04-2025 15:05"
15714111,"BUKATIRA PS_001",,099008001,"Semuto , Nakaseke","Bukatira PS",10,4.84,866.78,"11-04-2025 15:00"
15714111,"BUKATIRA PS_001",,099008001,"Semuto , Nakaseke","Bukatira PS",9,5.96,871.61,"11-04-2025 15:00"
16420512,"BUKATIRA PS_188",,099008188,"Semuto , Nakaseke","Bukatira PS",2,116.15,824.98,"11-04-2025 14:59"
16420512,"BUKATIRA PS_188",,099008188,"Semuto , Nakaseke","Bukatira PS",1,58.86,941.14,"11-04-2025 14:49"
16420512,"BUKATIRA PS_188",,099008188,"Semuto , Nakaseke","Bukatira PS",0,0,1000,"11-04-2025 14:43"
16420512,"BUKATIRA PS_188",,099008188,"Semuto , Nakaseke","Bukatira PS",0,0,1000,"11-04-2025 14:42"
16420512,"BUKATIRA PS_188",,099008188,"Semuto , Nakaseke","Bukatira PS",12586,0,0,"11-04-2025 14:42"
10010012,"BUKATIRA PS_198",,099008198,"Semuto , Nakaseke","Bukatira PS",14,50.88,228.16,"11-04-2025 14:42"
10010012,"BUKATIRA PS_198",,099008198,"Semuto , Nakaseke","Bukatira PS",13,0,279.04,"11-04-2025 14:38"
67236128,"BUKATIRA PS_084",,099008084,"Semuto , Nakaseke","Bukatira PS",2,36.41,917.77,"11-04-2025 14:38"
15715147,"BUKATIRA PS_060",,099008060,"Semuto , Nakaseke","Bukatira PS",3,75.99,655.15,"11-04-2025 14:33"
21217311,"BUKATIRA PS_164",,099008164,"Semuto , Nakaseke","Bukatira PS",4,2.76,921.06,"11-04-2025 14:26"
21217311,"BUKATIRA PS_164",,099008164,"Semuto , Nakaseke","Bukatira PS",3,68.13,923.82,"11-04-2025 14:26"
21217311,"BUKATIRA PS_164",,099008164,"Semuto , Nakaseke","Bukatira PS",2,2.59,991.94,"11-04-2025 14:19"
21217311,"BUKATIRA PS_164",,099008164,"Semuto , Nakaseke","Bukatira PS",1,5.47,994.53,"11-04-2025 14:19"
42111722,"BUKATIRA PS_173",,099008173,"Semuto , Nakaseke","Bukatira PS",21,19.7,330.85,"11-04-2025 14:18"
42111722,"BUKATIRA PS_173",,099008173,"Semuto , Nakaseke","Bukatira PS",20,0,350.54,"11-04-2025 14:16"
42111722,"BUKATIRA PS_173",,099008173,"Semuto , Nakaseke","Bukatira PS",20,35.49,350.54,"11-04-2025 14:16"
42111722,"BUKATIRA PS_173",,099008173,"Semuto , Nakaseke","Bukatira PS",19,0,386.04,"11-04-2025 14:13"
14819411,"BUKATIRA PS_155",,099008155,"Semuto , Nakaseke","Bukatira PS",2,38.63,899.71,"11-04-2025 14:12"
15759241,"BUKATIRA PS_043",,099008043,"Semuto , Nakaseke","Bukatira PS",13,177.36,353.47,"11-04-2025 14:09"
15759241,"BUKATIRA PS_043",,099008043,"Semuto , Nakaseke","Bukatira PS",12,137.98,530.83,"11-04-2025 13:53"
14118011,"BUKATIRA PS_062",,099008062,"Semuto , Nakaseke","Bukatira PS",5,6.31,940.54,"11-04-2025 13:40"
14118011,"BUKATIRA PS_062",,099008062,"Semuto , Nakaseke","Bukatira PS",4,12.51,946.84,"11-04-2025 13:40"
14118011,"BUKATIRA PS_062",,099008062,"Semuto , Nakaseke","Bukatira PS",3,0,959.35,"11-04-2025 13:38"
14118011,"BUKATIRA PS_062",,099008062,"Semuto , Nakaseke","Bukatira PS",3,36.32,959.35,"11-04-2025 13:38"
14118011,"BUKATIRA PS_062",,099008062,"Semuto , Nakaseke","Bukatira PS",2,0,995.67,"11-04-2025 13:35"
14118011,"BUKATIRA PS_062",,099008062,"Semuto , Nakaseke","Bukatira PS",2,2.59,995.67,"11-04-2025 13:35"
21211722,"BUKATIRA PS_167",,099008167,"Semuto , Nakaseke","Bukatira PS",7,8.06,812.05,"11-04-2025 13:34"
14118011,"BUKATIRA PS_062",,099008062,"Semuto , Nakaseke","Bukatira PS",1,1.74,998.26,"11-04-2025 13:33"
21211722,"BUKATIRA PS_167",,099008167,"Semuto , Nakaseke","Bukatira PS",6,20.83,820.11,"11-04-2025 13:33"
21211722,"BUKATIRA PS_167",,099008167,"Semuto , Nakaseke","Bukatira PS",5,19.48,840.94,"11-04-2025 13:31"
21211722,"BUKATIRA PS_167",,099008167,"Semuto , Nakaseke","Bukatira PS",4,18.97,860.42,"11-04-2025 13:29"
21211722,"BUKATIRA PS_167",,099008167,"Semuto , Nakaseke","Bukatira PS",3,22.75,879.39,"11-04-2025 13:28"
21211722,"BUKATIRA PS_167",,099008167,"Semuto , Nakaseke","Bukatira PS",2,0,902.14,"11-04-2025 13:26"
15714111,"BUKATIRA PS_001",,099008001,"Semuto , Nakaseke","Bukatira PS",8,20.9,877.57,"11-04-2025 13:25"
15714111,"BUKATIRA PS_001",,099008001,"Semuto , Nakaseke","Bukatira PS",7,0,898.47,"11-04-2025 13:23"
84221162,"BUKATIRA PS_151",,099008151,"Semuto , Nakaseke","Bukatira PS",11,55.14,601.33,"11-04-2025 13:23"
10030117,"BUKATIRA PS_163",,099008163,"Semuto , Nakaseke","Bukatira PS",8,37.45,708.77,"11-04-2025 13:18"
15714111,"BUKATIRA PS_001",,099008001,"Semuto , Nakaseke","Bukatira PS",7,19.43,898.47,"11-04-2025 13:15"
15714111,"BUKATIRA PS_001",,099008001,"Semuto , Nakaseke","Bukatira PS",6,0,917.9,"11-04-2025 13:13"
10030117,"BUKATIRA PS_163",,099008163,"Semuto , Nakaseke","Bukatira PS",7,26.16,746.23,"11-04-2025 13:12"
24414712,"BUKATIRA PS_192",,099008192,"Semuto , Nakaseke","Bukatira PS",0,0,0,"11-04-2025 13:10"
10030117,"BUKATIRA PS_163",,099008163,"Semuto , Nakaseke","Bukatira PS",6,7.01,772.38,"11-04-2025 13:10"
10030117,"BUKATIRA PS_163",,099008163,"Semuto , Nakaseke","Bukatira PS",5,13.4,779.39,"11-04-2025 13:09"
42071232,"BUKATIRA PS_176",,099008176,"Semuto , Nakaseke","Bukatira PS",8,0.18,867.72,"11-04-2025 13:07"
24414712,"BUKATIRA PS_192",,099008192,"Semuto , Nakaseke","Bukatira PS",0,0,0,"11-04-2025 13:06"
24414712,"BUKATIRA PS_192",,099008192,"Semuto , Nakaseke","Bukatira PS",0,0,0,"11-04-2025 13:06"
42071232,"BUKATIRA PS_176",,099008176,"Semuto , Nakaseke","Bukatira PS",8,0,867.72,"11-04-2025 13:06"
24414712,"BUKATIRA PS_192",,099008192,"Semuto , Nakaseke","Bukatira PS",0,0,0,"11-04-2025 13:06"
24414712,"BUKATIRA PS_192",,099008192,"Semuto , Nakaseke","Bukatira PS",0,0,0,"11-04-2025 13:05"
10030117,"BUKATIRA PS_163",,099008163,"Semuto , Nakaseke","Bukatira PS",4,18.18,792.79,"11-04-2025 13:05"
10030117,"BUKATIRA PS_163",,099008163,"Semuto , Nakaseke","Bukatira PS",3,0,810.97,"11-04-2025 13:03"
21218111,"BUKATIRA PS_181",,099008181,"Semuto , Nakaseke","Bukatira PS",23,5.18,730.97,"11-04-2025 13:03"
21218111,"BUKATIRA PS_181",,099008181,"Semuto , Nakaseke","Bukatira PS",22,0,736.15,"11-04-2025 13:03"
21218111,"BUKATIRA PS_181",,099008181,"Semuto , Nakaseke","Bukatira PS",21,36.33,737.21,"11-04-2025 13:02"
21218111,"BUKATIRA PS_181",,099008181,"Semuto , Nakaseke","Bukatira PS",20,2.12,773.55,"11-04-2025 12:59"
21218111,"BUKATIRA PS_181",,099008181,"Semuto , Nakaseke","Bukatira PS",19,0,775.67,"11-04-2025 12:58"
21211722,"BUKATIRA PS_167",,099008167,"Semuto , Nakaseke","Bukatira PS",2,8,902.14,"11-04-2025 12:58"
21211722,"BUKATIRA PS_167",,099008167,"Semuto , Nakaseke","Bukatira PS",1,89.86,910.14,"11-04-2025 12:57"
21218111,"BUKATIRA PS_181",,099008181,"Semuto , Nakaseke","Bukatira PS",19,39.67,775.67,"11-04-2025 12:49"
21218111,"BUKATIRA PS_181",,099008181,"Semuto , Nakaseke","Bukatira PS",18,0,815.34,"11-04-2025 12:45"
21218111,"BUKATIRA PS_181",,099008181,"Semuto , Nakaseke","Bukatira PS",18,36.7,815.34,"11-04-2025 12:45"
21218111,"BUKATIRA PS_181",,099008181,"Semuto , Nakaseke","Bukatira PS",17,8.09,852.04,"11-04-2025 12:41"
21218111,"BUKATIRA PS_181",,099008181,"Semuto , Nakaseke","Bukatira PS",16,3.07,860.13,"11-04-2025 12:41"
21218111,"BUKATIRA PS_181",,099008181,"Semuto , Nakaseke","Bukatira PS",15,11.62,863.19,"11-04-2025 12:40"
21218111,"BUKATIRA PS_181",,099008181,"Semuto , Nakaseke","Bukatira PS",14,1.24,874.81,"11-04-2025 12:39"
21218111,"BUKATIRA PS_181",,099008181,"Semuto , Nakaseke","Bukatira PS",12,5.96,877.09,"11-04-2025 12:39"
21218111,"BUKATIRA PS_181",,099008181,"Semuto , Nakaseke","Bukatira PS",11,3,883.05,"11-04-2025 12:38"
21218111,"BUKATIRA PS_181",,099008181,"Semuto , Nakaseke","Bukatira PS",9,0,886.91,"11-04-2025 12:38"
21218111,"BUKATIRA PS_181",,099008181,"Semuto , Nakaseke","Bukatira PS",10,0,886.04,"11-04-2025 12:38"
84216121,"BUKATIRA PS_158",,099008158,"Semuto , Nakaseke","Bukatira PS",8,3.39,768.05,"11-04-2025 12:38"
84216121,"BUKATIRA PS_158",,099008158,"Semuto , Nakaseke","Bukatira PS",7,15.37,771.44,"11-04-2025 12:37"
84216121,"BUKATIRA PS_158",,099008158,"Semuto , Nakaseke","Bukatira PS",6,17.98,786.81,"11-04-2025 12:35"
24414712,"BUKATIRA PS_192",,099008192,"Semuto , Nakaseke","Bukatira PS",0,0,0,"11-04-2025 12:34"
24414712,"BUKATIRA PS_192",,099008192,"Semuto , Nakaseke","Bukatira PS",0,0,0,"11-04-2025 12:33"
24414712,"BUKATIRA PS_192",,099008192,"Semuto , Nakaseke","Bukatira PS",0,0,0,"11-04-2025 12:33"
24414712,"BUKATIRA PS_192",,099008192,"Semuto , Nakaseke","Bukatira PS",0,0,0,"11-04-2025 12:33"
24414712,"BUKATIRA PS_192",,099008192,"Semuto , Nakaseke","Bukatira PS",0,0,0,"11-04-2025 12:33"
24414712,"BUKATIRA PS_192",,099008192,"Semuto , Nakaseke","Bukatira PS",0,0,0,"11-04-2025 12:32"
84216121,"BUKATIRA PS_158",,099008158,"Semuto , Nakaseke","Bukatira PS",5,38.9,804.79,"11-04-2025 12:32"
84216121,"BUKATIRA PS_158",,099008158,"Semuto , Nakaseke","Bukatira PS",4,0,843.69,"11-04-2025 12:28"
18017123,"BUKATIRA PS_160",,099008160,"Semuto , Nakaseke","Bukatira PS",40,16.37,258.39,"11-04-2025 12:28"
18017123,"BUKATIRA PS_160",,099008160,"Semuto , Nakaseke","Bukatira PS",39,0,274.77,"11-04-2025 12:26"
18017123,"BUKATIRA PS_160",,099008160,"Semuto , Nakaseke","Bukatira PS",39,28.42,274.77,"11-04-2025 12:26"
18017123,"BUKATIRA PS_160",,099008160,"Semuto , Nakaseke","Bukatira PS",38,0,303.19,"11-04-2025 12:24"
18017123,"BUKATIRA PS_160",,099008160,"Semuto , Nakaseke","Bukatira PS",38,28.45,303.19,"11-04-2025 12:23"
18017123,"BUKATIRA PS_160",,099008160,"Semuto , Nakaseke","Bukatira PS",37,0,331.64,"11-04-2025 12:21"
18017123,"BUKATIRA PS_160",,099008160,"Semuto , Nakaseke","Bukatira PS",37,33.85,331.64,"11-04-2025 12:20"
18017123,"BUKATIRA PS_160",,099008160,"Semuto , Nakaseke","Bukatira PS",36,0,365.49,"11-04-2025 12:18"
18017123,"BUKATIRA PS_160",,099008160,"Semuto , Nakaseke","Bukatira PS",36,0,365.49,"11-04-2025 12:18"
18017123,"BUKATIRA PS_160",,099008160,"Semuto , Nakaseke","Bukatira PS",36,0,365.49,"11-04-2025 12:16"
18017123,"BUKATIRA PS_160",,099008160,"Semuto , Nakaseke","Bukatira PS",36,0,365.49,"11-04-2025 12:16"
14815613,"BUKATIRA PS_182",,099008182,"Semuto , Nakaseke","Bukatira PS",1,34.05,965.95,"11-04-2025 12:15"
14815613,"BUKATIRA PS_182",,099008182,"Semuto , Nakaseke","Bukatira PS",0,0,1000,"11-04-2025 12:12"
42111722,"BUKATIRA PS_173",,099008173,"Semuto , Nakaseke","Bukatira PS",19,46.32,386.04,"11-04-2025 12:12"
42111722,"BUKATIRA PS_173",,099008173,"Semuto , Nakaseke","Bukatira PS",18,0,432.35,"11-04-2025 12:07"
42111722,"BUKATIRA PS_173",,099008173,"Semuto , Nakaseke","Bukatira PS",18,38.64,432.35,"11-04-2025 12:06"
42111722,"BUKATIRA PS_173",,099008173,"Semuto , Nakaseke","Bukatira PS",17,0,470.99,"11-04-2025 12:02"
14815411,"BUKATIRA PS_199",,099008199,"Semuto , Nakaseke","Bukatira PS",2,6.12,919.32,"11-04-2025 11:58"
14815411,"BUKATIRA PS_199",,099008199,"Semuto , Nakaseke","Bukatira PS",1,74.56,925.44,"11-04-2025 11:58"
14815411,"BUKATIRA PS_199",,099008199,"Semuto , Nakaseke","Bukatira PS",0,0,1000,"11-04-2025 11:51"
84216121,"BUKATIRA PS_158",,099008158,"Semuto , Nakaseke","Bukatira PS",4,42.29,843.69,"11-04-2025 11:50"
84216121,"BUKATIRA PS_158",,099008158,"Semuto , Nakaseke","Bukatira PS",3,0,885.98,"11-04-2025 11:47"
15714111,"BUKATIRA PS_001",,099008001,"Semuto , Nakaseke","Bukatira PS",6,18.06,917.9,"11-04-2025 11:19"
15714111,"BUKATIRA PS_001",,099008001,"Semuto , Nakaseke","Bukatira PS",5,0,935.96,"11-04-2025 11:18"
15714111,"BUKATIRA PS_001",,099008001,"Semuto , Nakaseke","Bukatira PS",5,0,935.96,"11-04-2025 11:17"
14114725,"BUKATIRA PS_012",,099008012,"Semuto , Nakaseke","Bukatira PS",41,2.16,0.79,"11-04-2025 10:51"
14114725,"BUKATIRA PS_012",,099008012,"Semuto , Nakaseke","Bukatira PS",40,0,2.94,"11-04-2025 10:51"
14114725,"BUKATIRA PS_012",,099008012,"Semuto , Nakaseke","Bukatira PS",40,1.77,2.94,"11-04-2025 10:36"
14114725,"BUKATIRA PS_012",,099008012,"Semuto , Nakaseke","Bukatira PS",39,2.96,4.72,"11-04-2025 10:36"
14114725,"BUKATIRA PS_012",,099008012,"Semuto , Nakaseke","Bukatira PS",38,0,7.67,"11-04-2025 10:36"
14114725,"BUKATIRA PS_012",,099008012,"Semuto , Nakaseke","Bukatira PS",38,0,7.67,"11-04-2025 10:35"
14114725,"BUKATIRA PS_012",,099008012,"Semuto , Nakaseke","Bukatira PS",38,2.11,7.67,"11-04-2025 10:13"
14114725,"BUKATIRA PS_012",,099008012,"Semuto , Nakaseke","Bukatira PS",37,4.14,9.79,"11-04-2025 10:13"
14114725,"BUKATIRA PS_012",,099008012,"Semuto , Nakaseke","Bukatira PS",36,0,13.93,"11-04-2025 10:12"
14114725,"BUKATIRA PS_012",,099008012,"Semuto , Nakaseke","Bukatira PS",36,0,13.93,"11-04-2025 10:12"
42071232,"BUKATIRA PS_176",,099008176,"Semuto , Nakaseke","Bukatira PS",8,38.59,867.72,"11-04-2025 10:11"
42071232,"BUKATIRA PS_176",,099008176,"Semuto , Nakaseke","Bukatira PS",7,0,906.31,"11-04-2025 10:08"
68351162,"BUKATIRA PS_161",,099008161,"Semuto , Nakaseke","Bukatira PS",3,77.05,847.77,"11-04-2025 10:07"
68351162,"BUKATIRA PS_161",,099008161,"Semuto , Nakaseke","Bukatira PS",2,0,924.81,"11-04-2025 10:00"
13222312,"BUKATIRA PS_191",,099008191,"Semuto , Nakaseke","Bukatira PS",3,39.07,835.67,"11-04-2025 10:00"
13222312,"BUKATIRA PS_191",,099008191,"Semuto , Nakaseke","Bukatira PS",2,0,874.74,"11-04-2025 09:56"
14114725,"BUKATIRA PS_012",,099008012,"Semuto , Nakaseke","Bukatira PS",36,5.97,13.93,"11-04-2025 09:50"
14114725,"BUKATIRA PS_012",,099008012,"Semuto , Nakaseke","Bukatira PS",35,7.17,19.9,"11-04-2025 09:49"
14114725,"BUKATIRA PS_012",,099008012,"Semuto , Nakaseke","Bukatira PS",34,26.07,27.07,"11-04-2025 09:48"
14114725,"BUKATIRA PS_012",,099008012,"Semuto , Nakaseke","Bukatira PS",33,0,53.15,"11-04-2025 09:46"
68351162,"BUKATIRA PS_161",,099008161,"Semuto , Nakaseke","Bukatira PS",2,38.05,924.81,"11-04-2025 09:44"
68351162,"BUKATIRA PS_161",,099008161,"Semuto , Nakaseke","Bukatira PS",1,37.13,962.87,"11-04-2025 09:41"
68351162,"BUKATIRA PS_161",,099008161,"Semuto , Nakaseke","Bukatira PS",0,0,1000,"11-04-2025 09:36"
14114725,"BUKATIRA PS_012",,099008012,"Semuto , Nakaseke","Bukatira PS",32,39.55,53.74,"11-04-2025 09:34"
14114725,"BUKATIRA PS_012",,099008012,"Semuto , Nakaseke","Bukatira PS",31,0,93.29,"11-04-2025 09:30"
11617612,"BUKATIRA PS_172",,099008172,"Semuto , Nakaseke","Bukatira PS",12,0.04,641.46,"11-04-2025 08:47"
11617612,"BUKATIRA PS_172",,099008172,"Semuto , Nakaseke","Bukatira PS",12,39.64,641.46,"11-04-2025 08:46"
11617612,"BUKATIRA PS_172",,099008172,"Semuto , Nakaseke","Bukatira PS",11,0,681.1,"11-04-2025 08:41"
42111722,"BUKATIRA PS_173",,099008173,"Semuto , Nakaseke","Bukatira PS",17,75.66,470.99,"11-04-2025 08:35"
42111722,"BUKATIRA PS_173",,099008173,"Semuto , Nakaseke","Bukatira PS",16,0,546.65,"11-04-2025 08:29"
42111722,"BUKATIRA PS_173",,099008173,"Semuto , Nakaseke","Bukatira PS",16,36.08,546.65,"11-04-2025 08:29"
42111722,"BUKATIRA PS_173",,099008173,"Semuto , Nakaseke","Bukatira PS",15,0,582.73,"11-04-2025 08:26"
14117521,"BUKATIRA PS_030",,099008030,"Semuto , Nakaseke","Bukatira PS",14,35.67,186.65,"11-04-2025 08:25"
14117521,"BUKATIRA PS_030",,099008030,"Semuto , Nakaseke","Bukatira PS",13,0,222.32,"11-04-2025 08:22"
14117521,"BUKATIRA PS_030",,099008030,"Semuto , Nakaseke","Bukatira PS",13,3.74,222.32,"11-04-2025 08:22"
14117521,"BUKATIRA PS_030",,099008030,"Semuto , Nakaseke","Bukatira PS",12,31.86,226.06,"11-04-2025 08:22"
14117521,"BUKATIRA PS_030",,099008030,"Semuto , Nakaseke","Bukatira PS",11,21.77,257.92,"11-04-2025 08:19"
14117521,"BUKATIRA PS_030",,099008030,"Semuto , Nakaseke","Bukatira PS",9,1.8,281.39,"11-04-2025 08:18"
14117521,"BUKATIRA PS_030",,099008030,"Semuto , Nakaseke","Bukatira PS",10,1.7,279.69,"11-04-2025 08:18"
14117521,"BUKATIRA PS_030",,099008030,"Semuto , Nakaseke","Bukatira PS",9,0,281.39,"11-04-2025 08:17"
14117521,"BUKATIRA PS_030",,099008030,"Semuto , Nakaseke","Bukatira PS",8,0,283.19,"11-04-2025 08:17"
14117521,"BUKATIRA PS_030",,099008030,"Semuto , Nakaseke","Bukatira PS",8,13.99,283.19,"11-04-2025 08:16"
14117521,"BUKATIRA PS_030",,099008030,"Semuto , Nakaseke","Bukatira PS",7,0,297.18,"11-04-2025 08:14"
14117521,"BUKATIRA PS_030",,099008030,"Semuto , Nakaseke","Bukatira PS",7,36.23,297.18,"11-04-2025 08:14"
14117521,"BUKATIRA PS_030",,099008030,"Semuto , Nakaseke","Bukatira PS",6,0,333.4,"11-04-2025 08:11"
42111722,"BUKATIRA PS_173",,099008173,"Semuto , Nakaseke","Bukatira PS",15,31.42,582.73,"11-04-2025 08:04"
42111722,"BUKATIRA PS_173",,099008173,"Semuto , Nakaseke","Bukatira PS",14,0.01,614.15,"11-04-2025 08:01"
42111722,"BUKATIRA PS_173",,099008173,"Semuto , Nakaseke","Bukatira PS",14,0,614.15,"11-04-2025 08:00"
42111722,"BUKATIRA PS_173",,099008173,"Semuto , Nakaseke","Bukatira PS",14,0,614.15,"11-04-2025 07:58"
42111722,"BUKATIRA PS_173",,099008173,"Semuto , Nakaseke","Bukatira PS",14,4.89,614.15,"11-04-2025 07:58"
42111722,"BUKATIRA PS_173",,099008173,"Semuto , Nakaseke","Bukatira PS",13,0,619.04,"11-04-2025 07:57"
42111722,"BUKATIRA PS_173",,099008173,"Semuto , Nakaseke","Bukatira PS",13,38.14,619.04,"11-04-2025 07:56"
42111722,"BUKATIRA PS_173",,099008173,"Semuto , Nakaseke","Bukatira PS",12,0,657.18,"11-04-2025 07:53"
42111722,"BUKATIRA PS_173",,099008173,"Semuto , Nakaseke","Bukatira PS",12,0.88,657.18,"11-04-2025 07:53"
42111722,"BUKATIRA PS_173",,099008173,"Semuto , Nakaseke","Bukatira PS",11,35.91,658.06,"11-04-2025 07:52"
42111722,"BUKATIRA PS_173",,099008173,"Semuto , Nakaseke","Bukatira PS",10,0,693.97,"11-04-2025 07:49"
42111722,"BUKATIRA PS_173",,099008173,"Semuto , Nakaseke","Bukatira PS",10,2.01,693.97,"11-04-2025 07:49"
42111722,"BUKATIRA PS_173",,099008173,"Semuto , Nakaseke","Bukatira PS",9,38.86,695.98,"11-04-2025 07:48"
42111722,"BUKATIRA PS_173",,099008173,"Semuto , Nakaseke","Bukatira PS",8,0,734.84,"11-04-2025 07:45"
14114725,"BUKATIRA PS_012",,099008012,"Semuto , Nakaseke","Bukatira PS",31,0.22,93.29,"11-04-2025 07:26"
14114725,"BUKATIRA PS_012",,099008012,"Semuto , Nakaseke","Bukatira PS",31,5.99,93.29,"11-04-2025 07:26"
14114725,"BUKATIRA PS_012",,099008012,"Semuto , Nakaseke","Bukatira PS",30,1.9,99.28,"11-04-2025 07:25"
14114725,"BUKATIRA PS_012",,099008012,"Semuto , Nakaseke","Bukatira PS",29,0,101.19,"11-04-2025 07:25"
14119114,"BUKATIRA PS_009",,099008009,"Semuto , Nakaseke","Bukatira PS",3,0,871.16,"11-04-2025 07:21"
14119114,"BUKATIRA PS_009",,099008009,"Semuto , Nakaseke","Bukatira PS",3,43.3,871.16,"11-04-2025 07:21"
14119114,"BUKATIRA PS_009",,099008009,"Semuto , Nakaseke","Bukatira PS",2,0,914.46,"11-04-2025 07:16"
42111722,"BUKATIRA PS_173",,099008173,"Semuto , Nakaseke","Bukatira PS",8,18.85,734.84,"11-04-2025 07:09"
42111722,"BUKATIRA PS_173",,099008173,"Semuto , Nakaseke","Bukatira PS",7,0,753.69,"11-04-2025 07:08"
42111722,"BUKATIRA PS_173",,099008173,"Semuto , Nakaseke","Bukatira PS",7,35.86,753.69,"11-04-2025 07:07"
42111722,"BUKATIRA PS_173",,099008173,"Semuto , Nakaseke","Bukatira PS",6,0,789.55,"11-04-2025 07:04"
42111722,"BUKATIRA PS_173",,099008173,"Semuto , Nakaseke","Bukatira PS",6,34.6,789.55,"11-04-2025 07:04"
42111722,"BUKATIRA PS_173",,099008173,"Semuto , Nakaseke","Bukatira PS",5,31.71,824.15,"11-04-2025 07:01"
42111722,"BUKATIRA PS_173",,099008173,"Semuto , Nakaseke","Bukatira PS",4,34.19,855.86,"11-04-2025 06:59"
13267121,"BUKATIRA PS_179",,099008179,"Semuto , Nakaseke","Bukatira PS",5,42.56,859.12,"11-04-2025 06:55"
13267121,"BUKATIRA PS_179",,099008179,"Semuto , Nakaseke","Bukatira PS",4,0,901.68,"11-04-2025 06:51"
10030117,"BUKATIRA PS_163",,099008163,"Semuto , Nakaseke","Bukatira PS",3,36.21,810.97,"11-04-2025 06:43"
10030117,"BUKATIRA PS_163",,099008163,"Semuto , Nakaseke","Bukatira PS",2,0,847.18,"11-04-2025 06:39"
10030117,"BUKATIRA PS_163",,099008163,"Semuto , Nakaseke","Bukatira PS",2,73.79,847.18,"11-04-2025 05:58"
10030117,"BUKATIRA PS_163",,099008163,"Semuto , Nakaseke","Bukatira PS",1,0,920.97,"11-04-2025 05:48"
15725366,"BUKATIRA PS_021",,099008021,"Semuto , Nakaseke","Bukatira PS",3,40.18,955.65,"11-04-2025 05:44"
15725366,"BUKATIRA PS_021",,099008021,"Semuto , Nakaseke","Bukatira PS",2,0,995.83,"11-04-2025 05:39"
20966422,"BUKATIRA PS_162",,099008162,"Semuto , Nakaseke","Bukatira PS",3,36.46,880.75,"11-04-2025 05:38"
36788322,"BUKATIRA PS_169",,099008169,"Semuto , Nakaseke","Bukatira PS",2,129.11,1573.43,"11-04-2025 05:33"
36788322,"BUKATIRA PS_169",,099008169,"Semuto , Nakaseke","Bukatira PS",1,0,952.54,"11-04-2025 05:21"
14114725,"BUKATIRA PS_012",,099008012,"Semuto , Nakaseke","Bukatira PS",28,17.24,102.2,"11-04-2025 05:12"
14114725,"BUKATIRA PS_012",,099008012,"Semuto , Nakaseke","Bukatira PS",27,7.83,119.44,"11-04-2025 05:11"
14114725,"BUKATIRA PS_012",,099008012,"Semuto , Nakaseke","Bukatira PS",26,9.88,127.28,"11-04-2025 05:10"
14114725,"BUKATIRA PS_012",,099008012,"Semuto , Nakaseke","Bukatira PS",25,0,137.16,"11-04-2025 05:09"
14114725,"BUKATIRA PS_012",,099008012,"Semuto , Nakaseke","Bukatira PS",25,0,137.16,"11-04-2025 05:06"
14114725,"BUKATIRA PS_012",,099008012,"Semuto , Nakaseke","Bukatira PS",25,2.18,137.16,"11-04-2025 05:05"
14114725,"BUKATIRA PS_012",,099008012,"Semuto , Nakaseke","Bukatira PS",24,35.15,139.34,"11-04-2025 05:05"
14114725,"BUKATIRA PS_012",,099008012,"Semuto , Nakaseke","Bukatira PS",23,19.83,174.49,"11-04-2025 05:02"
14114725,"BUKATIRA PS_012",,099008012,"Semuto , Nakaseke","Bukatira PS",22,114.01,194.32,"11-04-2025 05:01"
14114725,"BUKATIRA PS_012",,099008012,"Semuto , Nakaseke","Bukatira PS",21,19.99,308.33,"11-04-2025 04:51"
14114725,"BUKATIRA PS_012",,099008012,"Semuto , Nakaseke","Bukatira PS",20,0,328.31,"11-04-2025 04:50"
14114725,"BUKATIRA PS_012",,099008012,"Semuto , Nakaseke","Bukatira PS",20,6.88,328.31,"11-04-2025 04:50"
84221162,"BUKATIRA PS_151",,099008151,"Semuto , Nakaseke","Bukatira PS",10,77.58,656.47,"11-04-2025 04:49"
14114725,"BUKATIRA PS_012",,099008012,"Semuto , Nakaseke","Bukatira PS",19,53.56,335.19,"11-04-2025 04:43"
14114725,"BUKATIRA PS_012",,099008012,"Semuto , Nakaseke","Bukatira PS",18,0,388.75,"11-04-2025 04:39"
14114725,"BUKATIRA PS_012",,099008012,"Semuto , Nakaseke","Bukatira PS",17,19.43,389.47,"11-04-2025 04:39"
14114725,"BUKATIRA PS_012",,099008012,"Semuto , Nakaseke","Bukatira PS",16,5,408.9,"11-04-2025 04:37"
14114725,"BUKATIRA PS_012",,099008012,"Semuto , Nakaseke","Bukatira PS",15,14.4,413.9,"11-04-2025 04:36"
14114725,"BUKATIRA PS_012",,099008012,"Semuto , Nakaseke","Bukatira PS",14,0,428.31,"11-04-2025 04:35"
15714111,"BUKATIRA PS_001",,099008001,"Semuto , Nakaseke","Bukatira PS",5,46.82,935.96,"11-04-2025 04:35"
15714111,"BUKATIRA PS_001",,099008001,"Semuto , Nakaseke","Bukatira PS",4,0,982.78,"11-04-2025 04:31"
15759241,"BUKATIRA PS_043",,099008043,"Semuto , Nakaseke","Bukatira PS",11,12.31,668.81,"11-04-2025 04:03"
15759241,"BUKATIRA PS_043",,099008043,"Semuto , Nakaseke","Bukatira PS",10,0,681.12,"11-04-2025 04:02"
15759241,"BUKATIRA PS_043",,099008043,"Semuto , Nakaseke","Bukatira PS",10,4.55,681.12,"11-04-2025 04:01"
15759241,"BUKATIRA PS_043",,099008043,"Semuto , Nakaseke","Bukatira PS",8,0,687.14,"11-04-2025 04:01"
15759241,"BUKATIRA PS_043",,099008043,"Semuto , Nakaseke","Bukatira PS",8,13.84,687.14,"11-04-2025 04:00"
15759241,"BUKATIRA PS_043",,099008043,"Semuto , Nakaseke","Bukatira PS",7,17.79,700.97,"11-04-2025 03:59"
15759241,"BUKATIRA PS_043",,099008043,"Semuto , Nakaseke","Bukatira PS",6,2.25,718.76,"11-04-2025 03:58"
15759241,"BUKATIRA PS_043",,099008043,"Semuto , Nakaseke","Bukatira PS",5,4.89,721.01,"11-04-2025 03:58"
15759241,"BUKATIRA PS_043",,099008043,"Semuto , Nakaseke","Bukatira PS",4,223.98,725.9,"11-04-2025 03:58"
15759241,"BUKATIRA PS_043",,099008043,"Semuto , Nakaseke","Bukatira PS",3,0,949.88,"11-04-2025 03:40"
15759241,"BUKATIRA PS_043",,099008043,"Semuto , Nakaseke","Bukatira PS",3,43.29,949.88,"11-04-2025 03:40"
10010012,"BUKATIRA PS_198",,099008198,"Semuto , Nakaseke","Bukatira PS",13,77.74,279.04,"11-04-2025 03:36"
13217212,"BUKATIRA PS_195",,099008195,"Semuto , Nakaseke","Bukatira PS",8,36.26,853.62,"11-04-2025 03:30"
13217212,"BUKATIRA PS_195",,099008195,"Semuto , Nakaseke","Bukatira PS",7,2.84,889.88,"11-04-2025 03:27"
13217212,"BUKATIRA PS_195",,099008195,"Semuto , Nakaseke","Bukatira PS",6,0,892.73,"11-04-2025 03:26"
10010012,"BUKATIRA PS_198",,099008198,"Semuto , Nakaseke","Bukatira PS",12,36.75,356.78,"10-04-2025 18:52"
10010012,"BUKATIRA PS_198",,099008198,"Semuto , Nakaseke","Bukatira PS",11,0,393.54,"10-04-2025 18:47"
10010012,"BUKATIRA PS_198",,099008198,"Semuto , Nakaseke","Bukatira PS",11,0,393.54,"10-04-2025 18:47"
10010012,"BUKATIRA PS_198",,099008198,"Semuto , Nakaseke","Bukatira PS",11,39.1,393.54,"10-04-2025 18:46"
10010012,"BUKATIRA PS_198",,099008198,"Semuto , Nakaseke","Bukatira PS",10,0,432.64,"10-04-2025 18:42"
15778503,"BUKATIRA PS_031",,099008031,"Semuto , Nakaseke","Bukatira PS",4,0,944.62,"10-04-2025 17:39"
15778503,"BUKATIRA PS_031",,099008031,"Semuto , Nakaseke","Bukatira PS",4,38.26,944.62,"10-04-2025 17:36"
15778503,"BUKATIRA PS_031",,099008031,"Semuto , Nakaseke","Bukatira PS",3,0,982.88,"10-04-2025 17:33"
15778503,"BUKATIRA PS_031",,099008031,"Semuto , Nakaseke","Bukatira PS",3,12.68,982.88,"10-04-2025 17:33"
15778503,"BUKATIRA PS_031",,099008031,"Semuto , Nakaseke","Bukatira PS",2,3.14,995.56,"10-04-2025 17:31"
15778503,"BUKATIRA PS_031",,099008031,"Semuto , Nakaseke","Bukatira PS",1,0,998.7,"10-04-2025 17:31"
15778503,"BUKATIRA PS_031",,099008031,"Semuto , Nakaseke","Bukatira PS",1,1.3,998.7,"10-04-2025 17:31"
11617612,"BUKATIRA PS_172",,099008172,"Semuto , Nakaseke","Bukatira PS",11,20.73,681.1,"10-04-2025 17:30"
11617612,"BUKATIRA PS_172",,099008172,"Semuto , Nakaseke","Bukatira PS",10,24.39,701.83,"10-04-2025 17:28"
11617612,"BUKATIRA PS_172",,099008172,"Semuto , Nakaseke","Bukatira PS",9,0,726.22,"10-04-2025 17:26"
11617612,"BUKATIRA PS_172",,099008172,"Semuto , Nakaseke","Bukatira PS",9,121.96,726.22,"10-04-2025 17:26"
11617612,"BUKATIRA PS_172",,099008172,"Semuto , Nakaseke","Bukatira PS",8,0.44,848.18,"10-04-2025 17:16"
11617612,"BUKATIRA PS_172",,099008172,"Semuto , Nakaseke","Bukatira PS",8,0,848.18,"10-04-2025 17:15"
11617612,"BUKATIRA PS_172",,099008172,"Semuto , Nakaseke","Bukatira PS",8,0,848.18,"10-04-2025 17:15"
10010012,"BUKATIRA PS_198",,099008198,"Semuto , Nakaseke","Bukatira PS",10,82.69,432.64,"10-04-2025 17:15"
15766162,"BUKATIRA PS_049",,099008049,"Semuto , Nakaseke","Bukatira PS",2,49.42,941.76,"10-04-2025 17:08"
15766162,"BUKATIRA PS_049",,099008049,"Semuto , Nakaseke","Bukatira PS",1,8.82,991.18,"10-04-2025 17:04"
21218111,"BUKATIRA PS_181",,099008181,"Semuto , Nakaseke","Bukatira PS",9,5.89,886.91,"10-04-2025 17:03"
21218111,"BUKATIRA PS_181",,099008181,"Semuto , Nakaseke","Bukatira PS",8,11.17,892.8,"10-04-2025 17:03"
21218111,"BUKATIRA PS_181",,099008181,"Semuto , Nakaseke","Bukatira PS",7,2.96,903.97,"10-04-2025 17:02"
21218111,"BUKATIRA PS_181",,099008181,"Semuto , Nakaseke","Bukatira PS",6,21.22,906.93,"10-04-2025 17:02"
84913122,"BUKATIRA PS_171",,099008171,"Semuto , Nakaseke","Bukatira PS",5,39.28,896.71,"10-04-2025 17:00"
84913122,"BUKATIRA PS_171",,099008171,"Semuto , Nakaseke","Bukatira PS",3,39.02,936.69,"10-04-2025 16:57"
36149122,"BUKATIRA PS_166",,099008166,"Semuto , Nakaseke","Bukatira PS",9,43.56,759.8,"10-04-2025 16:54"
36149122,"BUKATIRA PS_166",,099008166,"Semuto , Nakaseke","Bukatira PS",8,6.5,803.36,"10-04-2025 16:50"
36149122,"BUKATIRA PS_166",,099008166,"Semuto , Nakaseke","Bukatira PS",7,0,809.86,"10-04-2025 16:50"
14116622,"BUKATIRA PS_018",,099008018,"Semuto , Nakaseke","Bukatira PS",33,4.3,588.48,"10-04-2025 16:50"
14116622,"BUKATIRA PS_018",,099008018,"Semuto , Nakaseke","Bukatira PS",32,0,592.78,"10-04-2025 16:49"
14116622,"BUKATIRA PS_018",,099008018,"Semuto , Nakaseke","Bukatira PS",32,13.82,592.78,"10-04-2025 16:49"
14116622,"BUKATIRA PS_018",,099008018,"Semuto , Nakaseke","Bukatira PS",31,23.2,606.6,"10-04-2025 16:48"
22813132,"BUKATIRA PS_175",,099008175,"Semuto , Nakaseke","Bukatira PS",1,40.75,959.25,"10-04-2025 16:46"
67236128,"BUKATIRA PS_084",,099008084,"Semuto , Nakaseke","Bukatira PS",1,45.83,954.17,"10-04-2025 16:43"
67236128,"BUKATIRA PS_084",,099008084,"Semuto , Nakaseke","Bukatira PS",0,0,1000,"10-04-2025 16:40"
15715147,"BUKATIRA PS_060",,099008060,"Semuto , Nakaseke","Bukatira PS",2,147.67,731.14,"10-04-2025 16:40"
16475126,"BUKATIRA PS_178",,099008178,"Semuto , Nakaseke","Bukatira PS",3,34.15,899.03,"10-04-2025 16:30"
84216121,"BUKATIRA PS_158",,099008158,"Semuto , Nakaseke","Bukatira PS",3,36.75,885.98,"10-04-2025 16:27"
84221162,"BUKATIRA PS_151",,099008151,"Semuto , Nakaseke","Bukatira PS",9,85.51,734.05,"10-04-2025 16:25"
10021412,"BUKATIRA PS_194",,099008194,"Semuto , Nakaseke","Bukatira PS",3,65.94,836.82,"10-04-2025 16:19"
17392543,"BUKATIRA PS_007",,099008007,"Semuto , Nakaseke","Bukatira PS",29,127.72,5.51,"10-04-2025 16:14"
10021412,"BUKATIRA PS_194",,099008194,"Semuto , Nakaseke","Bukatira PS",2,94.07,902.76,"10-04-2025 16:06"
17392543,"BUKATIRA PS_007",,099008007,"Semuto , Nakaseke","Bukatira PS",28,18,133.23,"10-04-2025 16:00"
17392543,"BUKATIRA PS_007",,099008007,"Semuto , Nakaseke","Bukatira PS",27,0,151.22,"10-04-2025 15:59"
17392543,"BUKATIRA PS_007",,099008007,"Semuto , Nakaseke","Bukatira PS",26,0,151.73,"10-04-2025 15:59"
13245115,"BUKATIRA PS_177",,099008177,"Semuto , Nakaseke","Bukatira PS",11,36.97,732.57,"10-04-2025 15:58"
13245115,"BUKATIRA PS_177",,099008177,"Semuto , Nakaseke","Bukatira PS",10,5.91,769.53,"10-04-2025 15:56"
13245115,"BUKATIRA PS_177",,099008177,"Semuto , Nakaseke","Bukatira PS",9,48.56,775.44,"10-04-2025 15:55"
20132131,"BUKATIRA PS_200",,099008200,"Semuto , Nakaseke","Bukatira PS",2,36.12,920.75,"10-04-2025 15:52"
13245115,"BUKATIRA PS_177",,099008177,"Semuto , Nakaseke","Bukatira PS",8,20.62,824,"10-04-2025 15:49"
13245115,"BUKATIRA PS_177",,099008177,"Semuto , Nakaseke","Bukatira PS",7,18.12,844.62,"10-04-2025 15:48"
13245115,"BUKATIRA PS_177",,099008177,"Semuto , Nakaseke","Bukatira PS",6,0,862.74,"10-04-2025 15:47"
13245115,"BUKATIRA PS_177",,099008177,"Semuto , Nakaseke","Bukatira PS",6,16.76,862.74,"10-04-2025 15:46"
17392543,"BUKATIRA PS_007",,099008007,"Semuto , Nakaseke","Bukatira PS",26,84.2,151.73,"10-04-2025 15:45"
13217212,"BUKATIRA PS_195",,099008195,"Semuto , Nakaseke","Bukatira PS",6,18.79,892.73,"10-04-2025 15:40"
13217212,"BUKATIRA PS_195",,099008195,"Semuto , Nakaseke","Bukatira PS",5,0,911.51,"10-04-2025 15:38"
13217212,"BUKATIRA PS_195",,099008195,"Semuto , Nakaseke","Bukatira PS",5,20.18,911.51,"10-04-2025 15:38"
13222312,"BUKATIRA PS_191",,099008191,"Semuto , Nakaseke","Bukatira PS",2,75.82,874.74,"10-04-2025 15:37"
17392543,"BUKATIRA PS_007",,099008007,"Semuto , Nakaseke","Bukatira PS",24,54.41,237.2,"10-04-2025 15:32"
13245115,"BUKATIRA PS_177",,099008177,"Semuto , Nakaseke","Bukatira PS",5,39.22,879.5,"10-04-2025 15:28"
17392543,"BUKATIRA PS_007",,099008007,"Semuto , Nakaseke","Bukatira PS",23,110.59,291.62,"10-04-2025 15:26"
10015130,"BUKATIRA PS_152",,099008152,"Semuto , Nakaseke","Bukatira PS",1,83.02,916.98,"10-04-2025 15:19"
10015130,"BUKATIRA PS_152",,099008152,"Semuto , Nakaseke","Bukatira PS",0,0,1000,"10-04-2025 15:14"
15759241,"BUKATIRA PS_043",,099008043,"Semuto , Nakaseke","Bukatira PS",2,1.58,993.17,"10-04-2025 15:13"
15759241,"BUKATIRA PS_043",,099008043,"Semuto , Nakaseke","Bukatira PS",1,5.25,994.75,"10-04-2025 15:12"
14116840,"BUKATIRA PS_035",,099008035,"Semuto , Nakaseke","Bukatira PS",14,0,0,"10-04-2025 15:12"
14116840,"BUKATIRA PS_035",,099008035,"Semuto , Nakaseke","Bukatira PS",14,120.29,0,"10-04-2025 15:12"
14116840,"BUKATIRA PS_035",,099008035,"Semuto , Nakaseke","Bukatira PS",13,19.66,120.13,"10-04-2025 15:04"
14116840,"BUKATIRA PS_035",,099008035,"Semuto , Nakaseke","Bukatira PS",12,20.89,139.79,"10-04-2025 15:03"
14116840,"BUKATIRA PS_035",,099008035,"Semuto , Nakaseke","Bukatira PS",11,30.64,160.67,"10-04-2025 15:02"
14116840,"BUKATIRA PS_035",,099008035,"Semuto , Nakaseke","Bukatira PS",10,100.82,191.31,"10-04-2025 15:00"
36149122,"BUKATIRA PS_166",,099008166,"Semuto , Nakaseke","Bukatira PS",6,78.38,810.53,"10-04-2025 14:53"
36149122,"BUKATIRA PS_166",,099008166,"Semuto , Nakaseke","Bukatira PS",5,13.68,888.91,"10-04-2025 14:48"
36149122,"BUKATIRA PS_166",,099008166,"Semuto , Nakaseke","Bukatira PS",4,0,902.59,"10-04-2025 14:47"
14116622,"BUKATIRA PS_018",,099008018,"Semuto , Nakaseke","Bukatira PS",30,17.35,629.8,"10-04-2025 14:47"
14116622,"BUKATIRA PS_018",,099008018,"Semuto , Nakaseke","Bukatira PS",29,14.75,647.15,"10-04-2025 14:45"
14116622,"BUKATIRA PS_018",,099008018,"Semuto , Nakaseke","Bukatira PS",28,0,661.9,"10-04-2025 14:44"
14116622,"BUKATIRA PS_018",,099008018,"Semuto , Nakaseke","Bukatira PS",27,1.93,663.38,"10-04-2025 14:44"
18017123,"BUKATIRA PS_160",,099008160,"Semuto , Nakaseke","Bukatira PS",36,8.82,365.49,"10-04-2025 14:44"
18017123,"BUKATIRA PS_160",,099008160,"Semuto , Nakaseke","Bukatira PS",35,10.57,374.32,"10-04-2025 14:43"
18017123,"BUKATIRA PS_160",,099008160,"Semuto , Nakaseke","Bukatira PS",34,0,384.89,"10-04-2025 14:42"
18017123,"BUKATIRA PS_160",,099008160,"Semuto , Nakaseke","Bukatira PS",34,0.42,384.89,"10-04-2025 14:42"
18017123,"BUKATIRA PS_160",,099008160,"Semuto , Nakaseke","Bukatira PS",34,14.02,384.89,"10-04-2025 14:42"
18017123,"BUKATIRA PS_160",,099008160,"Semuto , Nakaseke","Bukatira PS",33,9.88,398.91,"10-04-2025 14:41"
18017123,"BUKATIRA PS_160",,099008160,"Semuto , Nakaseke","Bukatira PS",32,6.56,408.79,"10-04-2025 14:40"
18017123,"BUKATIRA PS_160",,099008160,"Semuto , Nakaseke","Bukatira PS",31,0,415.35,"10-04-2025 14:39"
18017123,"BUKATIRA PS_160",,099008160,"Semuto , Nakaseke","Bukatira PS",31,10.9,415.35,"10-04-2025 14:39"
18017123,"BUKATIRA PS_160",,099008160,"Semuto , Nakaseke","Bukatira PS",30,0,426.25,"10-04-2025 14:39"
18017123,"BUKATIRA PS_160",,099008160,"Semuto , Nakaseke","Bukatira PS",30,13.28,426.25,"10-04-2025 14:37"
18017123,"BUKATIRA PS_160",,099008160,"Semuto , Nakaseke","Bukatira PS",29,0,439.53,"10-04-2025 14:36"
18017123,"BUKATIRA PS_160",,099008160,"Semuto , Nakaseke","Bukatira PS",28,0,441.44,"10-04-2025 14:36"
18017123,"BUKATIRA PS_160",,099008160,"Semuto , Nakaseke","Bukatira PS",28,0,441.44,"10-04-2025 14:35"
18017123,"BUKATIRA PS_160",,099008160,"Semuto , Nakaseke","Bukatira PS",28,9.8,441.44,"10-04-2025 14:35"
18017123,"BUKATIRA PS_160",,099008160,"Semuto , Nakaseke","Bukatira PS",27,29.77,451.24,"10-04-2025 14:34"
18017123,"BUKATIRA PS_160",,099008160,"Semuto , Nakaseke","Bukatira PS",26,0,481.01,"10-04-2025 14:33"
18017123,"BUKATIRA PS_160",,099008160,"Semuto , Nakaseke","Bukatira PS",26,38.68,481.01,"10-04-2025 14:32"
11633128,"BUKATIRA PS_170",,099008170,"Semuto , Nakaseke","Bukatira PS",1,85.73,914.27,"10-04-2025 14:29"
17392543,"BUKATIRA PS_007",,099008007,"Semuto , Nakaseke","Bukatira PS",22,45.95,402.21,"10-04-2025 14:24"
17392543,"BUKATIRA PS_007",,099008007,"Semuto , Nakaseke","Bukatira PS",21,62.25,448.16,"10-04-2025 14:21"
17392543,"BUKATIRA PS_007",,099008007,"Semuto , Nakaseke","Bukatira PS",20,0,510.41,"10-04-2025 14:17"
18017123,"BUKATIRA PS_160",,099008160,"Semuto , Nakaseke","Bukatira PS",25,31.61,519.69,"10-04-2025 14:17"
18017123,"BUKATIRA PS_160",,099008160,"Semuto , Nakaseke","Bukatira PS",24,0,551.31,"10-04-2025 14:15"
18017123,"BUKATIRA PS_160",,099008160,"Semuto , Nakaseke","Bukatira PS",23,0,552.59,"10-04-2025 14:14"
18017123,"BUKATIRA PS_160",,099008160,"Semuto , Nakaseke","Bukatira PS",23,35.37,552.59,"10-04-2025 14:14"
18017123,"BUKATIRA PS_160",,099008160,"Semuto , Nakaseke","Bukatira PS",22,0,587.96,"10-04-2025 14:12"
18017123,"BUKATIRA PS_160",,099008160,"Semuto , Nakaseke","Bukatira PS",21,38.5,589.42,"10-04-2025 14:11"
18017123,"BUKATIRA PS_160",,099008160,"Semuto , Nakaseke","Bukatira PS",20,0,627.92,"10-04-2025 14:09"
10010012,"BUKATIRA PS_198",,099008198,"Semuto , Nakaseke","Bukatira PS",9,99.92,515.33,"10-04-2025 14:08"
10010012,"BUKATIRA PS_198",,099008198,"Semuto , Nakaseke","Bukatira PS",8,0,615.25,"10-04-2025 14:02"
14819411,"BUKATIRA PS_155",,099008155,"Semuto , Nakaseke","Bukatira PS",1,61.67,938.33,"10-04-2025 14:01"
14819411,"BUKATIRA PS_155",,099008155,"Semuto , Nakaseke","Bukatira PS",0,0,1000,"10-04-2025 13:55"
18030117,"BUKATIRA PS_174",,099008174,"Semuto , Nakaseke","Bukatira PS",4,66.76,308.39,"10-04-2025 13:55"
18030117,"BUKATIRA PS_174",,099008174,"Semuto , Nakaseke","Bukatira PS",3,0,375.15,"10-04-2025 13:49"
14116622,"BUKATIRA PS_018",,099008018,"Semuto , Nakaseke","Bukatira PS",26,0,665.32,"10-04-2025 13:43"
14116622,"BUKATIRA PS_018",,099008018,"Semuto , Nakaseke","Bukatira PS",26,17,665.32,"10-04-2025 13:43"
14116622,"BUKATIRA PS_018",,099008018,"Semuto , Nakaseke","Bukatira PS",25,0,682.32,"10-04-2025 13:41"
14116622,"BUKATIRA PS_018",,099008018,"Semuto , Nakaseke","Bukatira PS",25,1.57,682.32,"10-04-2025 13:41"
14116622,"BUKATIRA PS_018",,099008018,"Semuto , Nakaseke","Bukatira PS",24,3.05,683.89,"10-04-2025 13:41"
14116622,"BUKATIRA PS_018",,099008018,"Semuto , Nakaseke","Bukatira PS",23,0,686.94,"10-04-2025 13:40"
14116622,"BUKATIRA PS_018",,099008018,"Semuto , Nakaseke","Bukatira PS",23,4.43,686.94,"10-04-2025 13:40"
14116622,"BUKATIRA PS_018",,099008018,"Semuto , Nakaseke","Bukatira PS",22,7.48,691.37,"10-04-2025 13:39"
14116622,"BUKATIRA PS_018",,099008018,"Semuto , Nakaseke","Bukatira PS",20,0,700.7,"10-04-2025 13:39"
14116622,"BUKATIRA PS_018",,099008018,"Semuto , Nakaseke","Bukatira PS",20,6.46,700.7,"10-04-2025 13:39"
14116622,"BUKATIRA PS_018",,099008018,"Semuto , Nakaseke","Bukatira PS",21,0,698.86,"10-04-2025 13:38"
14116622,"BUKATIRA PS_018",,099008018,"Semuto , Nakaseke","Bukatira PS",19,3.42,707.16,"10-04-2025 13:38"
14116622,"BUKATIRA PS_018",,099008018,"Semuto , Nakaseke","Bukatira PS",18,0,710.58,"10-04-2025 13:37"
10010012,"BUKATIRA PS_198",,099008198,"Semuto , Nakaseke","Bukatira PS",8,97.26,615.25,"10-04-2025 13:37"
11617612,"BUKATIRA PS_172",,099008172,"Semuto , Nakaseke","Bukatira PS",8,45.41,848.18,"10-04-2025 13:30"
11617612,"BUKATIRA PS_172",,099008172,"Semuto , Nakaseke","Bukatira PS",7,32.71,893.59,"10-04-2025 13:27"
11617612,"BUKATIRA PS_172",,099008172,"Semuto , Nakaseke","Bukatira PS",6,0,926.3,"10-04-2025 13:25"
11617612,"BUKATIRA PS_172",,099008172,"Semuto , Nakaseke","Bukatira PS",6,8.17,926.3,"10-04-2025 13:24"
11617612,"BUKATIRA PS_172",,099008172,"Semuto , Nakaseke","Bukatira PS",5,19.86,934.48,"10-04-2025 13:24"
11617612,"BUKATIRA PS_172",,099008172,"Semuto , Nakaseke","Bukatira PS",4,0,954.33,"10-04-2025 13:22"
11617612,"BUKATIRA PS_172",,099008172,"Semuto , Nakaseke","Bukatira PS",3,16.14,955.17,"10-04-2025 13:22"
11617612,"BUKATIRA PS_172",,099008172,"Semuto , Nakaseke","Bukatira PS",2,0,971.31,"10-04-2025 13:21"
14118378,"BUKATIRA PS_038",,099008038,"Semuto , Nakaseke","Bukatira PS",1,43.68,956.32,"10-04-2025 13:04"
14118378,"BUKATIRA PS_038",,099008038,"Semuto , Nakaseke","Bukatira PS",0,0,1000,"10-04-2025 13:01"
14116622,"BUKATIRA PS_018",,099008018,"Semuto , Nakaseke","Bukatira PS",18,16.44,710.58,"10-04-2025 12:07"
14116622,"BUKATIRA PS_018",,099008018,"Semuto , Nakaseke","Bukatira PS",17,3.53,727.02,"10-04-2025 12:05"
14116622,"BUKATIRA PS_018",,099008018,"Semuto , Nakaseke","Bukatira PS",16,0,730.55,"10-04-2025 12:05"
14116622,"BUKATIRA PS_018",,099008018,"Semuto , Nakaseke","Bukatira PS",16,26.97,730.55,"10-04-2025 12:04"
14116622,"BUKATIRA PS_018",,099008018,"Semuto , Nakaseke","Bukatira PS",15,0,757.52,"10-04-2025 12:01"
14114725,"BUKATIRA PS_012",,099008012,"Semuto , Nakaseke","Bukatira PS",14,30.32,428.31,"10-04-2025 11:58"
14114725,"BUKATIRA PS_012",,099008012,"Semuto , Nakaseke","Bukatira PS",13,0,458.63,"10-04-2025 11:56"
21218111,"BUKATIRA PS_181",,099008181,"Semuto , Nakaseke","Bukatira PS",5,8.41,928.15,"10-04-2025 11:39"
14116622,"BUKATIRA PS_018",,099008018,"Semuto , Nakaseke","Bukatira PS",15,3.95,757.52,"10-04-2025 11:39"
21218111,"BUKATIRA PS_181",,099008181,"Semuto , Nakaseke","Bukatira PS",4,0.28,936.55,"10-04-2025 11:38"
21218111,"BUKATIRA PS_181",,099008181,"Semuto , Nakaseke","Bukatira PS",4,6.08,936.55,"10-04-2025 11:38"
21218111,"BUKATIRA PS_181",,099008181,"Semuto , Nakaseke","Bukatira PS",3,0,942.64,"10-04-2025 11:37"
21218111,"BUKATIRA PS_181",,099008181,"Semuto , Nakaseke","Bukatira PS",3,1.82,942.64,"10-04-2025 11:37"
21218111,"BUKATIRA PS_181",,099008181,"Semuto , Nakaseke","Bukatira PS",2,0,944.46,"10-04-2025 11:36"
21218111,"BUKATIRA PS_181",,099008181,"Semuto , Nakaseke","Bukatira PS",2,0,944.46,"10-04-2025 11:36"
21218111,"BUKATIRA PS_181",,099008181,"Semuto , Nakaseke","Bukatira PS",2,0,944.46,"10-04-2025 11:36"
14116622,"BUKATIRA PS_018",,099008018,"Semuto , Nakaseke","Bukatira PS",14,22.27,761.47,"10-04-2025 11:35"
14116622,"BUKATIRA PS_018",,099008018,"Semuto , Nakaseke","Bukatira PS",13,6.39,783.75,"10-04-2025 11:33"
14116622,"BUKATIRA PS_018",,099008018,"Semuto , Nakaseke","Bukatira PS",12,21.53,790.14,"10-04-2025 11:32"
14116622,"BUKATIRA PS_018",,099008018,"Semuto , Nakaseke","Bukatira PS",11,0,811.67,"10-04-2025 11:30"
14114725,"BUKATIRA PS_012",,099008012,"Semuto , Nakaseke","Bukatira PS",13,12.76,458.63,"10-04-2025 11:14"
14114725,"BUKATIRA PS_012",,099008012,"Semuto , Nakaseke","Bukatira PS",12,0,471.39,"10-04-2025 11:13"
14114725,"BUKATIRA PS_012",,099008012,"Semuto , Nakaseke","Bukatira PS",12,3.55,471.39,"10-04-2025 11:12"
14114725,"BUKATIRA PS_012",,099008012,"Semuto , Nakaseke","Bukatira PS",11,0.77,474.95,"10-04-2025 11:11"
14114725,"BUKATIRA PS_012",,099008012,"Semuto , Nakaseke","Bukatira PS",10,0,475.72,"10-04-2025 11:11"
14114725,"BUKATIRA PS_012",,099008012,"Semuto , Nakaseke","Bukatira PS",10,0.81,475.72,"10-04-2025 10:59"
14114725,"BUKATIRA PS_012",,099008012,"Semuto , Nakaseke","Bukatira PS",9,0,476.52,"10-04-2025 10:58"
42071232,"BUKATIRA PS_176",,099008176,"Semuto , Nakaseke","Bukatira PS",7,3.6,906.31,"10-04-2025 10:16"
42071232,"BUKATIRA PS_176",,099008176,"Semuto , Nakaseke","Bukatira PS",6,0,909.91,"10-04-2025 10:16"
42071232,"BUKATIRA PS_176",,099008176,"Semuto , Nakaseke","Bukatira PS",6,20.24,909.91,"10-04-2025 10:15"
42071232,"BUKATIRA PS_176",,099008176,"Semuto , Nakaseke","Bukatira PS",5,0,930.15,"10-04-2025 10:14"
42071232,"BUKATIRA PS_176",,099008176,"Semuto , Nakaseke","Bukatira PS",5,1.12,930.15,"10-04-2025 10:13"
42071232,"BUKATIRA PS_176",,099008176,"Semuto , Nakaseke","Bukatira PS",4,0,931.27,"10-04-2025 10:12"
42071232,"BUKATIRA PS_176",,099008176,"Semuto , Nakaseke","Bukatira PS",4,0,931.27,"10-04-2025 10:08"
42071232,"BUKATIRA PS_176",,099008176,"Semuto , Nakaseke","Bukatira PS",4,3.26,931.27,"10-04-2025 10:07"
42071232,"BUKATIRA PS_176",,099008176,"Semuto , Nakaseke","Bukatira PS",3,0,934.53,"10-04-2025 10:07"
42071232,"BUKATIRA PS_176",,099008176,"Semuto , Nakaseke","Bukatira PS",2,0,935.35,"10-04-2025 10:06"
14114725,"BUKATIRA PS_012",,099008012,"Semuto , Nakaseke","Bukatira PS",9,5.37,476.52,"10-04-2025 10:04"
14114725,"BUKATIRA PS_012",,099008012,"Semuto , Nakaseke","Bukatira PS",8,0,481.89,"10-04-2025 10:03"
14114725,"BUKATIRA PS_012",,099008012,"Semuto , Nakaseke","Bukatira PS",8,48.46,481.89,"10-04-2025 10:02"
14114725,"BUKATIRA PS_012",,099008012,"Semuto , Nakaseke","Bukatira PS",7,0,530.35,"10-04-2025 09:59"
42071232,"BUKATIRA PS_176",,099008176,"Semuto , Nakaseke","Bukatira PS",2,34.87,935.35,"10-04-2025 09:59"
42071232,"BUKATIRA PS_176",,099008176,"Semuto , Nakaseke","Bukatira PS",1,0,970.23,"10-04-2025 09:56"
14117521,"BUKATIRA PS_030",,099008030,"Semuto , Nakaseke","Bukatira PS",6,41.6,333.4,"10-04-2025 09:55"
14117521,"BUKATIRA PS_030",,099008030,"Semuto , Nakaseke","Bukatira PS",5,26.18,375,"10-04-2025 09:53"
14117521,"BUKATIRA PS_030",,099008030,"Semuto , Nakaseke","Bukatira PS",4,2.41,401.18,"10-04-2025 09:51"
14117521,"BUKATIRA PS_030",,099008030,"Semuto , Nakaseke","Bukatira PS",3,211.86,403.59,"10-04-2025 09:51"
14117521,"BUKATIRA PS_030",,099008030,"Semuto , Nakaseke","Bukatira PS",2,0,615.45,"10-04-2025 09:37"
14117521,"BUKATIRA PS_030",,099008030,"Semuto , Nakaseke","Bukatira PS",2,42.07,615.45,"10-04-2025 09:37"
14117521,"BUKATIRA PS_030",,099008030,"Semuto , Nakaseke","Bukatira PS",1,0,657.52,"10-04-2025 09:33"
18017123,"BUKATIRA PS_160",,099008160,"Semuto , Nakaseke","Bukatira PS",19,0,629.31,"10-04-2025 09:25"
17392543,"BUKATIRA PS_007",,099008007,"Semuto , Nakaseke","Bukatira PS",20,15.29,510.41,"10-04-2025 09:17"
17392543,"BUKATIRA PS_007",,099008007,"Semuto , Nakaseke","Bukatira PS",19,0,525.7,"10-04-2025 09:16"
17392543,"BUKATIRA PS_007",,099008007,"Semuto , Nakaseke","Bukatira PS",19,17.02,525.7,"10-04-2025 09:15"
17392543,"BUKATIRA PS_007",,099008007,"Semuto , Nakaseke","Bukatira PS",18,11.03,542.72,"10-04-2025 09:14"
17392543,"BUKATIRA PS_007",,099008007,"Semuto , Nakaseke","Bukatira PS",17,0,553.75,"10-04-2025 09:13"
17392543,"BUKATIRA PS_007",,099008007,"Semuto , Nakaseke","Bukatira PS",17,14.28,553.75,"10-04-2025 09:07"
17392543,"BUKATIRA PS_007",,099008007,"Semuto , Nakaseke","Bukatira PS",16,0,568.03,"10-04-2025 09:05"
17392543,"BUKATIRA PS_007",,099008007,"Semuto , Nakaseke","Bukatira PS",16,0.46,568.03,"10-04-2025 09:05"
17392543,"BUKATIRA PS_007",,099008007,"Semuto , Nakaseke","Bukatira PS",16,0,568.03,"10-04-2025 09:05"
18017123,"BUKATIRA PS_160",,099008160,"Semuto , Nakaseke","Bukatira PS",19,16.07,629.31,"10-04-2025 09:04"
18017123,"BUKATIRA PS_160",,099008160,"Semuto , Nakaseke","Bukatira PS",18,0,645.37,"10-04-2025 09:02"
18017123,"BUKATIRA PS_160",,099008160,"Semuto , Nakaseke","Bukatira PS",18,12.3,645.37,"10-04-2025 09:02"
18017123,"BUKATIRA PS_160",,099008160,"Semuto , Nakaseke","Bukatira PS",17,0,657.67,"10-04-2025 09:01"
18017123,"BUKATIRA PS_160",,099008160,"Semuto , Nakaseke","Bukatira PS",16,0,658.4,"10-04-2025 09:01"
18017123,"BUKATIRA PS_160",,099008160,"Semuto , Nakaseke","Bukatira PS",16,23.54,658.4,"10-04-2025 09:01"
18017123,"BUKATIRA PS_160",,099008160,"Semuto , Nakaseke","Bukatira PS",15,0,681.94,"10-04-2025 08:59"
18017123,"BUKATIRA PS_160",,099008160,"Semuto , Nakaseke","Bukatira PS",15,0.48,681.94,"10-04-2025 08:58"
18017123,"BUKATIRA PS_160",,099008160,"Semuto , Nakaseke","Bukatira PS",15,5.59,681.94,"10-04-2025 08:57"
18017123,"BUKATIRA PS_160",,099008160,"Semuto , Nakaseke","Bukatira PS",14,0,687.53,"10-04-2025 08:57"
18017123,"BUKATIRA PS_160",,099008160,"Semuto , Nakaseke","Bukatira PS",14,36.3,687.53,"10-04-2025 08:57"
18017123,"BUKATIRA PS_160",,099008160,"Semuto , Nakaseke","Bukatira PS",13,0.29,723.83,"10-04-2025 08:53"
18017123,"BUKATIRA PS_160",,099008160,"Semuto , Nakaseke","Bukatira PS",13,0,723.83,"10-04-2025 08:52"
18017123,"BUKATIRA PS_160",,099008160,"Semuto , Nakaseke","Bukatira PS",13,0,723.83,"10-04-2025 08:52"
18017123,"BUKATIRA PS_160",,099008160,"Semuto , Nakaseke","Bukatira PS",13,0,723.83,"10-04-2025 08:52"
18017123,"BUKATIRA PS_160",,099008160,"Semuto , Nakaseke","Bukatira PS",13,0,723.83,"10-04-2025 08:51"
18017123,"BUKATIRA PS_160",,099008160,"Semuto , Nakaseke","Bukatira PS",12,0,725.2,"10-04-2025 08:50"
18017123,"BUKATIRA PS_160",,099008160,"Semuto , Nakaseke","Bukatira PS",12,8.22,725.2,"10-04-2025 08:50"
18017123,"BUKATIRA PS_160",,099008160,"Semuto , Nakaseke","Bukatira PS",11,1.94,733.42,"10-04-2025 08:48"
18017123,"BUKATIRA PS_160",,099008160,"Semuto , Nakaseke","Bukatira PS",10,37.35,735.36,"10-04-2025 08:48"
18017123,"BUKATIRA PS_160",,099008160,"Semuto , Nakaseke","Bukatira PS",9,0,772.71,"10-04-2025 08:43"
17392543,"BUKATIRA PS_007",,099008007,"Semuto , Nakaseke","Bukatira PS",16,0,568.03,"10-04-2025 08:42"
17392543,"BUKATIRA PS_007",,099008007,"Semuto , Nakaseke","Bukatira PS",16,1.6,568.03,"10-04-2025 08:42"
17392543,"BUKATIRA PS_007",,099008007,"Semuto , Nakaseke","Bukatira PS",15,16.32,569.62,"10-04-2025 08:42"
17392543,"BUKATIRA PS_007",,099008007,"Semuto , Nakaseke","Bukatira PS",14,1.67,585.95,"10-04-2025 08:41"
17392543,"BUKATIRA PS_007",,099008007,"Semuto , Nakaseke","Bukatira PS",13,26.17,587.62,"10-04-2025 08:40"
17392543,"BUKATIRA PS_007",,099008007,"Semuto , Nakaseke","Bukatira PS",12,6.04,613.79,"10-04-2025 08:38"
17392543,"BUKATIRA PS_007",,099008007,"Semuto , Nakaseke","Bukatira PS",11,2.79,619.83,"10-04-2025 08:37"
17392543,"BUKATIRA PS_007",,099008007,"Semuto , Nakaseke","Bukatira PS",10,0,622.63,"10-04-2025 08:37"
17392543,"BUKATIRA PS_007",,099008007,"Semuto , Nakaseke","Bukatira PS",10,37.34,622.63,"10-04-2025 08:36"
17392543,"BUKATIRA PS_007",,099008007,"Semuto , Nakaseke","Bukatira PS",9,0,659.97,"10-04-2025 08:33"
20132131,"BUKATIRA PS_200",,099008200,"Semuto , Nakaseke","Bukatira PS",1,43.13,956.87,"10-04-2025 08:33"
20132131,"BUKATIRA PS_200",,099008200,"Semuto , Nakaseke","Bukatira PS",12586,0,0,"10-04-2025 08:30"
17392543,"BUKATIRA PS_007",,099008007,"Semuto , Nakaseke","Bukatira PS",9,0,659.97,"10-04-2025 08:27"
17392543,"BUKATIRA PS_007",,099008007,"Semuto , Nakaseke","Bukatira PS",9,0,659.97,"10-04-2025 08:27"
17392543,"BUKATIRA PS_007",,099008007,"Semuto , Nakaseke","Bukatira PS",8,0,660.7,"10-04-2025 08:27"
13222312,"BUKATIRA PS_191",,099008191,"Semuto , Nakaseke","Bukatira PS",1,0.15,950.56,"10-04-2025 08:14"
13222312,"BUKATIRA PS_191",,099008191,"Semuto , Nakaseke","Bukatira PS",1,49.44,950.56,"10-04-2025 08:13"
13222312,"BUKATIRA PS_191",,099008191,"Semuto , Nakaseke","Bukatira PS",0,0,1000,"10-04-2025 08:09"
13210132,"BUKATIRA PS_187",,099008187,"Semuto , Nakaseke","Bukatira PS",2,137.72,860.53,"10-04-2025 08:07"
13210132,"BUKATIRA PS_187",,099008187,"Semuto , Nakaseke","Bukatira PS",1,0,998.25,"10-04-2025 07:57"
18030117,"BUKATIRA PS_174",,099008174,"Semuto , Nakaseke","Bukatira PS",3,231.04,375.15,"10-04-2025 07:32"
18030117,"BUKATIRA PS_174",,099008174,"Semuto , Nakaseke","Bukatira PS",2,0,606.2,"10-04-2025 07:15"
42071232,"BUKATIRA PS_176",,099008176,"Semuto , Nakaseke","Bukatira PS",1,29.77,970.23,"10-04-2025 06:53"
42071232,"BUKATIRA PS_176",,099008176,"Semuto , Nakaseke","Bukatira PS",0,0,1000,"10-04-2025 06:51"
18030117,"BUKATIRA PS_174",,099008174,"Semuto , Nakaseke","Bukatira PS",2,198.32,606.2,"10-04-2025 06:36"
18030117,"BUKATIRA PS_174",,099008174,"Semuto , Nakaseke","Bukatira PS",1,0,804.52,"10-04-2025 06:22"
18030117,"BUKATIRA PS_174",,099008174,"Semuto , Nakaseke","Bukatira PS",1,0,804.52,"10-04-2025 06:21"
84913122,"BUKATIRA PS_171",,099008171,"Semuto , Nakaseke","Bukatira PS",2,23.01,975.71,"10-04-2025 06:20"
84913122,"BUKATIRA PS_171",,099008171,"Semuto , Nakaseke","Bukatira PS",1,0,998.72,"10-04-2025 06:19"
18017123,"BUKATIRA PS_160",,099008160,"Semuto , Nakaseke","Bukatira PS",9,38.14,772.71,"10-04-2025 06:00"
18017123,"BUKATIRA PS_160",,099008160,"Semuto , Nakaseke","Bukatira PS",8,0,810.85,"10-04-2025 05:56"
18017123,"BUKATIRA PS_160",,099008160,"Semuto , Nakaseke","Bukatira PS",8,34.65,810.85,"10-04-2025 05:55"
18017123,"BUKATIRA PS_160",,099008160,"Semuto , Nakaseke","Bukatira PS",7,0,845.5,"10-04-2025 05:53"
18017123,"BUKATIRA PS_160",,099008160,"Semuto , Nakaseke","Bukatira PS",7,26.56,845.5,"10-04-2025 05:52"
18017123,"BUKATIRA PS_160",,099008160,"Semuto , Nakaseke","Bukatira PS",6,9.53,872.06,"10-04-2025 05:50"
18017123,"BUKATIRA PS_160",,099008160,"Semuto , Nakaseke","Bukatira PS",5,0,881.59,"10-04-2025 05:49"
18030117,"BUKATIRA PS_174",,099008174,"Semuto , Nakaseke","Bukatira PS",1,195.48,804.52,"10-04-2025 05:49"
18030117,"BUKATIRA PS_174",,099008174,"Semuto , Nakaseke","Bukatira PS",0,0,1000,"10-04-2025 05:36"
13267121,"BUKATIRA PS_179",,099008179,"Semuto , Nakaseke","Bukatira PS",4,47.32,901.68,"10-04-2025 05:36"
14117521,"BUKATIRA PS_030",,099008030,"Semuto , Nakaseke","Bukatira PS",1,342.48,657.52,"10-04-2025 05:32"
14119114,"BUKATIRA PS_009",,099008009,"Semuto , Nakaseke","Bukatira PS",2,42.82,914.46,"10-04-2025 05:11"
14119114,"BUKATIRA PS_009",,099008009,"Semuto , Nakaseke","Bukatira PS",1,0,957.28,"10-04-2025 05:09"
14114725,"BUKATIRA PS_012",,099008012,"Semuto , Nakaseke","Bukatira PS",7,363.45,530.35,"10-04-2025 05:08"
84216121,"BUKATIRA PS_158",,099008158,"Semuto , Nakaseke","Bukatira PS",2,39.19,922.73,"10-04-2025 04:47"
84216121,"BUKATIRA PS_158",,099008158,"Semuto , Nakaseke","Bukatira PS",1,0,961.92,"10-04-2025 04:45"
14114725,"BUKATIRA PS_012",,099008012,"Semuto , Nakaseke","Bukatira PS",6,39.57,893.81,"10-04-2025 04:45"
14114725,"BUKATIRA PS_012",,099008012,"Semuto , Nakaseke","Bukatira PS",5,0,933.38,"10-04-2025 04:42"
14114725,"BUKATIRA PS_012",,099008012,"Semuto , Nakaseke","Bukatira PS",5,36.17,933.38,"10-04-2025 04:41"
14114725,"BUKATIRA PS_012",,099008012,"Semuto , Nakaseke","Bukatira PS",4,4.63,969.56,"10-04-2025 04:39"
14114725,"BUKATIRA PS_012",,099008012,"Semuto , Nakaseke","Bukatira PS",4,0,969.56,"10-04-2025 04:39"
14114725,"BUKATIRA PS_012",,099008012,"Semuto , Nakaseke","Bukatira PS",3,18.97,974.19,"10-04-2025 04:38"
14114725,"BUKATIRA PS_012",,099008012,"Semuto , Nakaseke","Bukatira PS",2,0,993.15,"10-04-2025 04:37"
14114725,"BUKATIRA PS_012",,099008012,"Semuto , Nakaseke","Bukatira PS",1,5.15,994.85,"10-04-2025 04:36"
14114725,"BUKATIRA PS_012",,099008012,"Semuto , Nakaseke","Bukatira PS",0,0,1000,"10-04-2025 04:36"
14116840,"BUKATIRA PS_035",,099008035,"Semuto , Nakaseke","Bukatira PS",9,0,292.13,"10-04-2025 04:31"
14116840,"BUKATIRA PS_035",,099008035,"Semuto , Nakaseke","Bukatira PS",9,2.54,292.13,"10-04-2025 04:30"
14116840,"BUKATIRA PS_035",,099008035,"Semuto , Nakaseke","Bukatira PS",8,20.66,294.67,"10-04-2025 04:30"
14116840,"BUKATIRA PS_035",,099008035,"Semuto , Nakaseke","Bukatira PS",7,257.2,315.33,"10-04-2025 04:29"
14116840,"BUKATIRA PS_035",,099008035,"Semuto , Nakaseke","Bukatira PS",6,0,572.52,"10-04-2025 04:12"
14116840,"BUKATIRA PS_035",,099008035,"Semuto , Nakaseke","Bukatira PS",5,0,574.4,"10-04-2025 04:12"
10010012,"BUKATIRA PS_198",,099008198,"Semuto , Nakaseke","Bukatira PS",7,42.32,712.5,"10-04-2025 03:53"
10010012,"BUKATIRA PS_198",,099008198,"Semuto , Nakaseke","Bukatira PS",6,0,754.82,"10-04-2025 03:50"
10010012,"BUKATIRA PS_198",,099008198,"Semuto , Nakaseke","Bukatira PS",6,42.93,754.82,"10-04-2025 03:50"
10010012,"BUKATIRA PS_198",,099008198,"Semuto , Nakaseke","Bukatira PS",5,2.83,797.75,"10-04-2025 03:47"
10010012,"BUKATIRA PS_198",,099008198,"Semuto , Nakaseke","Bukatira PS",4,0,800.58,"10-04-2025 03:46"
10010012,"BUKATIRA PS_198",,099008198,"Semuto , Nakaseke","Bukatira PS",4,34.29,800.58,"10-04-2025 00:04"
10010012,"BUKATIRA PS_198",,099008198,"Semuto , Nakaseke","Bukatira PS",3,0,834.87,"10-04-2025 00:01"
14119114,"BUKATIRA PS_009",,099008009,"Semuto , Nakaseke","Bukatira PS",1,42.72,957.28,"09-04-2025 18:26"
14119114,"BUKATIRA PS_009",,099008009,"Semuto , Nakaseke","Bukatira PS",0,0,1000,"09-04-2025 18:22"
16411412,"BUKATIRA PS_180",,099008180,"Semuto , Nakaseke","Bukatira PS",3,0,874.31,"09-04-2025 17:38"
16411412,"BUKATIRA PS_180",,099008180,"Semuto , Nakaseke","Bukatira PS",3,98.27,874.31,"09-04-2025 17:38"
16411412,"BUKATIRA PS_180",,099008180,"Semuto , Nakaseke","Bukatira PS",2,8.49,972.58,"09-04-2025 17:31"
16411412,"BUKATIRA PS_180",,099008180,"Semuto , Nakaseke","Bukatira PS",1,0,981.07,"09-04-2025 17:30"
16411412,"BUKATIRA PS_180",,099008180,"Semuto , Nakaseke","Bukatira PS",1,0,981.07,"09-04-2025 17:29"
16411412,"BUKATIRA PS_180",,099008180,"Semuto , Nakaseke","Bukatira PS",1,0,981.07,"09-04-2025 17:29"
13267121,"BUKATIRA PS_179",,099008179,"Semuto , Nakaseke","Bukatira PS",3,36.48,949,"09-04-2025 16:49"
13267121,"BUKATIRA PS_179",,099008179,"Semuto , Nakaseke","Bukatira PS",2,0,985.48,"09-04-2025 16:47"
13267121,"BUKATIRA PS_179",,099008179,"Semuto , Nakaseke","Bukatira PS",2,8,985.48,"09-04-2025 16:47"
13267121,"BUKATIRA PS_179",,099008179,"Semuto , Nakaseke","Bukatira PS",1,6.53,993.47,"09-04-2025 16:46"
16421812,"BUKATIRA PS_197",,099008197,"Semuto , Nakaseke","Bukatira PS",3,61.14,880.99,"09-04-2025 16:46"
49412922,"BUKATIRA PS_190",,099008190,"Semuto , Nakaseke","Bukatira PS",4,38.15,878.86,"09-04-2025 16:41"
14116622,"BUKATIRA PS_018",,099008018,"Semuto , Nakaseke","Bukatira PS",11,38.55,811.67,"09-04-2025 16:39"
14116622,"BUKATIRA PS_018",,099008018,"Semuto , Nakaseke","Bukatira PS",10,0,850.22,"09-04-2025 16:36"
16411412,"BUKATIRA PS_180",,099008180,"Semuto , Nakaseke","Bukatira PS",1,18.93,981.07,"09-04-2025 16:36"
16411412,"BUKATIRA PS_180",,099008180,"Semuto , Nakaseke","Bukatira PS",0,0,1000,"09-04-2025 16:35"
84221162,"BUKATIRA PS_151",,099008151,"Semuto , Nakaseke","Bukatira PS",8,0,819.56,"09-04-2025 16:34"
84221162,"BUKATIRA PS_151",,099008151,"Semuto , Nakaseke","Bukatira PS",8,45.64,819.56,"09-04-2025 16:34"
84221162,"BUKATIRA PS_151",,099008151,"Semuto , Nakaseke","Bukatira PS",7,7.34,865.2,"09-04-2025 16:31"
84221162,"BUKATIRA PS_151",,099008151,"Semuto , Nakaseke","Bukatira PS",6,20,872.54,"09-04-2025 16:30"
84221162,"BUKATIRA PS_151",,099008151,"Semuto , Nakaseke","Bukatira PS",5,11.83,892.54,"09-04-2025 16:29"
84221162,"BUKATIRA PS_151",,099008151,"Semuto , Nakaseke","Bukatira PS",4,7.59,904.36,"09-04-2025 16:28"
19617131,"BUKATIRA PS_159",,099008159,"Semuto , Nakaseke","Bukatira PS",4,43.87,625.59,"09-04-2025 16:28"
19617131,"BUKATIRA PS_159",,099008159,"Semuto , Nakaseke","Bukatira PS",3,0,669.46,"09-04-2025 16:27"
19617131,"BUKATIRA PS_159",,099008159,"Semuto , Nakaseke","Bukatira PS",3,0,669.46,"09-04-2025 16:25"
49412922,"BUKATIRA PS_190",,099008190,"Semuto , Nakaseke","Bukatira PS",3,42.19,917.01,"09-04-2025 16:25"
15715147,"BUKATIRA PS_060",,099008060,"Semuto , Nakaseke","Bukatira PS",1,121.18,878.82,"09-04-2025 16:23"
15715147,"BUKATIRA PS_060",,099008060,"Semuto , Nakaseke","Bukatira PS",0,0,1000,"09-04-2025 16:16"
42111722,"BUKATIRA PS_173",,099008173,"Semuto , Nakaseke","Bukatira PS",3,34,890.05,"09-04-2025 16:16"
42111722,"BUKATIRA PS_173",,099008173,"Semuto , Nakaseke","Bukatira PS",2,37.59,924.06,"09-04-2025 16:13"
42111722,"BUKATIRA PS_173",,099008173,"Semuto , Nakaseke","Bukatira PS",1,0,961.65,"09-04-2025 16:11"
42111722,"BUKATIRA PS_173",,099008173,"Semuto , Nakaseke","Bukatira PS",1,38.35,961.65,"09-04-2025 16:11"
42111722,"BUKATIRA PS_173",,099008173,"Semuto , Nakaseke","Bukatira PS",0,0,1000,"09-04-2025 16:08"
42111722,"BUKATIRA PS_173",,099008173,"Semuto , Nakaseke","Bukatira PS",0,0,1000,"09-04-2025 16:08"
18017123,"BUKATIRA PS_160",,099008160,"Semuto , Nakaseke","Bukatira PS",5,28.47,881.59,"09-04-2025 16:08"
18017123,"BUKATIRA PS_160",,099008160,"Semuto , Nakaseke","Bukatira PS",4,13.02,910.06,"09-04-2025 16:06"
18017123,"BUKATIRA PS_160",,099008160,"Semuto , Nakaseke","Bukatira PS",3,0,923.08,"09-04-2025 16:05"
18017123,"BUKATIRA PS_160",,099008160,"Semuto , Nakaseke","Bukatira PS",3,39.65,923.08,"09-04-2025 16:04"
18017123,"BUKATIRA PS_160",,099008160,"Semuto , Nakaseke","Bukatira PS",2,0.46,962.73,"09-04-2025 16:03"
18017123,"BUKATIRA PS_160",,099008160,"Semuto , Nakaseke","Bukatira PS",2,0.46,962.73,"09-04-2025 16:02"
18017123,"BUKATIRA PS_160",,099008160,"Semuto , Nakaseke","Bukatira PS",2,36.23,962.73,"09-04-2025 16:02"
18017123,"BUKATIRA PS_160",,099008160,"Semuto , Nakaseke","Bukatira PS",1,0,998.96,"09-04-2025 15:59"
13245115,"BUKATIRA PS_177",,099008177,"Semuto , Nakaseke","Bukatira PS",4,17.99,918.72,"09-04-2025 15:59"
13245115,"BUKATIRA PS_177",,099008177,"Semuto , Nakaseke","Bukatira PS",3,23.04,936.71,"09-04-2025 15:57"
21811521,"BUKATIRA PS_094",,099008094,"Semuto , Nakaseke","Bukatira PS",2,39.29,877.92,"09-04-2025 15:55"
21811521,"BUKATIRA PS_094",,099008094,"Semuto , Nakaseke","Bukatira PS",1,0,917.21,"09-04-2025 15:53"
16421812,"BUKATIRA PS_197",,099008197,"Semuto , Nakaseke","Bukatira PS",2,57.17,942.12,"09-04-2025 15:52"
84221162,"BUKATIRA PS_151",,099008151,"Semuto , Nakaseke","Bukatira PS",3,34.3,911.96,"09-04-2025 15:49"
84221162,"BUKATIRA PS_151",,099008151,"Semuto , Nakaseke","Bukatira PS",2,0,946.26,"09-04-2025 15:47"
49412922,"BUKATIRA PS_190",,099008190,"Semuto , Nakaseke","Bukatira PS",2,34.34,959.2,"09-04-2025 15:46"
49412922,"BUKATIRA PS_190",,099008190,"Semuto , Nakaseke","Bukatira PS",1,6.46,993.54,"09-04-2025 15:44"
49412922,"BUKATIRA PS_190",,099008190,"Semuto , Nakaseke","Bukatira PS",0,0,1000,"09-04-2025 15:44"
49412922,"BUKATIRA PS_190",,099008190,"Semuto , Nakaseke","Bukatira PS",12586,0,0,"09-04-2025 15:43"
16475126,"BUKATIRA PS_178",,099008178,"Semuto , Nakaseke","Bukatira PS",2,3.76,933.18,"09-04-2025 15:43"
16475126,"BUKATIRA PS_178",,099008178,"Semuto , Nakaseke","Bukatira PS",1,63.06,936.94,"09-04-2025 15:43"
21218111,"BUKATIRA PS_181",,099008181,"Semuto , Nakaseke","Bukatira PS",2,15.45,944.46,"09-04-2025 15:39"
14116622,"BUKATIRA PS_018",,099008018,"Semuto , Nakaseke","Bukatira PS",10,36.58,850.22,"09-04-2025 15:38"
21218111,"BUKATIRA PS_181",,099008181,"Semuto , Nakaseke","Bukatira PS",1,40.09,959.91,"09-04-2025 15:36"
21218111,"BUKATIRA PS_181",,099008181,"Semuto , Nakaseke","Bukatira PS",0,0,1000,"09-04-2025 15:34"
84221162,"BUKATIRA PS_151",,099008151,"Semuto , Nakaseke","Bukatira PS",1,52.72,947.28,"09-04-2025 15:33"
84221162,"BUKATIRA PS_151",,099008151,"Semuto , Nakaseke","Bukatira PS",0,0,1000,"09-04-2025 15:30"
13245115,"BUKATIRA PS_177",,099008177,"Semuto , Nakaseke","Bukatira PS",2,39.14,959.75,"09-04-2025 15:30"
36149122,"BUKATIRA PS_166",,099008166,"Semuto , Nakaseke","Bukatira PS",4,49.9,902.59,"09-04-2025 15:28"
17392543,"BUKATIRA PS_007",,099008007,"Semuto , Nakaseke","Bukatira PS",8,14.36,660.7,"09-04-2025 15:24"
36149122,"BUKATIRA PS_166",,099008166,"Semuto , Nakaseke","Bukatira PS",3,8.8,952.49,"09-04-2025 15:23"
17392543,"BUKATIRA PS_007",,099008007,"Semuto , Nakaseke","Bukatira PS",7,128.81,675.06,"09-04-2025 15:23"
17392543,"BUKATIRA PS_007",,099008007,"Semuto , Nakaseke","Bukatira PS",6,4.46,803.86,"09-04-2025 15:15"
17392543,"BUKATIRA PS_007",,099008007,"Semuto , Nakaseke","Bukatira PS",5,67.47,808.32,"09-04-2025 15:15"
17392543,"BUKATIRA PS_007",,099008007,"Semuto , Nakaseke","Bukatira PS",4,115.42,875.79,"09-04-2025 15:11"
17392543,"BUKATIRA PS_007",,099008007,"Semuto , Nakaseke","Bukatira PS",3,0,991.21,"09-04-2025 15:02"
17392543,"BUKATIRA PS_007",,099008007,"Semuto , Nakaseke","Bukatira PS",3,2.97,991.21,"09-04-2025 15:02"
17392543,"BUKATIRA PS_007",,099008007,"Semuto , Nakaseke","Bukatira PS",2,0,994.18,"09-04-2025 15:01"
10030117,"BUKATIRA PS_163",,099008163,"Semuto , Nakaseke","Bukatira PS",1,79.03,920.97,"09-04-2025 15:01"
17392543,"BUKATIRA PS_007",,099008007,"Semuto , Nakaseke","Bukatira PS",2,0.79,994.18,"09-04-2025 14:56"
21811521,"BUKATIRA PS_094",,099008094,"Semuto , Nakaseke","Bukatira PS",1,82.79,917.21,"09-04-2025 14:56"
14116840,"BUKATIRA PS_035",,099008035,"Semuto , Nakaseke","Bukatira PS",5,3.48,574.4,"09-04-2025 14:51"
14116840,"BUKATIRA PS_035",,099008035,"Semuto , Nakaseke","Bukatira PS",4,146.78,577.87,"09-04-2025 14:51"
14116840,"BUKATIRA PS_035",,099008035,"Semuto , Nakaseke","Bukatira PS",3,191.55,724.65,"09-04-2025 14:43"
14116840,"BUKATIRA PS_035",,099008035,"Semuto , Nakaseke","Bukatira PS",2,6.56,916.2,"09-04-2025 14:31"
14116840,"BUKATIRA PS_035",,099008035,"Semuto , Nakaseke","Bukatira PS",1,77.25,922.75,"09-04-2025 14:31"
17392543,"BUKATIRA PS_007",,099008007,"Semuto , Nakaseke","Bukatira PS",1,5.03,994.97,"09-04-2025 14:26"
17392543,"BUKATIRA PS_007",,099008007,"Semuto , Nakaseke","Bukatira PS",0,0,1000,"09-04-2025 14:26"
20966422,"BUKATIRA PS_162",,099008162,"Semuto , Nakaseke","Bukatira PS",2,55.69,917.21,"09-04-2025 14:25"
20966422,"BUKATIRA PS_162",,099008162,"Semuto , Nakaseke","Bukatira PS",1,27.1,972.9,"09-04-2025 14:21"
20966422,"BUKATIRA PS_162",,099008162,"Semuto , Nakaseke","Bukatira PS",0,0,1000,"09-04-2025 14:19"
36149122,"BUKATIRA PS_166",,099008166,"Semuto , Nakaseke","Bukatira PS",2,0,961.29,"09-04-2025 14:15"
36149122,"BUKATIRA PS_166",,099008166,"Semuto , Nakaseke","Bukatira PS",2,0,961.29,"09-04-2025 14:10"
36149122,"BUKATIRA PS_166",,099008166,"Semuto , Nakaseke","Bukatira PS",2,0,961.29,"09-04-2025 14:09"
36149122,"BUKATIRA PS_166",,099008166,"Semuto , Nakaseke","Bukatira PS",2,0,961.29,"09-04-2025 14:08"
36149122,"BUKATIRA PS_166",,099008166,"Semuto , Nakaseke","Bukatira PS",2,19.88,961.29,"09-04-2025 14:08"
36149122,"BUKATIRA PS_166",,099008166,"Semuto , Nakaseke","Bukatira PS",1,0,981.17,"09-04-2025 14:06"
36149122,"BUKATIRA PS_166",,099008166,"Semuto , Nakaseke","Bukatira PS",1,18.83,981.17,"09-04-2025 14:06"
36149122,"BUKATIRA PS_166",,099008166,"Semuto , Nakaseke","Bukatira PS",0,0,1000,"09-04-2025 14:04"
11617612,"BUKATIRA PS_172",,099008172,"Semuto , Nakaseke","Bukatira PS",2,0.75,971.31,"09-04-2025 14:03"
11617612,"BUKATIRA PS_172",,099008172,"Semuto , Nakaseke","Bukatira PS",1,0,972.05,"09-04-2025 14:03"
11617612,"BUKATIRA PS_172",,099008172,"Semuto , Nakaseke","Bukatira PS",1,27.95,972.05,"09-04-2025 14:02"
11617612,"BUKATIRA PS_172",,099008172,"Semuto , Nakaseke","Bukatira PS",0,0,1000,"09-04-2025 14:00"
19617131,"BUKATIRA PS_159",,099008159,"Semuto , Nakaseke","Bukatira PS",3,91.86,669.46,"09-04-2025 13:45"
19617131,"BUKATIRA PS_159",,099008159,"Semuto , Nakaseke","Bukatira PS",2,132.91,761.32,"09-04-2025 13:39"
19617131,"BUKATIRA PS_159",,099008159,"Semuto , Nakaseke","Bukatira PS",1,0,894.23,"09-04-2025 13:28"
10010012,"BUKATIRA PS_198",,099008198,"Semuto , Nakaseke","Bukatira PS",3,12.21,834.87,"09-04-2025 13:27"
19617131,"BUKATIRA PS_159",,099008159,"Semuto , Nakaseke","Bukatira PS",1,105.77,894.23,"09-04-2025 13:26"
19617131,"BUKATIRA PS_159",,099008159,"Semuto , Nakaseke","Bukatira PS",0,0,1000,"09-04-2025 13:18"
15714111,"BUKATIRA PS_001",,099008001,"Semuto , Nakaseke","Bukatira PS",4,1.11,982.78,"09-04-2025 13:16"
15714111,"BUKATIRA PS_001",,099008001,"Semuto , Nakaseke","Bukatira PS",3,0,983.89,"09-04-2025 13:16"
15714111,"BUKATIRA PS_001",,099008001,"Semuto , Nakaseke","Bukatira PS",3,0.5,983.89,"09-04-2025 13:15"
84216121,"BUKATIRA PS_158",,099008158,"Semuto , Nakaseke","Bukatira PS",1,38.08,961.92,"09-04-2025 13:15"
84216121,"BUKATIRA PS_158",,099008158,"Semuto , Nakaseke","Bukatira PS",0,0,1000,"09-04-2025 13:13"
15714111,"BUKATIRA PS_001",,099008001,"Semuto , Nakaseke","Bukatira PS",3,0.62,983.89,"09-04-2025 13:12"
15714111,"BUKATIRA PS_001",,099008001,"Semuto , Nakaseke","Bukatira PS",2,2.87,984.51,"09-04-2025 13:12"
15714111,"BUKATIRA PS_001",,099008001,"Semuto , Nakaseke","Bukatira PS",1,0,987.37,"09-04-2025 13:12"
15714111,"BUKATIRA PS_001",,099008001,"Semuto , Nakaseke","Bukatira PS",1,0,987.37,"09-04-2025 13:12"
15714111,"BUKATIRA PS_001",,099008001,"Semuto , Nakaseke","Bukatira PS",1,12.63,987.37,"09-04-2025 13:11"
10010012,"BUKATIRA PS_198",,099008198,"Semuto , Nakaseke","Bukatira PS",2,55.35,847.08,"09-04-2025 13:11"
10010012,"BUKATIRA PS_198",,099008198,"Semuto , Nakaseke","Bukatira PS",1,0,902.43,"09-04-2025 13:07"
19635125,"BUKATIRA PS_165",,099008165,"Semuto , Nakaseke","Bukatira PS",1,42.18,957.82,"09-04-2025 13:04"
19635125,"BUKATIRA PS_165",,099008165,"Semuto , Nakaseke","Bukatira PS",0,0,1000,"09-04-2025 13:01"
36788322,"BUKATIRA PS_169",,099008169,"Semuto , Nakaseke","Bukatira PS",1,47.46,952.54,"09-04-2025 13:00"
36788322,"BUKATIRA PS_169",,099008169,"Semuto , Nakaseke","Bukatira PS",0,0,1000,"09-04-2025 12:57"
13217212,"BUKATIRA PS_195",,099008195,"Semuto , Nakaseke","Bukatira PS",4,23.14,931.7,"09-04-2025 12:57"
13217212,"BUKATIRA PS_195",,099008195,"Semuto , Nakaseke","Bukatira PS",3,0,954.84,"09-04-2025 12:55"
15721303,"BUKATIRA PS_013",,099008013,"Semuto , Nakaseke","Bukatira PS",1,2.57,997.43,"09-04-2025 12:53"
15721303,"BUKATIRA PS_013",,099008013,"Semuto , Nakaseke","Bukatira PS",0,0,1000,"09-04-2025 12:53"
10010012,"BUKATIRA PS_198",,099008198,"Semuto , Nakaseke","Bukatira PS",1,97.57,902.43,"09-04-2025 12:52"
10010012,"BUKATIRA PS_198",,099008198,"Semuto , Nakaseke","Bukatira PS",0,0,1000,"09-04-2025 12:45"
10010012,"BUKATIRA PS_198",,099008198,"Semuto , Nakaseke","Bukatira PS",12586,0,0,"09-04-2025 12:45"
15725366,"BUKATIRA PS_021",,099008021,"Semuto , Nakaseke","Bukatira PS",2,3.55,995.83,"09-04-2025 12:45"
15725366,"BUKATIRA PS_021",,099008021,"Semuto , Nakaseke","Bukatira PS",1,0,999.38,"09-04-2025 12:44"
13217212,"BUKATIRA PS_195",,099008195,"Semuto , Nakaseke","Bukatira PS",3,19.82,954.84,"09-04-2025 12:44"
13217212,"BUKATIRA PS_195",,099008195,"Semuto , Nakaseke","Bukatira PS",2,0,974.66,"09-04-2025 12:43"
13217212,"BUKATIRA PS_195",,099008195,"Semuto , Nakaseke","Bukatira PS",2,22.61,974.66,"09-04-2025 12:42"
13217212,"BUKATIRA PS_195",,099008195,"Semuto , Nakaseke","Bukatira PS",1,0,997.27,"09-04-2025 12:41"
15725366,"BUKATIRA PS_021",,099008021,"Semuto , Nakaseke","Bukatira PS",0,0,1000,"09-04-2025 12:39"
14125114,"BUKATIRA PS_050",,099008050,"Semuto , Nakaseke","Bukatira PS",0,0,1000,"09-04-2025 12:38"
15715147,"BUKATIRA PS_060",,099008060,"Semuto , Nakaseke","Bukatira PS",0,0.33,1000,"09-04-2025 12:38"
14118378,"BUKATIRA PS_038",,099008038,"Semuto , Nakaseke","Bukatira PS",0,0,1000,"09-04-2025 12:38"
14124618,"BUKATIRA PS_017",,099008017,"Semuto , Nakaseke","Bukatira PS",0,0,1000,"09-04-2025 12:37"
18024212,"BUKATIRA PS_153",,099008153,"Semuto , Nakaseke","Bukatira PS",0,0.11,1000,"09-04-2025 12:35"
41161292,"BUKATIRA PS_168",,099008168,"Semuto , Nakaseke","Bukatira PS",0,0,1000,"09-04-2025 12:35"
14815613,"BUKATIRA PS_182",,099008182,"Semuto , Nakaseke","Bukatira PS",0,0,1000,"09-04-2025 12:35"
24413212,"BUKATIRA PS_196",,099008196,"Semuto , Nakaseke","Bukatira PS",0,0,1000,"09-04-2025 12:35"
24413212,"BUKATIRA PS_196",,099008196,"Semuto , Nakaseke","Bukatira PS",12586,0,178.75,"09-04-2025 12:34"
16421812,"BUKATIRA PS_197",,099008197,"Semuto , Nakaseke","Bukatira PS",0,0,0,"09-04-2025 12:34"
13222312,"BUKATIRA PS_191",,099008191,"Semuto , Nakaseke","Bukatira PS",0,0,1000,"09-04-2025 12:34"
16421812,"BUKATIRA PS_197",,099008197,"Semuto , Nakaseke","Bukatira PS",0,0,0,"09-04-2025 12:34"
13222312,"BUKATIRA PS_191",,099008191,"Semuto , Nakaseke","Bukatira PS",12586,0,0,"09-04-2025 12:34"
84216121,"BUKATIRA PS_158",,099008158,"Semuto , Nakaseke","Bukatira PS",0,0,1000,"09-04-2025 12:34"
16421812,"BUKATIRA PS_197",,099008197,"Semuto , Nakaseke","Bukatira PS",263,0,0,"09-04-2025 12:33"
16421812,"BUKATIRA PS_197",,099008197,"Semuto , Nakaseke","Bukatira PS",0,0,1000,"09-04-2025 12:33"
16421812,"BUKATIRA PS_197",,099008197,"Semuto , Nakaseke","Bukatira PS",12586,0,0,"09-04-2025 12:33"
16421812,"BUKATIRA PS_197",,099008197,"Semuto , Nakaseke","Bukatira PS",0,0,0,"09-04-2025 12:33"
36150122,"BUKATIRA PS_193",,099008193,"Semuto , Nakaseke","Bukatira PS",1,1.74,998.26,"09-04-2025 12:32"
36150122,"BUKATIRA PS_193",,099008193,"Semuto , Nakaseke","Bukatira PS",0,0,0,"09-04-2025 12:32"
36150122,"BUKATIRA PS_193",,099008193,"Semuto , Nakaseke","Bukatira PS",0,0,0,"09-04-2025 12:31"
13216411,"BUKATIRA PS_185",,099008185,"Semuto , Nakaseke","Bukatira PS",0,0.46,1000,"09-04-2025 12:31"
14815411,"BUKATIRA PS_199",,099008199,"Semuto , Nakaseke","Bukatira PS",0,0,1000,"09-04-2025 12:31"
10025513,"BUKATIRA PS_154",,099008154,"Semuto , Nakaseke","Bukatira PS",0,0.02,1000,"09-04-2025 12:30"
14815411,"BUKATIRA PS_199",,099008199,"Semuto , Nakaseke","Bukatira PS",1962,0,0,"09-04-2025 12:30"
36149122,"BUKATIRA PS_166",,099008166,"Semuto , Nakaseke","Bukatira PS",0,0.06,1000,"09-04-2025 12:30"
36149122,"BUKATIRA PS_166",,099008166,"Semuto , Nakaseke","Bukatira PS",0,0,1000,"09-04-2025 12:30"
36149122,"BUKATIRA PS_166",,099008166,"Semuto , Nakaseke","Bukatira PS",0,0.13,1000,"09-04-2025 12:29"
13216411,"BUKATIRA PS_185",,099008185,"Semuto , Nakaseke","Bukatira PS",0,0,1000,"09-04-2025 12:29"
13216411,"BUKATIRA PS_185",,099008185,"Semuto , Nakaseke","Bukatira PS",0,0,0,"09-04-2025 12:29"
13216411,"BUKATIRA PS_185",,099008185,"Semuto , Nakaseke","Bukatira PS",0,0,0,"09-04-2025 12:28"
13210132,"BUKATIRA PS_187",,099008187,"Semuto , Nakaseke","Bukatira PS",1,1.75,998.25,"09-04-2025 12:28"
13210132,"BUKATIRA PS_187",,099008187,"Semuto , Nakaseke","Bukatira PS",12586,0,0,"09-04-2025 12:28"
16411412,"BUKATIRA PS_180",,099008180,"Semuto , Nakaseke","Bukatira PS",0,0,1000,"09-04-2025 12:28"
21217311,"BUKATIRA PS_164",,099008164,"Semuto , Nakaseke","Bukatira PS",0,0,1000,"09-04-2025 12:27"
16411412,"BUKATIRA PS_180",,099008180,"Semuto , Nakaseke","Bukatira PS",0,0,1000,"09-04-2025 12:27"
16411412,"BUKATIRA PS_180",,099008180,"Semuto , Nakaseke","Bukatira PS",0,0,1000,"09-04-2025 12:26"
13245115,"BUKATIRA PS_177",,099008177,"Semuto , Nakaseke","Bukatira PS",1,1.1,998.9,"09-04-2025 12:21"
36613122,"BUKATIRA PS_183",,099008183,"Semuto , Nakaseke","Bukatira PS",0,0,1000,"09-04-2025 12:21"
13245115,"BUKATIRA PS_177",,099008177,"Semuto , Nakaseke","Bukatira PS",0,0,1000,"09-04-2025 12:21"
84913122,"BUKATIRA PS_171",,099008171,"Semuto , Nakaseke","Bukatira PS",1,1.28,998.72,"09-04-2025 12:21"
36613122,"BUKATIRA PS_183",,099008183,"Semuto , Nakaseke","Bukatira PS",1,6.64,993.36,"09-04-2025 12:20"
20966422,"BUKATIRA PS_162",,099008162,"Semuto , Nakaseke","Bukatira PS",0,0.22,1000,"09-04-2025 12:20"
18030117,"BUKATIRA PS_174",,099008174,"Semuto , Nakaseke","Bukatira PS",0,0.01,1000,"09-04-2025 12:20"
18030117,"BUKATIRA PS_174",,099008174,"Semuto , Nakaseke","Bukatira PS",0,0,1000,"09-04-2025 12:19"
20966422,"BUKATIRA PS_162",,099008162,"Semuto , Nakaseke","Bukatira PS",0,0,1000,"09-04-2025 12:19"
19626117,"BUKATIRA PS_184",,099008184,"Semuto , Nakaseke","Bukatira PS",0,0,1000,"09-04-2025 12:18"
42071232,"BUKATIRA PS_176",,099008176,"Semuto , Nakaseke","Bukatira PS",0,0.11,1000,"09-04-2025 12:18"
21211722,"BUKATIRA PS_167",,099008167,"Semuto , Nakaseke","Bukatira PS",0,0,1000,"09-04-2025 12:17"
10015130,"BUKATIRA PS_152",,099008152,"Semuto , Nakaseke","Bukatira PS",0,0,1000,"09-04-2025 12:14"
18017123,"BUKATIRA PS_160",,099008160,"Semuto , Nakaseke","Bukatira PS",1,1.04,998.96,"09-04-2025 12:13"
18017123,"BUKATIRA PS_160",,099008160,"Semuto , Nakaseke","Bukatira PS",0,0,1000,"09-04-2025 12:13"
21218111,"BUKATIRA PS_181",,099008181,"Semuto , Nakaseke","Bukatira PS",0,0.27,1000,"09-04-2025 12:13"
13217212,"BUKATIRA PS_195",,099008195,"Semuto , Nakaseke","Bukatira PS",1,2.73,997.27,"09-04-2025 12:13"
13217212,"BUKATIRA PS_195",,099008195,"Semuto , Nakaseke","Bukatira PS",0,0,1000,"09-04-2025 12:12"
13217212,"BUKATIRA PS_195",,099008195,"Semuto , Nakaseke","Bukatira PS",0,0,0,"09-04-2025 12:12"
10021412,"BUKATIRA PS_194",,099008194,"Semuto , Nakaseke","Bukatira PS",1,3.17,996.83,"09-04-2025 12:10"
10021412,"BUKATIRA PS_194",,099008194,"Semuto , Nakaseke","Bukatira PS",0,0,1000,"09-04-2025 12:09"
10021412,"BUKATIRA PS_194",,099008194,"Semuto , Nakaseke","Bukatira PS",0,0,0,"09-04-2025 12:09"
11617612,"BUKATIRA PS_172",,099008172,"Semuto , Nakaseke","Bukatira PS",0,0,1000,"09-04-2025 12:06"
14819411,"BUKATIRA PS_155",,099008155,"Semuto , Nakaseke","Bukatira PS",0,0,1000,"09-04-2025 12:06"
24414712,"BUKATIRA PS_192",,099008192,"Semuto , Nakaseke","Bukatira PS",0,0,0,"09-04-2025 12:05"
24414712,"BUKATIRA PS_192",,099008192,"Semuto , Nakaseke","Bukatira PS",0,0,1000,"09-04-2025 12:05"
24414712,"BUKATIRA PS_192",,099008192,"Semuto , Nakaseke","Bukatira PS",1962,0,0,"09-04-2025 12:04"
16475126,"BUKATIRA PS_178",,099008178,"Semuto , Nakaseke","Bukatira PS",0,0,1000,"09-04-2025 12:04"
14116622,"BUKATIRA PS_018",,099008018,"Semuto , Nakaseke","Bukatira PS",9,0,886.8,"09-04-2025 12:02"
14116622,"BUKATIRA PS_018",,099008018,"Semuto , Nakaseke","Bukatira PS",9,6.55,886.8,"09-04-2025 12:02"
14116622,"BUKATIRA PS_018",,099008018,"Semuto , Nakaseke","Bukatira PS",8,6.29,893.35,"09-04-2025 12:01"
14116622,"BUKATIRA PS_018",,099008018,"Semuto , Nakaseke","Bukatira PS",7,0,899.64,"09-04-2025 12:01"
14116622,"BUKATIRA PS_018",,099008018,"Semuto , Nakaseke","Bukatira PS",7,31.77,899.64,"09-04-2025 12:00"
14116622,"BUKATIRA PS_018",,099008018,"Semuto , Nakaseke","Bukatira PS",6,17.31,931.41,"09-04-2025 11:59"
14116622,"BUKATIRA PS_018",,099008018,"Semuto , Nakaseke","Bukatira PS",5,1.95,948.72,"09-04-2025 11:57"
14116622,"BUKATIRA PS_018",,099008018,"Semuto , Nakaseke","Bukatira PS",4,34.77,950.67,"09-04-2025 11:57"
14116622,"BUKATIRA PS_018",,099008018,"Semuto , Nakaseke","Bukatira PS",3,0,985.44,"09-04-2025 11:54"
14116622,"BUKATIRA PS_018",,099008018,"Semuto , Nakaseke","Bukatira PS",3,1.91,985.44,"09-04-2025 11:52"
14116622,"BUKATIRA PS_018",,099008018,"Semuto , Nakaseke","Bukatira PS",2,0,987.36,"09-04-2025 11:52"
14116622,"BUKATIRA PS_018",,099008018,"Semuto , Nakaseke","Bukatira PS",2,3.84,987.36,"09-04-2025 11:51"
14116622,"BUKATIRA PS_018",,099008018,"Semuto , Nakaseke","Bukatira PS",1,0,991.2,"09-04-2025 11:49"
14116622,"BUKATIRA PS_018",,099008018,"Semuto , Nakaseke","Bukatira PS",1,0,991.2,"09-04-2025 11:48"
14116622,"BUKATIRA PS_018",,099008018,"Semuto , Nakaseke","Bukatira PS",1,8.8,991.2,"09-04-2025 11:39"
14116622,"BUKATIRA PS_018",,099008018,"Semuto , Nakaseke","Bukatira PS",0,0,1000,"09-04-2025 11:39"
14116622,"BUKATIRA PS_018",,099008018,"Semuto , Nakaseke","Bukatira PS",0,0,1000,"09-04-2025 11:33"
14116622,"BUKATIRA PS_018",,099008018,"Semuto , Nakaseke","Bukatira PS",0,0,1000,"09-04-2025 11:33"
14116622,"BUKATIRA PS_018",,099008018,"Semuto , Nakaseke","Bukatira PS",0,0,1000,"09-04-2025 11:31"
14116622,"BUKATIRA PS_018",,099008018,"Semuto , Nakaseke","Bukatira PS",0,0,1000,"09-04-2025 11:31"
14116622,"BUKATIRA PS_018",,099008018,"Semuto , Nakaseke","Bukatira PS",0,0,1000,"09-04-2025 11:20"
14116622,"BUKATIRA PS_018",,099008018,"Semuto , Nakaseke","Bukatira PS",0,0,1000,"09-04-2025 11:18"
14116622,"BUKATIRA PS_018",,099008018,"Semuto , Nakaseke","Bukatira PS",0,0,1000,"09-04-2025 11:10"
14116622,"BUKATIRA PS_018",,099008018,"Semuto , Nakaseke","Bukatira PS",0,0,1000,"09-04-2025 10:58"
14116622,"BUKATIRA PS_018",,099008018,"Semuto , Nakaseke","Bukatira PS",0,0,1000,"09-04-2025 10:56"
14116622,"BUKATIRA PS_018",,099008018,"Semuto , Nakaseke","Bukatira PS",0,0,1000,"09-04-2025 10:56"
14116622,"BUKATIRA PS_018",,099008018,"Semuto , Nakaseke","Bukatira PS",0,0,1000,"09-04-2025 10:54"
14116622,"BUKATIRA PS_018",,099008018,"Semuto , Nakaseke","Bukatira PS",0,0,1000,"09-04-2025 10:52"
14116622,"BUKATIRA PS_018",,099008018,"Semuto , Nakaseke","Bukatira PS",0,0,1000,"09-04-2025 10:52"
14116622,"BUKATIRA PS_018",,099008018,"Semuto , Nakaseke","Bukatira PS",0,0,1000,"09-04-2025 10:50"
14116622,"BUKATIRA PS_018",,099008018,"Semuto , Nakaseke","Bukatira PS",0,0,1000,"09-04-2025 10:48"
14116622,"BUKATIRA PS_018",,099008018,"Semuto , Nakaseke","Bukatira PS",0,0,1000,"09-04-2025 10:48"
14116622,"BUKATIRA PS_018",,099008018,"Semuto , Nakaseke","Bukatira PS",0,0,1000,"09-04-2025 10:48"
14116622,"BUKATIRA PS_018",,099008018,"Semuto , Nakaseke","Bukatira PS",0,0,1000,"09-04-2025 10:48"
14114725,"BUKATIRA PS_012",,099008012,"Semuto , Nakaseke","Bukatira PS",0,0,1000,"09-04-2025 10:47"
14116622,"BUKATIRA PS_018",,099008018,"Semuto , Nakaseke","Bukatira PS",0,0,1000,"09-04-2025 10:47"
14116622,"BUKATIRA PS_018",,099008018,"Semuto , Nakaseke","Bukatira PS",0,0,1000,"09-04-2025 10:47"
14114725,"BUKATIRA PS_012",,099008012,"Semuto , Nakaseke","Bukatira PS",0,0,1000,"09-04-2025 10:47"
14114725,"BUKATIRA PS_012",,099008012,"Semuto , Nakaseke","Bukatira PS",0,0,1000,"09-04-2025 10:46"
14114943,"BUKATIRA PS_042",,099008042,"Semuto , Nakaseke","Bukatira PS",0,0,1000,"08-04-2025 12:56"
84221162,"BUKATIRA PS_151",,099008151,"Semuto , Nakaseke","Bukatira PS",0,0,1000,"08-04-2025 12:55"
18024212,"BUKATIRA PS_153",,099008153,"Semuto , Nakaseke","Bukatira PS",0,0,1000,"08-04-2025 12:54"
84221162,"BUKATIRA PS_151",,099008151,"Semuto , Nakaseke","Bukatira PS",0,0,1000,"08-04-2025 12:54"
14120410,"BUKATIRA PS_072",,099008072,"Semuto , Nakaseke","Bukatira PS",0,0,1000,"08-04-2025 12:53"
14111623,"BUKATIRA PS_037",,099008037,"Semuto , Nakaseke","Bukatira PS",4,0,977.51,"08-04-2025 12:53"
19541250,"BUKATIRA PS_100",,099008100,"Semuto , Nakaseke","Bukatira PS",0,0,1000,"08-04-2025 12:52"
14111623,"BUKATIRA PS_037",,099008037,"Semuto , Nakaseke","Bukatira PS",4,9.83,977.51,"08-04-2025 12:45"
14111623,"BUKATIRA PS_037",,099008037,"Semuto , Nakaseke","Bukatira PS",3,0,987.33,"08-04-2025 12:44"
14111623,"BUKATIRA PS_037",,099008037,"Semuto , Nakaseke","Bukatira PS",3,2.26,987.33,"08-04-2025 12:43"
14111623,"BUKATIRA PS_037",,099008037,"Semuto , Nakaseke","Bukatira PS",2,0,989.59,"08-04-2025 12:42"
14111623,"BUKATIRA PS_037",,099008037,"Semuto , Nakaseke","Bukatira PS",2,0,989.59,"08-04-2025 12:42"
14111623,"BUKATIRA PS_037",,099008037,"Semuto , Nakaseke","Bukatira PS",2,8,989.59,"08-04-2025 12:39"
14111623,"BUKATIRA PS_037",,099008037,"Semuto , Nakaseke","Bukatira PS",1,0,997.59,"08-04-2025 12:37"
14111623,"BUKATIRA PS_037",,099008037,"Semuto , Nakaseke","Bukatira PS",1,2.41,997.59,"08-04-2025 12:35"
14111623,"BUKATIRA PS_037",,099008037,"Semuto , Nakaseke","Bukatira PS",0,0,1000,"08-04-2025 12:34"
14111623,"BUKATIRA PS_037",,099008037,"Semuto , Nakaseke","Bukatira PS",0,0,1000,"08-04-2025 12:34"
14111623,"BUKATIRA PS_037",,099008037,"Semuto , Nakaseke","Bukatira PS",0,0,1000,"08-04-2025 12:34"
14111623,"BUKATIRA PS_037",,099008037,"Semuto , Nakaseke","Bukatira PS",0,0,1000,"08-04-2025 12:32"
14114943,"BUKATIRA PS_042",,099008042,"Semuto , Nakaseke","Bukatira PS",0,0.02,1000,"08-04-2025 12:17"
14114943,"BUKATIRA PS_042",,099008042,"Semuto , Nakaseke","Bukatira PS",0,0,1000,"08-04-2025 12:16"
15725433,"BUKATIRA PS_020",,099008020,"Semuto , Nakaseke","Bukatira PS",0,0,1000,"08-04-2025 12:16"
15710823,"BUKATIRA PS_046",,099008046,"Semuto , Nakaseke","Bukatira PS",0,0,1000,"08-04-2025 12:15"
15710823,"BUKATIRA PS_046",,099008046,"Semuto , Nakaseke","Bukatira PS",0,0,1000,"08-04-2025 12:11"
